condition,replicate,locus,ils,sequence_length,analysis_model,support,correct,split_size
ils=low|rep=01|length=200|model=gtr_g4,1,1,low,200,gtr_g4,,False,2
ils=low|rep=01|length=200|model=gtr_g4,1,1,low,200,gtr_g4,,False,3
ils=low|rep=01|length=200|model=gtr_g4,1,1,low,200,gtr_g4,,False,4
ils=low|rep=01|length=200|model=gtr_g4,1,1,low,200,gtr_g4,,False,5
ils=low|rep=01|length=200|model=gtr_g4,1,1,low,200,gtr_g4,,False,6
ils=low|rep=01|length=200|model=gtr_g4,1,1,low,200,gtr_g4,,False,7
ils=low|rep=01|length=200|model=gtr_g4,1,1,low,200,gtr_g4,0.333,False,8
ils=low|rep=01|length=200|model=gtr_g4,1,1,low,200,gtr_g4,0.333,False,3
ils=low|rep=01|length=200|model=gtr_g4,1,1,low,200,gtr_g4,0.333,False,2
ils=low|rep=01|length=200|model=gtr_g4,1,1,low,200,gtr_g4,0.333,True,10
ils=low|rep=01|length=200|model=gtr_g4,1,1,low,200,gtr_g4,0.986,True,7
ils=low|rep=01|length=200|model=gtr_g4,1,1,low,200,gtr_g4,0.333,False,5
ils=low|rep=01|length=200|model=gtr_g4,1,1,low,200,gtr_g4,0.333,False,4
ils=low|rep=01|length=200|model=gtr_g4,1,1,low,200,gtr_g4,0.333,False,3
ils=low|rep=01|length=200|model=gtr_g4,1,1,low,200,gtr_g4,0.99,False,2
ils=low|rep=01|length=200|model=gtr_g4,1,1,low,200,gtr_g4,0.998,True,2
ils=low|rep=01|length=200|model=gtr_g4,1,1,low,200,gtr_g4,0.911,True,3
ils=low|rep=01|length=200|model=gtr_g4,1,1,low,200,gtr_g4,0.975,True,2
ils=low|rep=01|length=200|model=gtr_g4,1,2,low,200,gtr_g4,,False,2
ils=low|rep=01|length=200|model=gtr_g4,1,2,low,200,gtr_g4,,False,3
ils=low|rep=01|length=200|model=gtr_g4,1,2,low,200,gtr_g4,,False,4
ils=low|rep=01|length=200|model=gtr_g4,1,2,low,200,gtr_g4,,False,5
ils=low|rep=01|length=200|model=gtr_g4,1,2,low,200,gtr_g4,,False,6
ils=low|rep=01|length=200|model=gtr_g4,1,2,low,200,gtr_g4,0.333,False,7
ils=low|rep=01|length=200|model=gtr_g4,1,2,low,200,gtr_g4,0.333,False,10
ils=low|rep=01|length=200|model=gtr_g4,1,2,low,200,gtr_g4,0.333,False,7
ils=low|rep=01|length=200|model=gtr_g4,1,2,low,200,gtr_g4,0.973,True,6
ils=low|rep=01|length=200|model=gtr_g4,1,2,low,200,gtr_g4,0.333,False,5
ils=low|rep=01|length=200|model=gtr_g4,1,2,low,200,gtr_g4,0.333,False,4
ils=low|rep=01|length=200|model=gtr_g4,1,2,low,200,gtr_g4,,False,3
ils=low|rep=01|length=200|model=gtr_g4,1,2,low,200,gtr_g4,,False,2
ils=low|rep=01|length=200|model=gtr_g4,1,2,low,200,gtr_g4,0.333,False,4
ils=low|rep=01|length=200|model=gtr_g4,1,2,low,200,gtr_g4,0.569,False,2
ils=low|rep=01|length=200|model=gtr_g4,1,2,low,200,gtr_g4,0.985,True,2
ils=low|rep=01|length=200|model=gtr_g4,1,2,low,200,gtr_g4,0.333,False,3
ils=low|rep=01|length=200|model=gtr_g4,1,2,low,200,gtr_g4,0.333,False,2
ils=low|rep=01|length=200|model=gtr_g4,1,3,low,200,gtr_g4,,False,2
ils=low|rep=01|length=200|model=gtr_g4,1,3,low,200,gtr_g4,,False,3
ils=low|rep=01|length=200|model=gtr_g4,1,3,low,200,gtr_g4,,False,4
ils=low|rep=01|length=200|model=gtr_g4,1,3,low,200,gtr_g4,,False,5
ils=low|rep=01|length=200|model=gtr_g4,1,3,low,200,gtr_g4,,False,6
ils=low|rep=01|length=200|model=gtr_g4,1,3,low,200,gtr_g4,,False,7
ils=low|rep=01|length=200|model=gtr_g4,1,3,low,200,gtr_g4,,False,8
ils=low|rep=01|length=200|model=gtr_g4,1,3,low,200,gtr_g4,,False,9
ils=low|rep=01|length=200|model=gtr_g4,1,3,low,200,gtr_g4,0.333,False,5
ils=low|rep=01|length=200|model=gtr_g4,1,3,low,200,gtr_g4,0.333,False,4
ils=low|rep=01|length=200|model=gtr_g4,1,3,low,200,gtr_g4,0.333,False,2
ils=low|rep=01|length=200|model=gtr_g4,1,3,low,200,gtr_g4,0.333,False,2
ils=low|rep=01|length=200|model=gtr_g4,1,3,low,200,gtr_g4,0.333,False,7
ils=low|rep=01|length=200|model=gtr_g4,1,3,low,200,gtr_g4,1.0,True,6
ils=low|rep=01|length=200|model=gtr_g4,1,3,low,200,gtr_g4,0.333,False,5
ils=low|rep=01|length=200|model=gtr_g4,1,3,low,200,gtr_g4,0.333,True,4
ils=low|rep=01|length=200|model=gtr_g4,1,3,low,200,gtr_g4,,False,3
ils=low|rep=01|length=200|model=gtr_g4,1,3,low,200,gtr_g4,,False,2
ils=low|rep=01|length=200|model=gtr_g4,1,4,low,200,gtr_g4,,False,2
ils=low|rep=01|length=200|model=gtr_g4,1,4,low,200,gtr_g4,,False,3
ils=low|rep=01|length=200|model=gtr_g4,1,4,low,200,gtr_g4,,False,4
ils=low|rep=01|length=200|model=gtr_g4,1,4,low,200,gtr_g4,,False,5
ils=low|rep=01|length=200|model=gtr_g4,1,4,low,200,gtr_g4,,False,6
ils=low|rep=01|length=200|model=gtr_g4,1,4,low,200,gtr_g4,,False,7
ils=low|rep=01|length=200|model=gtr_g4,1,4,low,200,gtr_g4,,False,8
ils=low|rep=01|length=200|model=gtr_g4,1,4,low,200,gtr_g4,,False,9
ils=low|rep=01|length=200|model=gtr_g4,1,4,low,200,gtr_g4,,False,10
ils=low|rep=01|length=200|model=gtr_g4,1,4,low,200,gtr_g4,0.333,False,6
ils=low|rep=01|length=200|model=gtr_g4,1,4,low,200,gtr_g4,0.333,False,4
ils=low|rep=01|length=200|model=gtr_g4,1,4,low,200,gtr_g4,1.0,False,3
ils=low|rep=01|length=200|model=gtr_g4,1,4,low,200,gtr_g4,,False,2
ils=low|rep=01|length=200|model=gtr_g4,1,4,low,200,gtr_g4,0.333,False,2
ils=low|rep=01|length=200|model=gtr_g4,1,4,low,200,gtr_g4,0.333,False,5
ils=low|rep=01|length=200|model=gtr_g4,1,4,low,200,gtr_g4,0.333,False,4
ils=low|rep=01|length=200|model=gtr_g4,1,4,low,200,gtr_g4,0.333,False,2
ils=low|rep=01|length=200|model=gtr_g4,1,4,low,200,gtr_g4,0.333,False,2
ils=low|rep=01|length=200|model=gtr_g4,1,5,low,200,gtr_g4,0.333,False,7
ils=low|rep=01|length=200|model=gtr_g4,1,5,low,200,gtr_g4,0.333,False,8
ils=low|rep=01|length=200|model=gtr_g4,1,5,low,200,gtr_g4,,False,9
ils=low|rep=01|length=200|model=gtr_g4,1,5,low,200,gtr_g4,,False,10
ils=low|rep=01|length=200|model=gtr_g4,1,5,low,200,gtr_g4,,False,10
ils=low|rep=01|length=200|model=gtr_g4,1,5,low,200,gtr_g4,,False,9
ils=low|rep=01|length=200|model=gtr_g4,1,5,low,200,gtr_g4,,False,8
ils=low|rep=01|length=200|model=gtr_g4,1,5,low,200,gtr_g4,,False,7
ils=low|rep=01|length=200|model=gtr_g4,1,5,low,200,gtr_g4,,False,6
ils=low|rep=01|length=200|model=gtr_g4,1,5,low,200,gtr_g4,,False,5
ils=low|rep=01|length=200|model=gtr_g4,1,5,low,200,gtr_g4,,False,4
ils=low|rep=01|length=200|model=gtr_g4,1,5,low,200,gtr_g4,,False,3
ils=low|rep=01|length=200|model=gtr_g4,1,5,low,200,gtr_g4,,False,2
ils=low|rep=01|length=200|model=gtr_g4,1,5,low,200,gtr_g4,0.975,True,6
ils=low|rep=01|length=200|model=gtr_g4,1,5,low,200,gtr_g4,0.992,True,5
ils=low|rep=01|length=200|model=gtr_g4,1,5,low,200,gtr_g4,0.333,False,3
ils=low|rep=01|length=200|model=gtr_g4,1,5,low,200,gtr_g4,,False,2
ils=low|rep=01|length=200|model=gtr_g4,1,5,low,200,gtr_g4,0.333,False,2
ils=low|rep=01|length=200|model=gtr_g4,1,6,low,200,gtr_g4,0.333,False,2
ils=low|rep=01|length=200|model=gtr_g4,1,6,low,200,gtr_g4,0.333,False,3
ils=low|rep=01|length=200|model=gtr_g4,1,6,low,200,gtr_g4,0.333,False,6
ils=low|rep=01|length=200|model=gtr_g4,1,6,low,200,gtr_g4,,False,5
ils=low|rep=01|length=200|model=gtr_g4,1,6,low,200,gtr_g4,,False,4
ils=low|rep=01|length=200|model=gtr_g4,1,6,low,200,gtr_g4,,False,3
ils=low|rep=01|length=200|model=gtr_g4,1,6,low,200,gtr_g4,,False,2
ils=low|rep=01|length=200|model=gtr_g4,1,6,low,200,gtr_g4,0.333,False,9
ils=low|rep=01|length=200|model=gtr_g4,1,6,low,200,gtr_g4,1.0,True,6
ils=low|rep=01|length=200|model=gtr_g4,1,6,low,200,gtr_g4,,False,5
ils=low|rep=01|length=200|model=gtr_g4,1,6,low,200,gtr_g4,,False,4
ils=low|rep=01|length=200|model=gtr_g4,1,6,low,200,gtr_g4,,False,3
ils=low|rep=01|length=200|model=gtr_g4,1,6,low,200,gtr_g4,,False,2
ils=low|rep=01|length=200|model=gtr_g4,1,6,low,200,gtr_g4,0.995,True,6
ils=low|rep=01|length=200|model=gtr_g4,1,6,low,200,gtr_g4,0.333,False,5
ils=low|rep=01|length=200|model=gtr_g4,1,6,low,200,gtr_g4,0.333,False,3
ils=low|rep=01|length=200|model=gtr_g4,1,6,low,200,gtr_g4,,False,2
ils=low|rep=01|length=200|model=gtr_g4,1,6,low,200,gtr_g4,0.999,True,2
ils=low|rep=01|length=200|model=gtr_g4,1,7,low,200,gtr_g4,,False,2
ils=low|rep=01|length=200|model=gtr_g4,1,7,low,200,gtr_g4,,False,3
ils=low|rep=01|length=200|model=gtr_g4,1,7,low,200,gtr_g4,,False,4
ils=low|rep=01|length=200|model=gtr_g4,1,7,low,200,gtr_g4,,False,5
ils=low|rep=01|length=200|model=gtr_g4,1,7,low,200,gtr_g4,,False,6
ils=low|rep=01|length=200|model=gtr_g4,1,7,low,200,gtr_g4,,False,7
ils=low|rep=01|length=200|model=gtr_g4,1,7,low,200,gtr_g4,,False,8
ils=low|rep=01|length=200|model=gtr_g4,1,7,low,200,gtr_g4,,False,9
ils=low|rep=01|length=200|model=gtr_g4,1,7,low,200,gtr_g4,,False,10
ils=low|rep=01|length=200|model=gtr_g4,1,7,low,200,gtr_g4,,False,10
ils=low|rep=01|length=200|model=gtr_g4,1,7,low,200,gtr_g4,,False,9
ils=low|rep=01|length=200|model=gtr_g4,1,7,low,200,gtr_g4,,False,8
ils=low|rep=01|length=200|model=gtr_g4,1,7,low,200,gtr_g4,,False,7
ils=low|rep=01|length=200|model=gtr_g4,1,7,low,200,gtr_g4,0.333,False,6
ils=low|rep=01|length=200|model=gtr_g4,1,7,low,200,gtr_g4,0.333,False,4
ils=low|rep=01|length=200|model=gtr_g4,1,7,low,200,gtr_g4,0.983,True,3
ils=low|rep=01|length=200|model=gtr_g4,1,7,low,200,gtr_g4,0.333,False,2
ils=low|rep=01|length=200|model=gtr_g4,1,7,low,200,gtr_g4,0.333,False,2
ils=low|rep=01|length=200|model=gtr,1,1,low,200,gtr,,False,2
ils=low|rep=01|length=200|model=gtr,1,1,low,200,gtr,,False,3
ils=low|rep=01|length=200|model=gtr,1,1,low,200,gtr,,False,4
ils=low|rep=01|length=200|model=gtr,1,1,low,200,gtr,,False,5
ils=low|rep=01|length=200|model=gtr,1,1,low,200,gtr,,False,6
ils=low|rep=01|length=200|model=gtr,1,1,low,200,gtr,,False,7
ils=low|rep=01|length=200|model=gtr,1,1,low,200,gtr,0.333,False,8
ils=low|rep=01|length=200|model=gtr,1,1,low,200,gtr,0.333,False,3
ils=low|rep=01|length=200|model=gtr,1,1,low,200,gtr,0.333,False,2
ils=low|rep=01|length=200|model=gtr,1,1,low,200,gtr,0.333,True,10
ils=low|rep=01|length=200|model=gtr,1,1,low,200,gtr,0.991,True,7
ils=low|rep=01|length=200|model=gtr,1,1,low,200,gtr,0.333,False,5
ils=low|rep=01|length=200|model=gtr,1,1,low,200,gtr,0.333,False,3
ils=low|rep=01|length=200|model=gtr,1,1,low,200,gtr,0.995,False,2
ils=low|rep=01|length=200|model=gtr,1,1,low,200,gtr,0.333,False,2
ils=low|rep=01|length=200|model=gtr,1,1,low,200,gtr,0.998,True,2
ils=low|rep=01|length=200|model=gtr,1,1,low,200,gtr,0.943,True,3
ils=low|rep=01|length=200|model=gtr,1,1,low,200,gtr,0.985,True,2
ils=low|rep=01|length=200|model=gtr,1,2,low,200,gtr,,False,2
ils=low|rep=01|length=200|model=gtr,1,2,low,200,gtr,,False,3
ils=low|rep=01|length=200|model=gtr,1,2,low,200,gtr,,False,4
ils=low|rep=01|length=200|model=gtr,1,2,low,200,gtr,,False,5
ils=low|rep=01|length=200|model=gtr,1,2,low,200,gtr,,False,6
ils=low|rep=01|length=200|model=gtr,1,2,low,200,gtr,0.333,False,7
ils=low|rep=01|length=200|model=gtr,1,2,low,200,gtr,0.333,False,6
ils=low|rep=01|length=200|model=gtr,1,2,low,200,gtr,0.333,False,3
ils=low|rep=01|length=200|model=gtr,1,2,low,200,gtr,1.0,True,2
ils=low|rep=01|length=200|model=gtr,1,2,low,200,gtr,0.333,False,3
ils=low|rep=01|length=200|model=gtr,1,2,low,200,gtr,0.334,False,2
ils=low|rep=01|length=200|model=gtr,1,2,low,200,gtr,0.333,False,8
ils=low|rep=01|length=200|model=gtr,1,2,low,200,gtr,0.333,False,2
ils=low|rep=01|length=200|model=gtr,1,2,low,200,gtr,0.992,True,6
ils=low|rep=01|length=200|model=gtr,1,2,low,200,gtr,0.333,False,5
ils=low|rep=01|length=200|model=gtr,1,2,low,200,gtr,0.333,False,4
ils=low|rep=01|length=200|model=gtr,1,2,low,200,gtr,,False,3
ils=low|rep=01|length=200|model=gtr,1,2,low,200,gtr,,False,2
ils=low|rep=01|length=200|model=gtr,1,3,low,200,gtr,,False,2
ils=low|rep=01|length=200|model=gtr,1,3,low,200,gtr,,False,3
ils=low|rep=01|length=200|model=gtr,1,3,low,200,gtr,,False,4
ils=low|rep=01|length=200|model=gtr,1,3,low,200,gtr,,False,5
ils=low|rep=01|length=200|model=gtr,1,3,low,200,gtr,,False,6
ils=low|rep=01|length=200|model=gtr,1,3,low,200,gtr,,False,7
ils=low|rep=01|length=200|model=gtr,1,3,low,200,gtr,,False,8
ils=low|rep=01|length=200|model=gtr,1,3,low,200,gtr,,False,9
ils=low|rep=01|length=200|model=gtr,1,3,low,200,gtr,0.333,False,10
ils=low|rep=01|length=200|model=gtr,1,3,low,200,gtr,0.333,False,9
ils=low|rep=01|length=200|model=gtr,1,3,low,200,gtr,0.333,False,2
ils=low|rep=01|length=200|model=gtr,1,3,low,200,gtr,0.333,False,7
ils=low|rep=01|length=200|model=gtr,1,3,low,200,gtr,1.0,True,6
ils=low|rep=01|length=200|model=gtr,1,3,low,200,gtr,0.333,False,5
ils=low|rep=01|length=200|model=gtr,1,3,low,200,gtr,0.333,True,4
ils=low|rep=01|length=200|model=gtr,1,3,low,200,gtr,,False,3
ils=low|rep=01|length=200|model=gtr,1,3,low,200,gtr,,False,2
ils=low|rep=01|length=200|model=gtr,1,3,low,200,gtr,0.333,False,2
ils=low|rep=01|length=200|model=gtr,1,4,low,200,gtr,,False,2
ils=low|rep=01|length=200|model=gtr,1,4,low,200,gtr,,False,3
ils=low|rep=01|length=200|model=gtr,1,4,low,200,gtr,,False,4
ils=low|rep=01|length=200|model=gtr,1,4,low,200,gtr,,False,5
ils=low|rep=01|length=200|model=gtr,1,4,low,200,gtr,,False,6
ils=low|rep=01|length=200|model=gtr,1,4,low,200,gtr,,False,7
ils=low|rep=01|length=200|model=gtr,1,4,low,200,gtr,,False,8
ils=low|rep=01|length=200|model=gtr,1,4,low,200,gtr,,False,9
ils=low|rep=01|length=200|model=gtr,1,4,low,200,gtr,,False,10
ils=low|rep=01|length=200|model=gtr,1,4,low,200,gtr,0.333,False,7
ils=low|rep=01|length=200|model=gtr,1,4,low,200,gtr,0.333,False,6
ils=low|rep=01|length=200|model=gtr,1,4,low,200,gtr,0.333,False,4
ils=low|rep=01|length=200|model=gtr,1,4,low,200,gtr,1.0,False,3
ils=low|rep=01|length=200|model=gtr,1,4,low,200,gtr,,False,2
ils=low|rep=01|length=200|model=gtr,1,4,low,200,gtr,0.333,False,2
ils=low|rep=01|length=200|model=gtr,1,4,low,200,gtr,0.333,False,4
ils=low|rep=01|length=200|model=gtr,1,4,low,200,gtr,0.333,False,2
ils=low|rep=01|length=200|model=gtr,1,4,low,200,gtr,0.333,False,2
ils=low|rep=01|length=200|model=gtr,1,5,low,200,gtr,0.333,False,7
ils=low|rep=01|length=200|model=gtr,1,5,low,200,gtr,0.333,False,8
ils=low|rep=01|length=200|model=gtr,1,5,low,200,gtr,,False,9
ils=low|rep=01|length=200|model=gtr,1,5,low,200,gtr,,False,10
ils=low|rep=01|length=200|model=gtr,1,5,low,200,gtr,,False,10
ils=low|rep=01|length=200|model=gtr,1,5,low,200,gtr,,False,9
ils=low|rep=01|length=200|model=gtr,1,5,low,200,gtr,,False,8
ils=low|rep=01|length=200|model=gtr,1,5,low,200,gtr,,False,7
ils=low|rep=01|length=200|model=gtr,1,5,low,200,gtr,,False,6
ils=low|rep=01|length=200|model=gtr,1,5,low,200,gtr,,False,5
ils=low|rep=01|length=200|model=gtr,1,5,low,200,gtr,,False,4
ils=low|rep=01|length=200|model=gtr,1,5,low,200,gtr,,False,3
ils=low|rep=01|length=200|model=gtr,1,5,low,200,gtr,,False,2
ils=low|rep=01|length=200|model=gtr,1,5,low,200,gtr,0.975,True,6
ils=low|rep=01|length=200|model=gtr,1,5,low,200,gtr,0.992,True,5
ils=low|rep=01|length=200|model=gtr,1,5,low,200,gtr,0.333,False,3
ils=low|rep=01|length=200|model=gtr,1,5,low,200,gtr,,False,2
ils=low|rep=01|length=200|model=gtr,1,5,low,200,gtr,0.333,False,2
ils=low|rep=01|length=200|model=gtr,1,6,low,200,gtr,0.333,False,2
ils=low|rep=01|length=200|model=gtr,1,6,low,200,gtr,0.333,False,3
ils=low|rep=01|length=200|model=gtr,1,6,low,200,gtr,0.333,False,6
ils=low|rep=01|length=200|model=gtr,1,6,low,200,gtr,,False,5
ils=low|rep=01|length=200|model=gtr,1,6,low,200,gtr,,False,4
ils=low|rep=01|length=200|model=gtr,1,6,low,200,gtr,,False,3
ils=low|rep=01|length=200|model=gtr,1,6,low,200,gtr,,False,2
ils=low|rep=01|length=200|model=gtr,1,6,low,200,gtr,0.333,False,9
ils=low|rep=01|length=200|model=gtr,1,6,low,200,gtr,1.0,True,6
ils=low|rep=01|length=200|model=gtr,1,6,low,200,gtr,,False,5
ils=low|rep=01|length=200|model=gtr,1,6,low,200,gtr,,False,4
ils=low|rep=01|length=200|model=gtr,1,6,low,200,gtr,,False,3
ils=low|rep=01|length=200|model=gtr,1,6,low,200,gtr,,False,2
ils=low|rep=01|length=200|model=gtr,1,6,low,200,gtr,0.995,True,6
ils=low|rep=01|length=200|model=gtr,1,6,low,200,gtr,0.333,False,5
ils=low|rep=01|length=200|model=gtr,1,6,low,200,gtr,0.333,False,3
ils=low|rep=01|length=200|model=gtr,1,6,low,200,gtr,,False,2
ils=low|rep=01|length=200|model=gtr,1,6,low,200,gtr,0.999,True,2
ils=low|rep=01|length=200|model=gtr,1,7,low,200,gtr,,False,2
ils=low|rep=01|length=200|model=gtr,1,7,low,200,gtr,,False,3
ils=low|rep=01|length=200|model=gtr,1,7,low,200,gtr,,False,4
ils=low|rep=01|length=200|model=gtr,1,7,low,200,gtr,,False,5
ils=low|rep=01|length=200|model=gtr,1,7,low,200,gtr,,False,6
ils=low|rep=01|length=200|model=gtr,1,7,low,200,gtr,,False,7
ils=low|rep=01|length=200|model=gtr,1,7,low,200,gtr,,False,8
ils=low|rep=01|length=200|model=gtr,1,7,low,200,gtr,,False,9
ils=low|rep=01|length=200|model=gtr,1,7,low,200,gtr,,False,10
ils=low|rep=01|length=200|model=gtr,1,7,low,200,gtr,,False,10
ils=low|rep=01|length=200|model=gtr,1,7,low,200,gtr,,False,9
ils=low|rep=01|length=200|model=gtr,1,7,low,200,gtr,,False,8
ils=low|rep=01|length=200|model=gtr,1,7,low,200,gtr,,False,7
ils=low|rep=01|length=200|model=gtr,1,7,low,200,gtr,0.333,False,6
ils=low|rep=01|length=200|model=gtr,1,7,low,200,gtr,0.333,False,4
ils=low|rep=01|length=200|model=gtr,1,7,low,200,gtr,0.982,True,3
ils=low|rep=01|length=200|model=gtr,1,7,low,200,gtr,0.333,False,2
ils=low|rep=01|length=200|model=gtr,1,7,low,200,gtr,0.333,False,2
ils=low|rep=01|length=200|model=hky_g4,1,1,low,200,hky_g4,,False,2
ils=low|rep=01|length=200|model=hky_g4,1,1,low,200,hky_g4,,False,3
ils=low|rep=01|length=200|model=hky_g4,1,1,low,200,hky_g4,,False,4
ils=low|rep=01|length=200|model=hky_g4,1,1,low,200,hky_g4,,False,5
ils=low|rep=01|length=200|model=hky_g4,1,1,low,200,hky_g4,,False,6
ils=low|rep=01|length=200|model=hky_g4,1,1,low,200,hky_g4,,False,7
ils=low|rep=01|length=200|model=hky_g4,1,1,low,200,hky_g4,0.333,False,8
ils=low|rep=01|length=200|model=hky_g4,1,1,low,200,hky_g4,0.333,False,5
ils=low|rep=01|length=200|model=hky_g4,1,1,low,200,hky_g4,0.333,False,4
ils=low|rep=01|length=200|model=hky_g4,1,1,low,200,hky_g4,0.938,True,3
ils=low|rep=01|length=200|model=hky_g4,1,1,low,200,hky_g4,0.954,True,2
ils=low|rep=01|length=200|model=hky_g4,1,1,low,200,hky_g4,0.333,False,8
ils=low|rep=01|length=200|model=hky_g4,1,1,low,200,hky_g4,0.984,True,7
ils=low|rep=01|length=200|model=hky_g4,1,1,low,200,hky_g4,0.333,False,5
ils=low|rep=01|length=200|model=hky_g4,1,1,low,200,hky_g4,0.333,False,3
ils=low|rep=01|length=200|model=hky_g4,1,1,low,200,hky_g4,0.989,False,2
ils=low|rep=01|length=200|model=hky_g4,1,1,low,200,hky_g4,0.333,False,2
ils=low|rep=01|length=200|model=hky_g4,1,1,low,200,hky_g4,0.997,True,2
ils=low|rep=01|length=200|model=hky_g4,1,2,low,200,hky_g4,,False,2
ils=low|rep=01|length=200|model=hky_g4,1,2,low,200,hky_g4,,False,3
ils=low|rep=01|length=200|model=hky_g4,1,2,low,200,hky_g4,,False,4
ils=low|rep=01|length=200|model=hky_g4,1,2,low,200,hky_g4,,False,5
ils=low|rep=01|length=200|model=hky_g4,1,2,low,200,hky_g4,,False,6
ils=low|rep=01|length=200|model=hky_g4,1,2,low,200,hky_g4,0.333,False,10
ils=low|rep=01|length=200|model=hky_g4,1,2,low,200,hky_g4,0.333,False,10
ils=low|rep=01|length=200|model=hky_g4,1,2,low,200,hky_g4,0.333,False,2
ils=low|rep=01|length=200|model=hky_g4,1,2,low,200,hky_g4,0.333,False,8
ils=low|rep=01|length=200|model=hky_g4,1,2,low,200,hky_g4,0.982,True,2
ils=low|rep=01|length=200|model=hky_g4,1,2,low,200,hky_g4,0.978,True,6
ils=low|rep=01|length=200|model=hky_g4,1,2,low,200,hky_g4,0.333,False,5
ils=low|rep=01|length=200|model=hky_g4,1,2,low,200,hky_g4,0.333,False,4
ils=low|rep=01|length=200|model=hky_g4,1,2,low,200,hky_g4,,False,3
ils=low|rep=01|length=200|model=hky_g4,1,2,low,200,hky_g4,,False,2
ils=low|rep=01|length=200|model=hky_g4,1,2,low,200,hky_g4,0.333,False,4
ils=low|rep=01|length=200|model=hky_g4,1,2,low,200,hky_g4,0.333,False,3
ils=low|rep=01|length=200|model=hky_g4,1,2,low,200,hky_g4,0.356,False,2
ils=low|rep=01|length=200|model=hky_g4,1,3,low,200,hky_g4,,False,2
ils=low|rep=01|length=200|model=hky_g4,1,3,low,200,hky_g4,,False,3
ils=low|rep=01|length=200|model=hky_g4,1,3,low,200,hky_g4,,False,4
ils=low|rep=01|length=200|model=hky_g4,1,3,low,200,hky_g4,,False,5
ils=low|rep=01|length=200|model=hky_g4,1,3,low,200,hky_g4,,False,6
ils=low|rep=01|length=200|model=hky_g4,1,3,low,200,hky_g4,,False,7
ils=low|rep=01|length=200|model=hky_g4,1,3,low,200,hky_g4,,False,8
ils=low|rep=01|length=200|model=hky_g4,1,3,low,200,hky_g4,,False,9
ils=low|rep=01|length=200|model=hky_g4,1,3,low,200,hky_g4,0.333,False,10
ils=low|rep=01|length=200|model=hky_g4,1,3,low,200,hky_g4,0.333,False,2
ils=low|rep=01|length=200|model=hky_g4,1,3,low,200,hky_g4,0.333,False,9
ils=low|rep=01|length=200|model=hky_g4,1,3,low,200,hky_g4,0.333,False,2
ils=low|rep=01|length=200|model=hky_g4,1,3,low,200,hky_g4,0.333,False,7
ils=low|rep=01|length=200|model=hky_g4,1,3,low,200,hky_g4,1.0,True,6
ils=low|rep=01|length=200|model=hky_g4,1,3,low,200,hky_g4,0.333,False,5
ils=low|rep=01|length=200|model=hky_g4,1,3,low,200,hky_g4,0.333,True,4
ils=low|rep=01|length=200|model=hky_g4,1,3,low,200,hky_g4,,False,3
ils=low|rep=01|length=200|model=hky_g4,1,3,low,200,hky_g4,,False,2
ils=low|rep=01|length=200|model=hky_g4,1,4,low,200,hky_g4,,False,2
ils=low|rep=01|length=200|model=hky_g4,1,4,low,200,hky_g4,,False,3
ils=low|rep=01|length=200|model=hky_g4,1,4,low,200,hky_g4,,False,4
ils=low|rep=01|length=200|model=hky_g4,1,4,low,200,hky_g4,,False,5
ils=low|rep=01|length=200|model=hky_g4,1,4,low,200,hky_g4,,False,6
ils=low|rep=01|length=200|model=hky_g4,1,4,low,200,hky_g4,,False,7
ils=low|rep=01|length=200|model=hky_g4,1,4,low,200,hky_g4,,False,8
ils=low|rep=01|length=200|model=hky_g4,1,4,low,200,hky_g4,,False,9
ils=low|rep=01|length=200|model=hky_g4,1,4,low,200,hky_g4,,False,10
ils=low|rep=01|length=200|model=hky_g4,1,4,low,200,hky_g4,0.333,False,6
ils=low|rep=01|length=200|model=hky_g4,1,4,low,200,hky_g4,0.333,False,4
ils=low|rep=01|length=200|model=hky_g4,1,4,low,200,hky_g4,1.0,False,3
ils=low|rep=01|length=200|model=hky_g4,1,4,low,200,hky_g4,,False,2
ils=low|rep=01|length=200|model=hky_g4,1,4,low,200,hky_g4,0.333,False,2
ils=low|rep=01|length=200|model=hky_g4,1,4,low,200,hky_g4,0.333,False,5
ils=low|rep=01|length=200|model=hky_g4,1,4,low,200,hky_g4,0.333,False,4
ils=low|rep=01|length=200|model=hky_g4,1,4,low,200,hky_g4,0.333,False,2
ils=low|rep=01|length=200|model=hky_g4,1,4,low,200,hky_g4,0.333,False,2
ils=low|rep=01|length=200|model=hky_g4,1,5,low,200,hky_g4,0.333,False,7
ils=low|rep=01|length=200|model=hky_g4,1,5,low,200,hky_g4,0.333,False,8
ils=low|rep=01|length=200|model=hky_g4,1,5,low,200,hky_g4,,False,9
ils=low|rep=01|length=200|model=hky_g4,1,5,low,200,hky_g4,,False,10
ils=low|rep=01|length=200|model=hky_g4,1,5,low,200,hky_g4,,False,10
ils=low|rep=01|length=200|model=hky_g4,1,5,low,200,hky_g4,,False,9
ils=low|rep=01|length=200|model=hky_g4,1,5,low,200,hky_g4,,False,8
ils=low|rep=01|length=200|model=hky_g4,1,5,low,200,hky_g4,,False,7
ils=low|rep=01|length=200|model=hky_g4,1,5,low,200,hky_g4,,False,6
ils=low|rep=01|length=200|model=hky_g4,1,5,low,200,hky_g4,,False,5
ils=low|rep=01|length=200|model=hky_g4,1,5,low,200,hky_g4,,False,4
ils=low|rep=01|length=200|model=hky_g4,1,5,low,200,hky_g4,,False,3
ils=low|rep=01|length=200|model=hky_g4,1,5,low,200,hky_g4,,False,2
ils=low|rep=01|length=200|model=hky_g4,1,5,low,200,hky_g4,0.994,True,6
ils=low|rep=01|length=200|model=hky_g4,1,5,low,200,hky_g4,0.996,True,5
ils=low|rep=01|length=200|model=hky_g4,1,5,low,200,hky_g4,0.333,False,3
ils=low|rep=01|length=200|model=hky_g4,1,5,low,200,hky_g4,,False,2
ils=low|rep=01|length=200|model=hky_g4,1,5,low,200,hky_g4,0.333,False,2
ils=low|rep=01|length=200|model=hky_g4,1,6,low,200,hky_g4,0.333,True,7
ils=low|rep=01|length=200|model=hky_g4,1,6,low,200,hky_g4,0.333,False,8
ils=low|rep=01|length=200|model=hky_g4,1,6,low,200,hky_g4,,False,5
ils=low|rep=01|length=200|model=hky_g4,1,6,low,200,hky_g4,,False,4
ils=low|rep=01|length=200|model=hky_g4,1,6,low,200,hky_g4,,False,3
ils=low|rep=01|length=200|model=hky_g4,1,6,low,200,hky_g4,,False,2
ils=low|rep=01|length=200|model=hky_g4,1,6,low,200,hky_g4,0.333,False,8
ils=low|rep=01|length=200|model=hky_g4,1,6,low,200,hky_g4,0.333,False,7
ils=low|rep=01|length=200|model=hky_g4,1,6,low,200,hky_g4,0.996,True,6
ils=low|rep=01|length=200|model=hky_g4,1,6,low,200,hky_g4,,False,5
ils=low|rep=01|length=200|model=hky_g4,1,6,low,200,hky_g4,,False,4
ils=low|rep=01|length=200|model=hky_g4,1,6,low,200,hky_g4,,False,3
ils=low|rep=01|length=200|model=hky_g4,1,6,low,200,hky_g4,,False,2
ils=low|rep=01|length=200|model=hky_g4,1,6,low,200,hky_g4,0.991,True,6
ils=low|rep=01|length=200|model=hky_g4,1,6,low,200,hky_g4,0.333,False,5
ils=low|rep=01|length=200|model=hky_g4,1,6,low,200,hky_g4,0.333,False,3
ils=low|rep=01|length=200|model=hky_g4,1,6,low,200,hky_g4,,False,2
ils=low|rep=01|length=200|model=hky_g4,1,6,low,200,hky_g4,0.999,True,2
ils=low|rep=01|length=200|model=hky_g4,1,7,low,200,hky_g4,,False,2
ils=low|rep=01|length=200|model=hky_g4,1,7,low,200,hky_g4,,False,3
ils=low|rep=01|length=200|model=hky_g4,1,7,low,200,hky_g4,,False,4
ils=low|rep=01|length=200|model=hky_g4,1,7,low,200,hky_g4,,False,5
ils=low|rep=01|length=200|model=hky_g4,1,7,low,200,hky_g4,,False,6
ils=low|rep=01|length=200|model=hky_g4,1,7,low,200,hky_g4,,False,7
ils=low|rep=01|length=200|model=hky_g4,1,7,low,200,hky_g4,,False,8
ils=low|rep=01|length=200|model=hky_g4,1,7,low,200,hky_g4,,False,9
ils=low|rep=01|length=200|model=hky_g4,1,7,low,200,hky_g4,,False,10
ils=low|rep=01|length=200|model=hky_g4,1,7,low,200,hky_g4,,False,10
ils=low|rep=01|length=200|model=hky_g4,1,7,low,200,hky_g4,,False,9
ils=low|rep=01|length=200|model=hky_g4,1,7,low,200,hky_g4,,False,8
ils=low|rep=01|length=200|model=hky_g4,1,7,low,200,hky_g4,,False,7
ils=low|rep=01|length=200|model=hky_g4,1,7,low,200,hky_g4,0.333,False,6
ils=low|rep=01|length=200|model=hky_g4,1,7,low,200,hky_g4,0.333,False,4
ils=low|rep=01|length=200|model=hky_g4,1,7,low,200,hky_g4,0.996,True,3
ils=low|rep=01|length=200|model=hky_g4,1,7,low,200,hky_g4,0.333,False,2
ils=low|rep=01|length=200|model=hky_g4,1,7,low,200,hky_g4,0.333,False,2
ils=low|rep=01|length=200|model=hky,1,1,low,200,hky,,False,2
ils=low|rep=01|length=200|model=hky,1,1,low,200,hky,,False,3
ils=low|rep=01|length=200|model=hky,1,1,low,200,hky,,False,4
ils=low|rep=01|length=200|model=hky,1,1,low,200,hky,,False,5
ils=low|rep=01|length=200|model=hky,1,1,low,200,hky,,False,6
ils=low|rep=01|length=200|model=hky,1,1,low,200,hky,,False,7
ils=low|rep=01|length=200|model=hky,1,1,low,200,hky,0.333,False,10
ils=low|rep=01|length=200|model=hky,1,1,low,200,hky,0.333,False,9
ils=low|rep=01|length=200|model=hky,1,1,low,200,hky,0.333,False,8
ils=low|rep=01|length=200|model=hky,1,1,low,200,hky,0.99,True,7
ils=low|rep=01|length=200|model=hky,1,1,low,200,hky,0.333,False,5
ils=low|rep=01|length=200|model=hky,1,1,low,200,hky,0.333,False,3
ils=low|rep=01|length=200|model=hky,1,1,low,200,hky,0.994,False,2
ils=low|rep=01|length=200|model=hky,1,1,low,200,hky,0.333,False,2
ils=low|rep=01|length=200|model=hky,1,1,low,200,hky,0.998,True,2
ils=low|rep=01|length=200|model=hky,1,1,low,200,hky,0.333,False,4
ils=low|rep=01|length=200|model=hky,1,1,low,200,hky,0.962,True,3
ils=low|rep=01|length=200|model=hky,1,1,low,200,hky,0.971,True,2
ils=low|rep=01|length=200|model=hky,1,2,low,200,hky,,False,2
ils=low|rep=01|length=200|model=hky,1,2,low,200,hky,,False,3
ils=low|rep=01|length=200|model=hky,1,2,low,200,hky,,False,4
ils=low|rep=01|length=200|model=hky,1,2,low,200,hky,,False,5
ils=low|rep=01|length=200|model=hky,1,2,low,200,hky,,False,6
ils=low|rep=01|length=200|model=hky,1,2,low,200,hky,0.333,False,7
ils=low|rep=01|length=200|model=hky,1,2,low,200,hky,0.333,False,10
ils=low|rep=01|length=200|model=hky,1,2,low,200,hky,0.333,False,3
ils=low|rep=01|length=200|model=hky,1,2,low,200,hky,0.357,False,2
ils=low|rep=01|length=200|model=hky,1,2,low,200,hky,0.333,False,8
ils=low|rep=01|length=200|model=hky,1,2,low,200,hky,1.0,True,2
ils=low|rep=01|length=200|model=hky,1,2,low,200,hky,0.995,True,6
ils=low|rep=01|length=200|model=hky,1,2,low,200,hky,0.333,False,5
ils=low|rep=01|length=200|model=hky,1,2,low,200,hky,0.333,False,4
ils=low|rep=01|length=200|model=hky,1,2,low,200,hky,,False,3
ils=low|rep=01|length=200|model=hky,1,2,low,200,hky,,False,2
ils=low|rep=01|length=200|model=hky,1,2,low,200,hky,0.333,False,3
ils=low|rep=01|length=200|model=hky,1,2,low,200,hky,0.333,False,2
ils=low|rep=01|length=200|model=hky,1,3,low,200,hky,,False,2
ils=low|rep=01|length=200|model=hky,1,3,low,200,hky,,False,3
ils=low|rep=01|length=200|model=hky,1,3,low,200,hky,,False,4
ils=low|rep=01|length=200|model=hky,1,3,low,200,hky,,False,5
ils=low|rep=01|length=200|model=hky,1,3,low,200,hky,,False,6
ils=low|rep=01|length=200|model=hky,1,3,low,200,hky,,False,7
ils=low|rep=01|length=200|model=hky,1,3,low,200,hky,,False,8
ils=low|rep=01|length=200|model=hky,1,3,low,200,hky,,False,9
ils=low|rep=01|length=200|model=hky,1,3,low,200,hky,0.333,False,10
ils=low|rep=01|length=200|model=hky,1,3,low,200,hky,0.333,False,9
ils=low|rep=01|length=200|model=hky,1,3,low,200,hky,0.333,False,2
ils=low|rep=01|length=200|model=hky,1,3,low,200,hky,0.333,False,7
ils=low|rep=01|length=200|model=hky,1,3,low,200,hky,1.0,True,6
ils=low|rep=01|length=200|model=hky,1,3,low,200,hky,0.333,False,5
ils=low|rep=01|length=200|model=hky,1,3,low,200,hky,0.333,True,4
ils=low|rep=01|length=200|model=hky,1,3,low,200,hky,,False,3
ils=low|rep=01|length=200|model=hky,1,3,low,200,hky,,False,2
ils=low|rep=01|length=200|model=hky,1,3,low,200,hky,0.333,False,2
ils=low|rep=01|length=200|model=hky,1,4,low,200,hky,,False,2
ils=low|rep=01|length=200|model=hky,1,4,low,200,hky,,False,3
ils=low|rep=01|length=200|model=hky,1,4,low,200,hky,,False,4
ils=low|rep=01|length=200|model=hky,1,4,low,200,hky,,False,5
ils=low|rep=01|length=200|model=hky,1,4,low,200,hky,,False,6
ils=low|rep=01|length=200|model=hky,1,4,low,200,hky,,False,7
ils=low|rep=01|length=200|model=hky,1,4,low,200,hky,,False,8
ils=low|rep=01|length=200|model=hky,1,4,low,200,hky,,False,9
ils=low|rep=01|length=200|model=hky,1,4,low,200,hky,,False,10
ils=low|rep=01|length=200|model=hky,1,4,low,200,hky,0.333,False,7
ils=low|rep=01|length=200|model=hky,1,4,low,200,hky,0.333,False,6
ils=low|rep=01|length=200|model=hky,1,4,low,200,hky,0.333,False,4
ils=low|rep=01|length=200|model=hky,1,4,low,200,hky,1.0,False,3
ils=low|rep=01|length=200|model=hky,1,4,low,200,hky,,False,2
ils=low|rep=01|length=200|model=hky,1,4,low,200,hky,0.333,False,2
ils=low|rep=01|length=200|model=hky,1,4,low,200,hky,0.333,False,4
ils=low|rep=01|length=200|model=hky,1,4,low,200,hky,0.333,False,2
ils=low|rep=01|length=200|model=hky,1,4,low,200,hky,0.333,False,2
ils=low|rep=01|length=200|model=hky,1,5,low,200,hky,0.333,False,7
ils=low|rep=01|length=200|model=hky,1,5,low,200,hky,0.333,False,8
ils=low|rep=01|length=200|model=hky,1,5,low,200,hky,,False,9
ils=low|rep=01|length=200|model=hky,1,5,low,200,hky,,False,10
ils=low|rep=01|length=200|model=hky,1,5,low,200,hky,,False,10
ils=low|rep=01|length=200|model=hky,1,5,low,200,hky,,False,9
ils=low|rep=01|length=200|model=hky,1,5,low,200,hky,,False,8
ils=low|rep=01|length=200|model=hky,1,5,low,200,hky,,False,7
ils=low|rep=01|length=200|model=hky,1,5,low,200,hky,,False,6
ils=low|rep=01|length=200|model=hky,1,5,low,200,hky,,False,5
ils=low|rep=01|length=200|model=hky,1,5,low,200,hky,,False,4
ils=low|rep=01|length=200|model=hky,1,5,low,200,hky,,False,3
ils=low|rep=01|length=200|model=hky,1,5,low,200,hky,,False,2
ils=low|rep=01|length=200|model=hky,1,5,low,200,hky,0.994,True,6
ils=low|rep=01|length=200|model=hky,1,5,low,200,hky,0.996,True,5
ils=low|rep=01|length=200|model=hky,1,5,low,200,hky,0.333,False,3
ils=low|rep=01|length=200|model=hky,1,5,low,200,hky,,False,2
ils=low|rep=01|length=200|model=hky,1,5,low,200,hky,0.333,False,2
ils=low|rep=01|length=200|model=hky,1,6,low,200,hky,0.333,True,7
ils=low|rep=01|length=200|model=hky,1,6,low,200,hky,0.333,False,6
ils=low|rep=01|length=200|model=hky,1,6,low,200,hky,,False,5
ils=low|rep=01|length=200|model=hky,1,6,low,200,hky,,False,4
ils=low|rep=01|length=200|model=hky,1,6,low,200,hky,,False,3
ils=low|rep=01|length=200|model=hky,1,6,low,200,hky,,False,2
ils=low|rep=01|length=200|model=hky,1,6,low,200,hky,0.333,False,8
ils=low|rep=01|length=200|model=hky,1,6,low,200,hky,0.333,False,7
ils=low|rep=01|length=200|model=hky,1,6,low,200,hky,0.996,True,6
ils=low|rep=01|length=200|model=hky,1,6,low,200,hky,,False,5
ils=low|rep=01|length=200|model=hky,1,6,low,200,hky,,False,4
ils=low|rep=01|length=200|model=hky,1,6,low,200,hky,,False,3
ils=low|rep=01|length=200|model=hky,1,6,low,200,hky,,False,2
ils=low|rep=01|length=200|model=hky,1,6,low,200,hky,0.991,True,6
ils=low|rep=01|length=200|model=hky,1,6,low,200,hky,0.333,False,5
ils=low|rep=01|length=200|model=hky,1,6,low,200,hky,0.333,False,3
ils=low|rep=01|length=200|model=hky,1,6,low,200,hky,,False,2
ils=low|rep=01|length=200|model=hky,1,6,low,200,hky,0.999,True,2
ils=low|rep=01|length=200|model=hky,1,7,low,200,hky,,False,2
ils=low|rep=01|length=200|model=hky,1,7,low,200,hky,,False,3
ils=low|rep=01|length=200|model=hky,1,7,low,200,hky,,False,4
ils=low|rep=01|length=200|model=hky,1,7,low,200,hky,,False,5
ils=low|rep=01|length=200|model=hky,1,7,low,200,hky,,False,6
ils=low|rep=01|length=200|model=hky,1,7,low,200,hky,,False,7
ils=low|rep=01|length=200|model=hky,1,7,low,200,hky,,False,8
ils=low|rep=01|length=200|model=hky,1,7,low,200,hky,,False,9
ils=low|rep=01|length=200|model=hky,1,7,low,200,hky,,False,10
ils=low|rep=01|length=200|model=hky,1,7,low,200,hky,,False,10
ils=low|rep=01|length=200|model=hky,1,7,low,200,hky,,False,9
ils=low|rep=01|length=200|model=hky,1,7,low,200,hky,,False,8
ils=low|rep=01|length=200|model=hky,1,7,low,200,hky,,False,7
ils=low|rep=01|length=200|model=hky,1,7,low,200,hky,0.333,False,6
ils=low|rep=01|length=200|model=hky,1,7,low,200,hky,0.333,False,4
ils=low|rep=01|length=200|model=hky,1,7,low,200,hky,0.996,True,3
ils=low|rep=01|length=200|model=hky,1,7,low,200,hky,0.333,False,2
ils=low|rep=01|length=200|model=hky,1,7,low,200,hky,0.333,False,2
ils=low|rep=01|length=200|model=jc,1,1,low,200,jc,,False,2
ils=low|rep=01|length=200|model=jc,1,1,low,200,jc,,False,3
ils=low|rep=01|length=200|model=jc,1,1,low,200,jc,,False,4
ils=low|rep=01|length=200|model=jc,1,1,low,200,jc,,False,5
ils=low|rep=01|length=200|model=jc,1,1,low,200,jc,,False,6
ils=low|rep=01|length=200|model=jc,1,1,low,200,jc,,False,7
ils=low|rep=01|length=200|model=jc,1,1,low,200,jc,0.333,False,8
ils=low|rep=01|length=200|model=jc,1,1,low,200,jc,0.333,False,8
ils=low|rep=01|length=200|model=jc,1,1,low,200,jc,0.995,True,7
ils=low|rep=01|length=200|model=jc,1,1,low,200,jc,0.333,False,6
ils=low|rep=01|length=200|model=jc,1,1,low,200,jc,0.333,False,4
ils=low|rep=01|length=200|model=jc,1,1,low,200,jc,0.993,False,2
ils=low|rep=01|length=200|model=jc,1,1,low,200,jc,1.0,True,2
ils=low|rep=01|length=200|model=jc,1,1,low,200,jc,0.333,False,2
ils=low|rep=01|length=200|model=jc,1,1,low,200,jc,0.333,False,5
ils=low|rep=01|length=200|model=jc,1,1,low,200,jc,0.333,False,4
ils=low|rep=01|length=200|model=jc,1,1,low,200,jc,0.981,True,3
ils=low|rep=01|length=200|model=jc,1,1,low,200,jc,0.961,True,2
ils=low|rep=01|length=200|model=jc,1,2,low,200,jc,,False,2
ils=low|rep=01|length=200|model=jc,1,2,low,200,jc,,False,3
ils=low|rep=01|length=200|model=jc,1,2,low,200,jc,,False,4
ils=low|rep=01|length=200|model=jc,1,2,low,200,jc,,False,5
ils=low|rep=01|length=200|model=jc,1,2,low,200,jc,,False,6
ils=low|rep=01|length=200|model=jc,1,2,low,200,jc,0.333,False,7
ils=low|rep=01|length=200|model=jc,1,2,low,200,jc,0.333,False,10
ils=low|rep=01|length=200|model=jc,1,2,low,200,jc,0.333,False,2
ils=low|rep=01|length=200|model=jc,1,2,low,200,jc,0.333,False,8
ils=low|rep=01|length=200|model=jc,1,2,low,200,jc,1.0,True,2
ils=low|rep=01|length=200|model=jc,1,2,low,200,jc,0.995,True,6
ils=low|rep=01|length=200|model=jc,1,2,low,200,jc,0.333,False,5
ils=low|rep=01|length=200|model=jc,1,2,low,200,jc,0.333,False,4
ils=low|rep=01|length=200|model=jc,1,2,low,200,jc,,False,3
ils=low|rep=01|length=200|model=jc,1,2,low,200,jc,,False,2
ils=low|rep=01|length=200|model=jc,1,2,low,200,jc,0.333,False,4
ils=low|rep=01|length=200|model=jc,1,2,low,200,jc,0.333,False,2
ils=low|rep=01|length=200|model=jc,1,2,low,200,jc,0.4,False,2
ils=low|rep=01|length=200|model=jc,1,3,low,200,jc,,False,2
ils=low|rep=01|length=200|model=jc,1,3,low,200,jc,,False,3
ils=low|rep=01|length=200|model=jc,1,3,low,200,jc,,False,4
ils=low|rep=01|length=200|model=jc,1,3,low,200,jc,,False,5
ils=low|rep=01|length=200|model=jc,1,3,low,200,jc,,False,6
ils=low|rep=01|length=200|model=jc,1,3,low,200,jc,,False,7
ils=low|rep=01|length=200|model=jc,1,3,low,200,jc,,False,8
ils=low|rep=01|length=200|model=jc,1,3,low,200,jc,,False,9
ils=low|rep=01|length=200|model=jc,1,3,low,200,jc,0.333,False,10
ils=low|rep=01|length=200|model=jc,1,3,low,200,jc,0.333,False,9
ils=low|rep=01|length=200|model=jc,1,3,low,200,jc,0.333,False,2
ils=low|rep=01|length=200|model=jc,1,3,low,200,jc,0.333,False,7
ils=low|rep=01|length=200|model=jc,1,3,low,200,jc,1.0,True,6
ils=low|rep=01|length=200|model=jc,1,3,low,200,jc,0.333,True,5
ils=low|rep=01|length=200|model=jc,1,3,low,200,jc,0.333,True,4
ils=low|rep=01|length=200|model=jc,1,3,low,200,jc,,False,3
ils=low|rep=01|length=200|model=jc,1,3,low,200,jc,,False,2
ils=low|rep=01|length=200|model=jc,1,3,low,200,jc,0.333,False,2
ils=low|rep=01|length=200|model=jc,1,4,low,200,jc,,False,2
ils=low|rep=01|length=200|model=jc,1,4,low,200,jc,,False,3
ils=low|rep=01|length=200|model=jc,1,4,low,200,jc,,False,4
ils=low|rep=01|length=200|model=jc,1,4,low,200,jc,,False,5
ils=low|rep=01|length=200|model=jc,1,4,low,200,jc,,False,6
ils=low|rep=01|length=200|model=jc,1,4,low,200,jc,,False,7
ils=low|rep=01|length=200|model=jc,1,4,low,200,jc,,False,8
ils=low|rep=01|length=200|model=jc,1,4,low,200,jc,,False,9
ils=low|rep=01|length=200|model=jc,1,4,low,200,jc,,False,10
ils=low|rep=01|length=200|model=jc,1,4,low,200,jc,0.333,False,10
ils=low|rep=01|length=200|model=jc,1,4,low,200,jc,0.333,False,6
ils=low|rep=01|length=200|model=jc,1,4,low,200,jc,0.333,False,4
ils=low|rep=01|length=200|model=jc,1,4,low,200,jc,1.0,False,3
ils=low|rep=01|length=200|model=jc,1,4,low,200,jc,,False,2
ils=low|rep=01|length=200|model=jc,1,4,low,200,jc,0.333,False,2
ils=low|rep=01|length=200|model=jc,1,4,low,200,jc,0.333,False,4
ils=low|rep=01|length=200|model=jc,1,4,low,200,jc,0.333,False,2
ils=low|rep=01|length=200|model=jc,1,4,low,200,jc,0.333,False,2
ils=low|rep=01|length=200|model=jc,1,5,low,200,jc,0.333,False,8
ils=low|rep=01|length=200|model=jc,1,5,low,200,jc,,False,9
ils=low|rep=01|length=200|model=jc,1,5,low,200,jc,,False,10
ils=low|rep=01|length=200|model=jc,1,5,low,200,jc,,False,10
ils=low|rep=01|length=200|model=jc,1,5,low,200,jc,,False,9
ils=low|rep=01|length=200|model=jc,1,5,low,200,jc,,False,8
ils=low|rep=01|length=200|model=jc,1,5,low,200,jc,,False,7
ils=low|rep=01|length=200|model=jc,1,5,low,200,jc,,False,6
ils=low|rep=01|length=200|model=jc,1,5,low,200,jc,,False,5
ils=low|rep=01|length=200|model=jc,1,5,low,200,jc,,False,4
ils=low|rep=01|length=200|model=jc,1,5,low,200,jc,,False,3
ils=low|rep=01|length=200|model=jc,1,5,low,200,jc,,False,2
ils=low|rep=01|length=200|model=jc,1,5,low,200,jc,0.333,False,7
ils=low|rep=01|length=200|model=jc,1,5,low,200,jc,0.995,True,6
ils=low|rep=01|length=200|model=jc,1,5,low,200,jc,0.996,True,5
ils=low|rep=01|length=200|model=jc,1,5,low,200,jc,0.333,False,4
ils=low|rep=01|length=200|model=jc,1,5,low,200,jc,0.333,False,3
ils=low|rep=01|length=200|model=jc,1,5,low,200,jc,,False,2
ils=low|rep=01|length=200|model=jc,1,6,low,200,jc,0.333,True,7
ils=low|rep=01|length=200|model=jc,1,6,low,200,jc,0.333,False,8
ils=low|rep=01|length=200|model=jc,1,6,low,200,jc,,False,5
ils=low|rep=01|length=200|model=jc,1,6,low,200,jc,,False,4
ils=low|rep=01|length=200|model=jc,1,6,low,200,jc,,False,3
ils=low|rep=01|length=200|model=jc,1,6,low,200,jc,,False,2
ils=low|rep=01|length=200|model=jc,1,6,low,200,jc,0.333,False,8
ils=low|rep=01|length=200|model=jc,1,6,low,200,jc,0.333,True,7
ils=low|rep=01|length=200|model=jc,1,6,low,200,jc,1.0,True,6
ils=low|rep=01|length=200|model=jc,1,6,low,200,jc,,False,5
ils=low|rep=01|length=200|model=jc,1,6,low,200,jc,,False,4
ils=low|rep=01|length=200|model=jc,1,6,low,200,jc,,False,3
ils=low|rep=01|length=200|model=jc,1,6,low,200,jc,,False,2
ils=low|rep=01|length=200|model=jc,1,6,low,200,jc,0.995,True,6
ils=low|rep=01|length=200|model=jc,1,6,low,200,jc,0.333,False,5
ils=low|rep=01|length=200|model=jc,1,6,low,200,jc,0.333,False,3
ils=low|rep=01|length=200|model=jc,1,6,low,200,jc,,False,2
ils=low|rep=01|length=200|model=jc,1,6,low,200,jc,1.0,True,2
ils=low|rep=01|length=200|model=jc,1,7,low,200,jc,,False,2
ils=low|rep=01|length=200|model=jc,1,7,low,200,jc,,False,3
ils=low|rep=01|length=200|model=jc,1,7,low,200,jc,,False,4
ils=low|rep=01|length=200|model=jc,1,7,low,200,jc,,False,5
ils=low|rep=01|length=200|model=jc,1,7,low,200,jc,,False,6
ils=low|rep=01|length=200|model=jc,1,7,low,200,jc,,False,7
ils=low|rep=01|length=200|model=jc,1,7,low,200,jc,,False,8
ils=low|rep=01|length=200|model=jc,1,7,low,200,jc,,False,9
ils=low|rep=01|length=200|model=jc,1,7,low,200,jc,,False,10
ils=low|rep=01|length=200|model=jc,1,7,low,200,jc,,False,10
ils=low|rep=01|length=200|model=jc,1,7,low,200,jc,,False,9
ils=low|rep=01|length=200|model=jc,1,7,low,200,jc,,False,8
ils=low|rep=01|length=200|model=jc,1,7,low,200,jc,,False,7
ils=low|rep=01|length=200|model=jc,1,7,low,200,jc,0.333,False,6
ils=low|rep=01|length=200|model=jc,1,7,low,200,jc,0.333,False,4
ils=low|rep=01|length=200|model=jc,1,7,low,200,jc,0.995,True,3
ils=low|rep=01|length=200|model=jc,1,7,low,200,jc,0.333,False,2
ils=low|rep=01|length=200|model=jc,1,7,low,200,jc,0.333,False,2
ils=low|rep=01|length=800|model=gtr_g4,1,1,low,800,gtr_g4,0.333,True,2
ils=low|rep=01|length=800|model=gtr_g4,1,1,low,800,gtr_g4,0.333,False,3
ils=low|rep=01|length=800|model=gtr_g4,1,1,low,800,gtr_g4,0.333,False,8
ils=low|rep=01|length=800|model=gtr_g4,1,1,low,800,gtr_g4,0.333,False,4
ils=low|rep=01|length=800|model=gtr_g4,1,1,low,800,gtr_g4,0.994,True,2
ils=low|rep=01|length=800|model=gtr_g4,1,1,low,800,gtr_g4,1.0,True,2
ils=low|rep=01|length=800|model=gtr_g4,1,1,low,800,gtr_g4,0.333,False,4
ils=low|rep=01|length=800|model=gtr_g4,1,1,low,800,gtr_g4,0.508,True,3
ils=low|rep=01|length=800|model=gtr_g4,1,1,low,800,gtr_g4,0.933,True,2
ils=low|rep=01|length=800|model=gtr_g4,1,1,low,800,gtr_g4,0.333,False,10
ils=low|rep=01|length=800|model=gtr_g4,1,1,low,800,gtr_g4,0.333,False,9
ils=low|rep=01|length=800|model=gtr_g4,1,1,low,800,gtr_g4,0.955,True,7
ils=low|rep=01|length=800|model=gtr_g4,1,1,low,800,gtr_g4,0.974,True,6
ils=low|rep=01|length=800|model=gtr_g4,1,1,low,800,gtr_g4,0.333,False,5
ils=low|rep=01|length=800|model=gtr_g4,1,1,low,800,gtr_g4,0.333,False,2
ils=low|rep=01|length=800|model=gtr_g4,1,1,low,800,gtr_g4,0.333,False,3
ils=low|rep=01|length=800|model=gtr_g4,1,1,low,800,gtr_g4,1.0,True,2
ils=low|rep=01|length=800|model=gtr_g4,1,1,low,800,gtr_g4,0.914,False,2
ils=low|rep=01|length=800|model=gtr_g4,1,2,low,800,gtr_g4,0.925,False,2
ils=low|rep=01|length=800|model=gtr_g4,1,2,low,800,gtr_g4,0.333,False,5
ils=low|rep=01|length=800|model=gtr_g4,1,2,low,800,gtr_g4,0.333,False,6
ils=low|rep=01|length=800|model=gtr_g4,1,2,low,800,gtr_g4,0.333,False,4
ils=low|rep=01|length=800|model=gtr_g4,1,2,low,800,gtr_g4,0.333,False,3
ils=low|rep=01|length=800|model=gtr_g4,1,2,low,800,gtr_g4,0.773,False,2
ils=low|rep=01|length=800|model=gtr_g4,1,2,low,800,gtr_g4,0.333,False,10
ils=low|rep=01|length=800|model=gtr_g4,1,2,low,800,gtr_g4,0.333,False,5
ils=low|rep=01|length=800|model=gtr_g4,1,2,low,800,gtr_g4,0.986,True,4
ils=low|rep=01|length=800|model=gtr_g4,1,2,low,800,gtr_g4,0.333,True,3
ils=low|rep=01|length=800|model=gtr_g4,1,2,low,800,gtr_g4,0.333,True,2
ils=low|rep=01|length=800|model=gtr_g4,1,2,low,800,gtr_g4,0.333,False,6
ils=low|rep=01|length=800|model=gtr_g4,1,2,low,800,gtr_g4,1.0,True,4
ils=low|rep=01|length=800|model=gtr_g4,1,2,low,800,gtr_g4,0.333,True,3
ils=low|rep=01|length=800|model=gtr_g4,1,2,low,800,gtr_g4,0.333,True,2
ils=low|rep=01|length=800|model=gtr_g4,1,2,low,800,gtr_g4,1.0,True,2
ils=low|rep=01|length=800|model=gtr_g4,1,2,low,800,gtr_g4,0.986,True,3
ils=low|rep=01|length=800|model=gtr_g4,1,2,low,800,gtr_g4,0.333,False,2
ils=low|rep=01|length=800|model=gtr_g4,1,3,low,800,gtr_g4,0.333,False,3
ils=low|rep=01|length=800|model=gtr_g4,1,3,low,800,gtr_g4,1.0,True,4
ils=low|rep=01|length=800|model=gtr_g4,1,3,low,800,gtr_g4,0.333,False,7
ils=low|rep=01|length=800|model=gtr_g4,1,3,low,800,gtr_g4,0.333,False,9
ils=low|rep=01|length=800|model=gtr_g4,1,3,low,800,gtr_g4,0.333,False,8
ils=low|rep=01|length=800|model=gtr_g4,1,3,low,800,gtr_g4,0.966,False,7
ils=low|rep=01|length=800|model=gtr_g4,1,3,low,800,gtr_g4,0.333,False,6
ils=low|rep=01|length=800|model=gtr_g4,1,3,low,800,gtr_g4,0.333,False,3
ils=low|rep=01|length=800|model=gtr_g4,1,3,low,800,gtr_g4,0.994,False,2
ils=low|rep=01|length=800|model=gtr_g4,1,3,low,800,gtr_g4,0.333,False,3
ils=low|rep=01|length=800|model=gtr_g4,1,3,low,800,gtr_g4,1.0,True,2
ils=low|rep=01|length=800|model=gtr_g4,1,3,low,800,gtr_g4,0.333,False,5
ils=low|rep=01|length=800|model=gtr_g4,1,3,low,800,gtr_g4,0.333,False,4
ils=low|rep=01|length=800|model=gtr_g4,1,3,low,800,gtr_g4,0.997,True,3
ils=low|rep=01|length=800|model=gtr_g4,1,3,low,800,gtr_g4,0.333,False,2
ils=low|rep=01|length=800|model=gtr_g4,1,3,low,800,gtr_g4,1.0,True,3
ils=low|rep=01|length=800|model=gtr_g4,1,3,low,800,gtr_g4,0.996,True,2
ils=low|rep=01|length=800|model=gtr_g4,1,3,low,800,gtr_g4,0.984,True,2
ils=low|rep=01|length=800|model=gtr_g4,1,4,low,800,gtr_g4,0.333,False,2
ils=low|rep=01|length=800|model=gtr_g4,1,4,low,800,gtr_g4,0.333,False,3
ils=low|rep=01|length=800|model=gtr_g4,1,4,low,800,gtr_g4,0.997,True,4
ils=low|rep=01|length=800|model=gtr_g4,1,4,low,800,gtr_g4,0.333,False,7
ils=low|rep=01|length=800|model=gtr_g4,1,4,low,800,gtr_g4,0.999,True,6
ils=low|rep=01|length=800|model=gtr_g4,1,4,low,800,gtr_g4,0.951,True,5
ils=low|rep=01|length=800|model=gtr_g4,1,4,low,800,gtr_g4,0.333,False,3
ils=low|rep=01|length=800|model=gtr_g4,1,4,low,800,gtr_g4,0.985,True,2
ils=low|rep=01|length=800|model=gtr_g4,1,4,low,800,gtr_g4,0.333,True,2
ils=low|rep=01|length=800|model=gtr_g4,1,4,low,800,gtr_g4,0.998,True,10
ils=low|rep=01|length=800|model=gtr_g4,1,4,low,800,gtr_g4,0.333,False,8
ils=low|rep=01|length=800|model=gtr_g4,1,4,low,800,gtr_g4,0.987,True,2
ils=low|rep=01|length=800|model=gtr_g4,1,4,low,800,gtr_g4,1.0,True,6
ils=low|rep=01|length=800|model=gtr_g4,1,4,low,800,gtr_g4,0.333,False,5
ils=low|rep=01|length=800|model=gtr_g4,1,4,low,800,gtr_g4,0.475,False,2
ils=low|rep=01|length=800|model=gtr_g4,1,4,low,800,gtr_g4,0.333,True,3
ils=low|rep=01|length=800|model=gtr_g4,1,4,low,800,gtr_g4,0.995,True,2
ils=low|rep=01|length=800|model=gtr_g4,1,4,low,800,gtr_g4,0.333,False,2
ils=low|rep=01|length=800|model=gtr_g4,1,5,low,800,gtr_g4,0.333,False,2
ils=low|rep=01|length=800|model=gtr_g4,1,5,low,800,gtr_g4,0.333,False,6
ils=low|rep=01|length=800|model=gtr_g4,1,5,low,800,gtr_g4,0.333,False,5
ils=low|rep=01|length=800|model=gtr_g4,1,5,low,800,gtr_g4,1.0,True,4
ils=low|rep=01|length=800|model=gtr_g4,1,5,low,800,gtr_g4,0.333,False,3
ils=low|rep=01|length=800|model=gtr_g4,1,5,low,800,gtr_g4,,False,2
ils=low|rep=01|length=800|model=gtr_g4,1,5,low,800,gtr_g4,0.333,False,8
ils=low|rep=01|length=800|model=gtr_g4,1,5,low,800,gtr_g4,0.333,False,5
ils=low|rep=01|length=800|model=gtr_g4,1,5,low,800,gtr_g4,,False,4
ils=low|rep=01|length=800|model=gtr_g4,1,5,low,800,gtr_g4,,False,3
ils=low|rep=01|length=800|model=gtr_g4,1,5,low,800,gtr_g4,,False,2
ils=low|rep=01|length=800|model=gtr_g4,1,5,low,800,gtr_g4,0.333,False,8
ils=low|rep=01|length=800|model=gtr_g4,1,5,low,800,gtr_g4,0.333,False,2
ils=low|rep=01|length=800|model=gtr_g4,1,5,low,800,gtr_g4,0.333,False,6
ils=low|rep=01|length=800|model=gtr_g4,1,5,low,800,gtr_g4,0.999,True,5
ils=low|rep=01|length=800|model=gtr_g4,1,5,low,800,gtr_g4,0.333,False,3
ils=low|rep=01|length=800|model=gtr_g4,1,5,low,800,gtr_g4,,False,2
ils=low|rep=01|length=800|model=gtr_g4,1,5,low,800,gtr_g4,0.333,False,2
ils=low|rep=01|length=800|model=gtr_g4,1,6,low,800,gtr_g4,0.333,False,2
ils=low|rep=01|length=800|model=gtr_g4,1,6,low,800,gtr_g4,0.333,False,7
ils=low|rep=01|length=800|model=gtr_g4,1,6,low,800,gtr_g4,0.333,False,3
ils=low|rep=01|length=800|model=gtr_g4,1,6,low,800,gtr_g4,1.0,True,2
ils=low|rep=01|length=800|model=gtr_g4,1,6,low,800,gtr_g4,0.333,False,4
ils=low|rep=01|length=800|model=gtr_g4,1,6,low,800,gtr_g4,0.333,False,3
ils=low|rep=01|length=800|model=gtr_g4,1,6,low,800,gtr_g4,0.578,True,2
ils=low|rep=01|length=800|model=gtr_g4,1,6,low,800,gtr_g4,0.398,False,9
ils=low|rep=01|length=800|model=gtr_g4,1,6,low,800,gtr_g4,0.419,True,6
ils=low|rep=01|length=800|model=gtr_g4,1,6,low,800,gtr_g4,0.333,False,3
ils=low|rep=01|length=800|model=gtr_g4,1,6,low,800,gtr_g4,1.0,True,2
ils=low|rep=01|length=800|model=gtr_g4,1,6,low,800,gtr_g4,0.333,False,3
ils=low|rep=01|length=800|model=gtr_g4,1,6,low,800,gtr_g4,0.333,False,2
ils=low|rep=01|length=800|model=gtr_g4,1,6,low,800,gtr_g4,0.99,True,6
ils=low|rep=01|length=800|model=gtr_g4,1,6,low,800,gtr_g4,0.333,True,2
ils=low|rep=01|length=800|model=gtr_g4,1,6,low,800,gtr_g4,0.991,True,4
ils=low|rep=01|length=800|model=gtr_g4,1,6,low,800,gtr_g4,0.99,True,2
ils=low|rep=01|length=800|model=gtr_g4,1,6,low,800,gtr_g4,0.333,True,2
ils=low|rep=01|length=800|model=gtr_g4,1,7,low,800,gtr_g4,0.333,False,7
ils=low|rep=01|length=800|model=gtr_g4,1,7,low,800,gtr_g4,0.333,False,7
ils=low|rep=01|length=800|model=gtr_g4,1,7,low,800,gtr_g4,0.99,True,3
ils=low|rep=01|length=800|model=gtr_g4,1,7,low,800,gtr_g4,0.991,True,2
ils=low|rep=01|length=800|model=gtr_g4,1,7,low,800,gtr_g4,0.997,True,4
ils=low|rep=01|length=800|model=gtr_g4,1,7,low,800,gtr_g4,0.333,False,3
ils=low|rep=01|length=800|model=gtr_g4,1,7,low,800,gtr_g4,0.333,True,2
ils=low|rep=01|length=800|model=gtr_g4,1,7,low,800,gtr_g4,0.333,False,7
ils=low|rep=01|length=800|model=gtr_g4,1,7,low,800,gtr_g4,0.989,True,6
ils=low|rep=01|length=800|model=gtr_g4,1,7,low,800,gtr_g4,0.333,False,5
ils=low|rep=01|length=800|model=gtr_g4,1,7,low,800,gtr_g4,0.333,False,4
ils=low|rep=01|length=800|model=gtr_g4,1,7,low,800,gtr_g4,1.0,True,2
ils=low|rep=01|length=800|model=gtr_g4,1,7,low,800,gtr_g4,0.333,False,2
ils=low|rep=01|length=800|model=gtr_g4,1,7,low,800,gtr_g4,0.976,True,6
ils=low|rep=01|length=800|model=gtr_g4,1,7,low,800,gtr_g4,0.333,False,4
ils=low|rep=01|length=800|model=gtr_g4,1,7,low,800,gtr_g4,0.333,False,2
ils=low|rep=01|length=800|model=gtr_g4,1,7,low,800,gtr_g4,0.333,False,2
ils=low|rep=01|length=800|model=gtr_g4,1,7,low,800,gtr_g4,1.0,True,2
ils=low|rep=01|length=800|model=gtr,1,1,low,800,gtr,0.333,True,2
ils=low|rep=01|length=800|model=gtr,1,1,low,800,gtr,0.333,False,9
ils=low|rep=01|length=800|model=gtr,1,1,low,800,gtr,0.333,False,5
ils=low|rep=01|length=800|model=gtr,1,1,low,800,gtr,0.333,False,4
ils=low|rep=01|length=800|model=gtr,1,1,low,800,gtr,0.998,True,2
ils=low|rep=01|length=800|model=gtr,1,1,low,800,gtr,0.978,False,2
ils=low|rep=01|length=800|model=gtr,1,1,low,800,gtr,0.333,False,7
ils=low|rep=01|length=800|model=gtr,1,1,low,800,gtr,0.333,False,6
ils=low|rep=01|length=800|model=gtr,1,1,low,800,gtr,0.333,False,4
ils=low|rep=01|length=800|model=gtr,1,1,low,800,gtr,0.501,True,3
ils=low|rep=01|length=800|model=gtr,1,1,low,800,gtr,0.982,True,2
ils=low|rep=01|length=800|model=gtr,1,1,low,800,gtr,1.0,True,2
ils=low|rep=01|length=800|model=gtr,1,1,low,800,gtr,0.988,True,7
ils=low|rep=01|length=800|model=gtr,1,1,low,800,gtr,0.993,True,6
ils=low|rep=01|length=800|model=gtr,1,1,low,800,gtr,0.333,True,5
ils=low|rep=01|length=800|model=gtr,1,1,low,800,gtr,0.333,False,4
ils=low|rep=01|length=800|model=gtr,1,1,low,800,gtr,0.333,False,3
ils=low|rep=01|length=800|model=gtr,1,1,low,800,gtr,1.0,True,2
ils=low|rep=01|length=800|model=gtr,1,2,low,800,gtr,0.981,False,2
ils=low|rep=01|length=800|model=gtr,1,2,low,800,gtr,0.333,False,5
ils=low|rep=01|length=800|model=gtr,1,2,low,800,gtr,0.333,False,3
ils=low|rep=01|length=800|model=gtr,1,2,low,800,gtr,0.931,False,2
ils=low|rep=01|length=800|model=gtr,1,2,low,800,gtr,0.333,False,8
ils=low|rep=01|length=800|model=gtr,1,2,low,800,gtr,0.333,False,9
ils=low|rep=01|length=800|model=gtr,1,2,low,800,gtr,0.333,False,10
ils=low|rep=01|length=800|model=gtr,1,2,low,800,gtr,0.333,False,5
ils=low|rep=01|length=800|model=gtr,1,2,low,800,gtr,0.996,True,4
ils=low|rep=01|length=800|model=gtr,1,2,low,800,gtr,0.333,True,3
ils=low|rep=01|length=800|model=gtr,1,2,low,800,gtr,0.333,True,2
ils=low|rep=01|length=800|model=gtr,1,2,low,800,gtr,0.333,False,6
ils=low|rep=01|length=800|model=gtr,1,2,low,800,gtr,1.0,True,4
ils=low|rep=01|length=800|model=gtr,1,2,low,800,gtr,0.333,True,3
ils=low|rep=01|length=800|model=gtr,1,2,low,800,gtr,0.333,True,2
ils=low|rep=01|length=800|model=gtr,1,2,low,800,gtr,1.0,True,2
ils=low|rep=01|length=800|model=gtr,1,2,low,800,gtr,0.996,True,3
ils=low|rep=01|length=800|model=gtr,1,2,low,800,gtr,0.333,True,2
ils=low|rep=01|length=800|model=gtr,1,3,low,800,gtr,0.333,False,2
ils=low|rep=01|length=800|model=gtr,1,3,low,800,gtr,0.991,True,2
ils=low|rep=01|length=800|model=gtr,1,3,low,800,gtr,1.0,True,4
ils=low|rep=01|length=800|model=gtr,1,3,low,800,gtr,0.333,False,5
ils=low|rep=01|length=800|model=gtr,1,3,low,800,gtr,0.333,False,6
ils=low|rep=01|length=800|model=gtr,1,3,low,800,gtr,0.333,False,6
ils=low|rep=01|length=800|model=gtr,1,3,low,800,gtr,0.333,False,2
ils=low|rep=01|length=800|model=gtr,1,3,low,800,gtr,0.333,False,4
ils=low|rep=01|length=800|model=gtr,1,3,low,800,gtr,1.0,True,3
ils=low|rep=01|length=800|model=gtr,1,3,low,800,gtr,1.0,True,2
ils=low|rep=01|length=800|model=gtr,1,3,low,800,gtr,0.333,False,9
ils=low|rep=01|length=800|model=gtr,1,3,low,800,gtr,0.998,True,3
ils=low|rep=01|length=800|model=gtr,1,3,low,800,gtr,0.333,False,2
ils=low|rep=01|length=800|model=gtr,1,3,low,800,gtr,0.996,True,6
ils=low|rep=01|length=800|model=gtr,1,3,low,800,gtr,0.333,True,5
ils=low|rep=01|length=800|model=gtr,1,3,low,800,gtr,0.333,False,4
ils=low|rep=01|length=800|model=gtr,1,3,low,800,gtr,0.333,False,3
ils=low|rep=01|length=800|model=gtr,1,3,low,800,gtr,1.0,True,2
ils=low|rep=01|length=800|model=gtr,1,4,low,800,gtr,0.333,False,2
ils=low|rep=01|length=800|model=gtr,1,4,low,800,gtr,0.333,False,3
ils=low|rep=01|length=800|model=gtr,1,4,low,800,gtr,0.999,True,4
ils=low|rep=01|length=800|model=gtr,1,4,low,800,gtr,0.333,False,7
ils=low|rep=01|length=800|model=gtr,1,4,low,800,gtr,1.0,True,6
ils=low|rep=01|length=800|model=gtr,1,4,low,800,gtr,0.987,True,5
ils=low|rep=01|length=800|model=gtr,1,4,low,800,gtr,0.333,False,2
ils=low|rep=01|length=800|model=gtr,1,4,low,800,gtr,0.333,False,3
ils=low|rep=01|length=800|model=gtr,1,4,low,800,gtr,0.996,True,2
ils=low|rep=01|length=800|model=gtr,1,4,low,800,gtr,0.999,True,10
ils=low|rep=01|length=800|model=gtr,1,4,low,800,gtr,0.333,False,8
ils=low|rep=01|length=800|model=gtr,1,4,low,800,gtr,0.997,True,2
ils=low|rep=01|length=800|model=gtr,1,4,low,800,gtr,1.0,True,6
ils=low|rep=01|length=800|model=gtr,1,4,low,800,gtr,0.333,False,5
ils=low|rep=01|length=800|model=gtr,1,4,low,800,gtr,0.47,False,2
ils=low|rep=01|length=800|model=gtr,1,4,low,800,gtr,0.333,True,3
ils=low|rep=01|length=800|model=gtr,1,4,low,800,gtr,0.999,True,2
ils=low|rep=01|length=800|model=gtr,1,4,low,800,gtr,0.333,False,2
ils=low|rep=01|length=800|model=gtr,1,5,low,800,gtr,0.333,False,2
ils=low|rep=01|length=800|model=gtr,1,5,low,800,gtr,0.333,False,3
ils=low|rep=01|length=800|model=gtr,1,5,low,800,gtr,0.333,False,7
ils=low|rep=01|length=800|model=gtr,1,5,low,800,gtr,0.333,False,8
ils=low|rep=01|length=800|model=gtr,1,5,low,800,gtr,0.333,False,7
ils=low|rep=01|length=800|model=gtr,1,5,low,800,gtr,0.333,False,5
ils=low|rep=01|length=800|model=gtr,1,5,low,800,gtr,1.0,True,4
ils=low|rep=01|length=800|model=gtr,1,5,low,800,gtr,0.333,False,3
ils=low|rep=01|length=800|model=gtr,1,5,low,800,gtr,,False,2
ils=low|rep=01|length=800|model=gtr,1,5,low,800,gtr,0.333,False,2
ils=low|rep=01|length=800|model=gtr,1,5,low,800,gtr,0.333,False,6
ils=low|rep=01|length=800|model=gtr,1,5,low,800,gtr,0.999,True,5
ils=low|rep=01|length=800|model=gtr,1,5,low,800,gtr,0.333,False,3
ils=low|rep=01|length=800|model=gtr,1,5,low,800,gtr,,False,2
ils=low|rep=01|length=800|model=gtr,1,5,low,800,gtr,0.333,False,2
ils=low|rep=01|length=800|model=gtr,1,5,low,800,gtr,,False,4
ils=low|rep=01|length=800|model=gtr,1,5,low,800,gtr,,False,3
ils=low|rep=01|length=800|model=gtr,1,5,low,800,gtr,,False,2
ils=low|rep=01|length=800|model=gtr,1,6,low,800,gtr,0.333,False,2
ils=low|rep=01|length=800|model=gtr,1,6,low,800,gtr,0.333,False,5
ils=low|rep=01|length=800|model=gtr,1,6,low,800,gtr,0.333,False,3
ils=low|rep=01|length=800|model=gtr,1,6,low,800,gtr,1.0,True,2
ils=low|rep=01|length=800|model=gtr,1,6,low,800,gtr,0.333,False,8
ils=low|rep=01|length=800|model=gtr,1,6,low,800,gtr,0.403,False,9
ils=low|rep=01|length=800|model=gtr,1,6,low,800,gtr,0.418,True,6
ils=low|rep=01|length=800|model=gtr,1,6,low,800,gtr,0.333,False,2
ils=low|rep=01|length=800|model=gtr,1,6,low,800,gtr,0.333,True,4
ils=low|rep=01|length=800|model=gtr,1,6,low,800,gtr,0.333,False,3
ils=low|rep=01|length=800|model=gtr,1,6,low,800,gtr,1.0,True,2
ils=low|rep=01|length=800|model=gtr,1,6,low,800,gtr,0.998,True,6
ils=low|rep=01|length=800|model=gtr,1,6,low,800,gtr,0.333,False,5
ils=low|rep=01|length=800|model=gtr,1,6,low,800,gtr,0.998,True,4
ils=low|rep=01|length=800|model=gtr,1,6,low,800,gtr,0.997,True,2
ils=low|rep=01|length=800|model=gtr,1,6,low,800,gtr,0.333,True,2
ils=low|rep=01|length=800|model=gtr,1,6,low,800,gtr,0.333,False,3
ils=low|rep=01|length=800|model=gtr,1,6,low,800,gtr,0.601,True,2
ils=low|rep=01|length=800|model=gtr,1,7,low,800,gtr,0.333,False,7
ils=low|rep=01|length=800|model=gtr,1,7,low,800,gtr,0.333,False,7
ils=low|rep=01|length=800|model=gtr,1,7,low,800,gtr,0.994,True,3
ils=low|rep=01|length=800|model=gtr,1,7,low,800,gtr,0.994,True,2
ils=low|rep=01|length=800|model=gtr,1,7,low,800,gtr,0.998,True,4
ils=low|rep=01|length=800|model=gtr,1,7,low,800,gtr,0.333,False,3
ils=low|rep=01|length=800|model=gtr,1,7,low,800,gtr,0.333,False,2
ils=low|rep=01|length=800|model=gtr,1,7,low,800,gtr,0.333,False,7
ils=low|rep=01|length=800|model=gtr,1,7,low,800,gtr,0.991,True,6
ils=low|rep=01|length=800|model=gtr,1,7,low,800,gtr,0.333,True,5
ils=low|rep=01|length=800|model=gtr,1,7,low,800,gtr,1.0,True,2
ils=low|rep=01|length=800|model=gtr,1,7,low,800,gtr,0.333,False,3
ils=low|rep=01|length=800|model=gtr,1,7,low,800,gtr,0.333,False,2
ils=low|rep=01|length=800|model=gtr,1,7,low,800,gtr,0.987,True,6
ils=low|rep=01|length=800|model=gtr,1,7,low,800,gtr,0.333,False,5
ils=low|rep=01|length=800|model=gtr,1,7,low,800,gtr,0.333,False,3
ils=low|rep=01|length=800|model=gtr,1,7,low,800,gtr,1.0,True,2
ils=low|rep=01|length=800|model=gtr,1,7,low,800,gtr,0.333,False,2
ils=low|rep=01|length=800|model=hky_g4,1,1,low,800,hky_g4,0.333,True,2
ils=low|rep=01|length=800|model=hky_g4,1,1,low,800,hky_g4,0.333,False,8
ils=low|rep=01|length=800|model=hky_g4,1,1,low,800,hky_g4,0.333,False,4
ils=low|rep=01|length=800|model=hky_g4,1,1,low,800,hky_g4,0.994,True,2
ils=low|rep=01|length=800|model=hky_g4,1,1,low,800,hky_g4,0.995,True,2
ils=low|rep=01|length=800|model=hky_g4,1,1,low,800,hky_g4,0.341,False,4
ils=low|rep=01|length=800|model=hky_g4,1,1,low,800,hky_g4,0.372,True,3
ils=low|rep=01|length=800|model=hky_g4,1,1,low,800,hky_g4,0.953,True,2
ils=low|rep=01|length=800|model=hky_g4,1,1,low,800,hky_g4,0.333,False,10
ils=low|rep=01|length=800|model=hky_g4,1,1,low,800,hky_g4,0.333,False,10
ils=low|rep=01|length=800|model=hky_g4,1,1,low,800,hky_g4,0.333,False,9
ils=low|rep=01|length=800|model=hky_g4,1,1,low,800,hky_g4,0.964,True,7
ils=low|rep=01|length=800|model=hky_g4,1,1,low,800,hky_g4,0.973,True,6
ils=low|rep=01|length=800|model=hky_g4,1,1,low,800,hky_g4,0.333,True,5
ils=low|rep=01|length=800|model=hky_g4,1,1,low,800,hky_g4,0.333,False,4
ils=low|rep=01|length=800|model=hky_g4,1,1,low,800,hky_g4,0.333,False,3
ils=low|rep=01|length=800|model=hky_g4,1,1,low,800,hky_g4,1.0,True,2
ils=low|rep=01|length=800|model=hky_g4,1,1,low,800,hky_g4,0.879,False,2
ils=low|rep=01|length=800|model=hky_g4,1,2,low,800,hky_g4,0.955,False,2
ils=low|rep=01|length=800|model=hky_g4,1,2,low,800,hky_g4,0.333,False,5
ils=low|rep=01|length=800|model=hky_g4,1,2,low,800,hky_g4,0.333,False,10
ils=low|rep=01|length=800|model=hky_g4,1,2,low,800,hky_g4,0.333,False,8
ils=low|rep=01|length=800|model=hky_g4,1,2,low,800,hky_g4,0.333,False,7
ils=low|rep=01|length=800|model=hky_g4,1,2,low,800,hky_g4,0.333,False,6
ils=low|rep=01|length=800|model=hky_g4,1,2,low,800,hky_g4,0.762,False,2
ils=low|rep=01|length=800|model=hky_g4,1,2,low,800,hky_g4,0.996,True,4
ils=low|rep=01|length=800|model=hky_g4,1,2,low,800,hky_g4,0.333,False,2
ils=low|rep=01|length=800|model=hky_g4,1,2,low,800,hky_g4,0.333,True,2
ils=low|rep=01|length=800|model=hky_g4,1,2,low,800,hky_g4,0.333,False,2
ils=low|rep=01|length=800|model=hky_g4,1,2,low,800,hky_g4,0.333,False,6
ils=low|rep=01|length=800|model=hky_g4,1,2,low,800,hky_g4,1.0,True,4
ils=low|rep=01|length=800|model=hky_g4,1,2,low,800,hky_g4,0.333,True,3
ils=low|rep=01|length=800|model=hky_g4,1,2,low,800,hky_g4,0.333,True,2
ils=low|rep=01|length=800|model=hky_g4,1,2,low,800,hky_g4,1.0,True,2
ils=low|rep=01|length=800|model=hky_g4,1,2,low,800,hky_g4,0.989,True,3
ils=low|rep=01|length=800|model=hky_g4,1,2,low,800,hky_g4,0.333,False,2
ils=low|rep=01|length=800|model=hky_g4,1,3,low,800,hky_g4,0.333,True,3
ils=low|rep=01|length=800|model=hky_g4,1,3,low,800,hky_g4,0.984,True,2
ils=low|rep=01|length=800|model=hky_g4,1,3,low,800,hky_g4,1.0,True,4
ils=low|rep=01|length=800|model=hky_g4,1,3,low,800,hky_g4,0.333,False,7
ils=low|rep=01|length=800|model=hky_g4,1,3,low,800,hky_g4,0.333,False,10
ils=low|rep=01|length=800|model=hky_g4,1,3,low,800,hky_g4,0.333,False,3
ils=low|rep=01|length=800|model=hky_g4,1,3,low,800,hky_g4,0.333,False,2
ils=low|rep=01|length=800|model=hky_g4,1,3,low,800,hky_g4,0.333,False,7
ils=low|rep=01|length=800|model=hky_g4,1,3,low,800,hky_g4,0.995,True,6
ils=low|rep=01|length=800|model=hky_g4,1,3,low,800,hky_g4,0.333,True,4
ils=low|rep=01|length=800|model=hky_g4,1,3,low,800,hky_g4,0.333,False,3
ils=low|rep=01|length=800|model=hky_g4,1,3,low,800,hky_g4,1.0,True,2
ils=low|rep=01|length=800|model=hky_g4,1,3,low,800,hky_g4,0.333,False,2
ils=low|rep=01|length=800|model=hky_g4,1,3,low,800,hky_g4,0.333,False,4
ils=low|rep=01|length=800|model=hky_g4,1,3,low,800,hky_g4,0.996,True,3
ils=low|rep=01|length=800|model=hky_g4,1,3,low,800,hky_g4,0.333,False,2
ils=low|rep=01|length=800|model=hky_g4,1,3,low,800,hky_g4,1.0,True,3
ils=low|rep=01|length=800|model=hky_g4,1,3,low,800,hky_g4,0.997,True,2
ils=low|rep=01|length=800|model=hky_g4,1,4,low,800,hky_g4,0.333,False,2
ils=low|rep=01|length=800|model=hky_g4,1,4,low,800,hky_g4,0.333,False,3
ils=low|rep=01|length=800|model=hky_g4,1,4,low,800,hky_g4,0.994,True,4
ils=low|rep=01|length=800|model=hky_g4,1,4,low,800,hky_g4,0.333,False,7
ils=low|rep=01|length=800|model=hky_g4,1,4,low,800,hky_g4,0.999,True,6
ils=low|rep=01|length=800|model=hky_g4,1,4,low,800,hky_g4,0.96,True,5
ils=low|rep=01|length=800|model=hky_g4,1,4,low,800,hky_g4,0.333,False,3
ils=low|rep=01|length=800|model=hky_g4,1,4,low,800,hky_g4,0.984,True,2
ils=low|rep=01|length=800|model=hky_g4,1,4,low,800,hky_g4,0.333,True,2
ils=low|rep=01|length=800|model=hky_g4,1,4,low,800,hky_g4,0.996,True,10
ils=low|rep=01|length=800|model=hky_g4,1,4,low,800,hky_g4,0.333,False,8
ils=low|rep=01|length=800|model=hky_g4,1,4,low,800,hky_g4,0.985,True,2
ils=low|rep=01|length=800|model=hky_g4,1,4,low,800,hky_g4,1.0,True,6
ils=low|rep=01|length=800|model=hky_g4,1,4,low,800,hky_g4,0.333,False,5
ils=low|rep=01|length=800|model=hky_g4,1,4,low,800,hky_g4,0.443,False,2
ils=low|rep=01|length=800|model=hky_g4,1,4,low,800,hky_g4,0.333,True,3
ils=low|rep=01|length=800|model=hky_g4,1,4,low,800,hky_g4,0.997,True,2
ils=low|rep=01|length=800|model=hky_g4,1,4,low,800,hky_g4,0.333,False,2
ils=low|rep=01|length=800|model=hky_g4,1,5,low,800,hky_g4,0.333,False,2
ils=low|rep=01|length=800|model=hky_g4,1,5,low,800,hky_g4,0.333,False,3
ils=low|rep=01|length=800|model=hky_g4,1,5,low,800,hky_g4,0.333,False,9
ils=low|rep=01|length=800|model=hky_g4,1,5,low,800,hky_g4,0.333,False,5
ils=low|rep=01|length=800|model=hky_g4,1,5,low,800,hky_g4,1.0,True,4
ils=low|rep=01|length=800|model=hky_g4,1,5,low,800,hky_g4,0.333,False,3
ils=low|rep=01|length=800|model=hky_g4,1,5,low,800,hky_g4,,False,2
ils=low|rep=01|length=800|model=hky_g4,1,5,low,800,hky_g4,,False,4
ils=low|rep=01|length=800|model=hky_g4,1,5,low,800,hky_g4,,False,3
ils=low|rep=01|length=800|model=hky_g4,1,5,low,800,hky_g4,,False,2
ils=low|rep=01|length=800|model=hky_g4,1,5,low,800,hky_g4,0.333,False,9
ils=low|rep=01|length=800|model=hky_g4,1,5,low,800,hky_g4,0.333,False,8
ils=low|rep=01|length=800|model=hky_g4,1,5,low,800,hky_g4,0.333,False,2
ils=low|rep=01|length=800|model=hky_g4,1,5,low,800,hky_g4,0.333,False,6
ils=low|rep=01|length=800|model=hky_g4,1,5,low,800,hky_g4,0.999,True,5
ils=low|rep=01|length=800|model=hky_g4,1,5,low,800,hky_g4,0.333,False,3
ils=low|rep=01|length=800|model=hky_g4,1,5,low,800,hky_g4,,False,2
ils=low|rep=01|length=800|model=hky_g4,1,5,low,800,hky_g4,0.333,False,2
ils=low|rep=01|length=800|model=hky_g4,1,6,low,800,hky_g4,0.333,False,2
ils=low|rep=01|length=800|model=hky_g4,1,6,low,800,hky_g4,0.333,False,5
ils=low|rep=01|length=800|model=hky_g4,1,6,low,800,hky_g4,0.333,False,3
ils=low|rep=01|length=800|model=hky_g4,1,6,low,800,hky_g4,1.0,True,2
ils=low|rep=01|length=800|model=hky_g4,1,6,low,800,hky_g4,0.333,False,8
ils=low|rep=01|length=800|model=hky_g4,1,6,low,800,hky_g4,0.334,False,9
ils=low|rep=01|length=800|model=hky_g4,1,6,low,800,hky_g4,0.553,True,6
ils=low|rep=01|length=800|model=hky_g4,1,6,low,800,hky_g4,0.333,False,2
ils=low|rep=01|length=800|model=hky_g4,1,6,low,800,hky_g4,0.333,False,4
ils=low|rep=01|length=800|model=hky_g4,1,6,low,800,hky_g4,0.333,False,3
ils=low|rep=01|length=800|model=hky_g4,1,6,low,800,hky_g4,1.0,True,2
ils=low|rep=01|length=800|model=hky_g4,1,6,low,800,hky_g4,0.997,True,6
ils=low|rep=01|length=800|model=hky_g4,1,6,low,800,hky_g4,0.333,False,5
ils=low|rep=01|length=800|model=hky_g4,1,6,low,800,hky_g4,0.995,True,4
ils=low|rep=01|length=800|model=hky_g4,1,6,low,800,hky_g4,0.992,True,2
ils=low|rep=01|length=800|model=hky_g4,1,6,low,800,hky_g4,0.333,True,2
ils=low|rep=01|length=800|model=hky_g4,1,6,low,800,hky_g4,0.333,False,3
ils=low|rep=01|length=800|model=hky_g4,1,6,low,800,hky_g4,0.584,True,2
ils=low|rep=01|length=800|model=hky_g4,1,7,low,800,hky_g4,0.333,False,7
ils=low|rep=01|length=800|model=hky_g4,1,7,low,800,hky_g4,0.333,False,4
ils=low|rep=01|length=800|model=hky_g4,1,7,low,800,hky_g4,0.99,True,3
ils=low|rep=01|length=800|model=hky_g4,1,7,low,800,hky_g4,0.99,True,2
ils=low|rep=01|length=800|model=hky_g4,1,7,low,800,hky_g4,0.333,True,10
ils=low|rep=01|length=800|model=hky_g4,1,7,low,800,hky_g4,0.997,True,4
ils=low|rep=01|length=800|model=hky_g4,1,7,low,800,hky_g4,0.333,False,3
ils=low|rep=01|length=800|model=hky_g4,1,7,low,800,hky_g4,0.333,True,2
ils=low|rep=01|length=800|model=hky_g4,1,7,low,800,hky_g4,0.999,True,6
ils=low|rep=01|length=800|model=hky_g4,1,7,low,800,hky_g4,0.333,False,4
ils=low|rep=01|length=800|model=hky_g4,1,7,low,800,hky_g4,0.333,False,3
ils=low|rep=01|length=800|model=hky_g4,1,7,low,800,hky_g4,1.0,True,2
ils=low|rep=01|length=800|model=hky_g4,1,7,low,800,hky_g4,0.333,False,2
ils=low|rep=01|length=800|model=hky_g4,1,7,low,800,hky_g4,0.986,True,6
ils=low|rep=01|length=800|model=hky_g4,1,7,low,800,hky_g4,0.333,False,5
ils=low|rep=01|length=800|model=hky_g4,1,7,low,800,hky_g4,0.333,False,3
ils=low|rep=01|length=800|model=hky_g4,1,7,low,800,hky_g4,1.0,True,2
ils=low|rep=01|length=800|model=hky_g4,1,7,low,800,hky_g4,0.333,False,2
ils=low|rep=01|length=800|model=hky,1,1,low,800,hky,0.333,True,2
ils=low|rep=01|length=800|model=hky,1,1,low,800,hky,0.333,False,4
ils=low|rep=01|length=800|model=hky,1,1,low,800,hky,0.999,True,2
ils=low|rep=01|length=800|model=hky,1,1,low,800,hky,0.968,False,2
ils=low|rep=01|length=800|model=hky,1,1,low,800,hky,0.333,False,6
ils=low|rep=01|length=800|model=hky,1,1,low,800,hky,0.333,False,7
ils=low|rep=01|length=800|model=hky,1,1,low,800,hky,0.333,False,10
ils=low|rep=01|length=800|model=hky,1,1,low,800,hky,0.333,False,9
ils=low|rep=01|length=800|model=hky,1,1,low,800,hky,0.991,True,7
ils=low|rep=01|length=800|model=hky,1,1,low,800,hky,0.993,True,6
ils=low|rep=01|length=800|model=hky,1,1,low,800,hky,0.333,False,4
ils=low|rep=01|length=800|model=hky,1,1,low,800,hky,0.333,False,3
ils=low|rep=01|length=800|model=hky,1,1,low,800,hky,0.333,False,2
ils=low|rep=01|length=800|model=hky,1,1,low,800,hky,1.0,True,2
ils=low|rep=01|length=800|model=hky,1,1,low,800,hky,1.0,True,2
ils=low|rep=01|length=800|model=hky,1,1,low,800,hky,0.342,False,4
ils=low|rep=01|length=800|model=hky,1,1,low,800,hky,0.372,True,3
ils=low|rep=01|length=800|model=hky,1,1,low,800,hky,0.988,True,2
ils=low|rep=01|length=800|model=hky,1,2,low,800,hky,0.988,False,2
ils=low|rep=01|length=800|model=hky,1,2,low,800,hky,0.333,False,5
ils=low|rep=01|length=800|model=hky,1,2,low,800,hky,0.927,False,2
ils=low|rep=01|length=800|model=hky,1,2,low,800,hky,0.333,False,7
ils=low|rep=01|length=800|model=hky,1,2,low,800,hky,0.333,False,8
ils=low|rep=01|length=800|model=hky,1,2,low,800,hky,0.333,False,5
ils=low|rep=01|length=800|model=hky,1,2,low,800,hky,1.0,True,4
ils=low|rep=01|length=800|model=hky,1,2,low,800,hky,0.333,False,3
ils=low|rep=01|length=800|model=hky,1,2,low,800,hky,0.333,False,2
ils=low|rep=01|length=800|model=hky,1,2,low,800,hky,0.333,False,8
ils=low|rep=01|length=800|model=hky,1,2,low,800,hky,0.333,False,7
ils=low|rep=01|length=800|model=hky,1,2,low,800,hky,0.333,False,6
ils=low|rep=01|length=800|model=hky,1,2,low,800,hky,1.0,True,4
ils=low|rep=01|length=800|model=hky,1,2,low,800,hky,0.333,False,3
ils=low|rep=01|length=800|model=hky,1,2,low,800,hky,0.333,False,2
ils=low|rep=01|length=800|model=hky,1,2,low,800,hky,0.998,True,2
ils=low|rep=01|length=800|model=hky,1,2,low,800,hky,0.997,True,3
ils=low|rep=01|length=800|model=hky,1,2,low,800,hky,0.333,False,2
ils=low|rep=01|length=800|model=hky,1,3,low,800,hky,0.333,True,3
ils=low|rep=01|length=800|model=hky,1,3,low,800,hky,0.991,True,2
ils=low|rep=01|length=800|model=hky,1,3,low,800,hky,1.0,True,4
ils=low|rep=01|length=800|model=hky,1,3,low,800,hky,0.333,False,5
ils=low|rep=01|length=800|model=hky,1,3,low,800,hky,0.333,False,4
ils=low|rep=01|length=800|model=hky,1,3,low,800,hky,1.0,True,3
ils=low|rep=01|length=800|model=hky,1,3,low,800,hky,1.0,True,2
ils=low|rep=01|length=800|model=hky,1,3,low,800,hky,0.333,False,9
ils=low|rep=01|length=800|model=hky,1,3,low,800,hky,0.333,False,8
ils=low|rep=01|length=800|model=hky,1,3,low,800,hky,0.333,True,7
ils=low|rep=01|length=800|model=hky,1,3,low,800,hky,0.983,True,6
ils=low|rep=01|length=800|model=hky,1,3,low,800,hky,0.333,False,4
ils=low|rep=01|length=800|model=hky,1,3,low,800,hky,0.333,False,3
ils=low|rep=01|length=800|model=hky,1,3,low,800,hky,0.333,False,2
ils=low|rep=01|length=800|model=hky,1,3,low,800,hky,1.0,True,2
ils=low|rep=01|length=800|model=hky,1,3,low,800,hky,0.333,False,4
ils=low|rep=01|length=800|model=hky,1,3,low,800,hky,0.998,True,3
ils=low|rep=01|length=800|model=hky,1,3,low,800,hky,0.333,False,2
ils=low|rep=01|length=800|model=hky,1,4,low,800,hky,0.333,False,2
ils=low|rep=01|length=800|model=hky,1,4,low,800,hky,0.333,False,3
ils=low|rep=01|length=800|model=hky,1,4,low,800,hky,0.999,True,4
ils=low|rep=01|length=800|model=hky,1,4,low,800,hky,0.333,False,7
ils=low|rep=01|length=800|model=hky,1,4,low,800,hky,1.0,True,6
ils=low|rep=01|length=800|model=hky,1,4,low,800,hky,0.99,True,5
ils=low|rep=01|length=800|model=hky,1,4,low,800,hky,0.333,False,3
ils=low|rep=01|length=800|model=hky,1,4,low,800,hky,0.996,True,2
ils=low|rep=01|length=800|model=hky,1,4,low,800,hky,0.333,True,2
ils=low|rep=01|length=800|model=hky,1,4,low,800,hky,0.999,True,10
ils=low|rep=01|length=800|model=hky,1,4,low,800,hky,0.333,False,8
ils=low|rep=01|length=800|model=hky,1,4,low,800,hky,0.996,True,2
ils=low|rep=01|length=800|model=hky,1,4,low,800,hky,1.0,True,6
ils=low|rep=01|length=800|model=hky,1,4,low,800,hky,0.333,False,5
ils=low|rep=01|length=800|model=hky,1,4,low,800,hky,0.444,False,2
ils=low|rep=01|length=800|model=hky,1,4,low,800,hky,0.333,True,3
ils=low|rep=01|length=800|model=hky,1,4,low,800,hky,0.999,True,2
ils=low|rep=01|length=800|model=hky,1,4,low,800,hky,0.333,False,2
ils=low|rep=01|length=800|model=hky,1,5,low,800,hky,1.0,True,4
ils=low|rep=01|length=800|model=hky,1,5,low,800,hky,0.333,False,3
ils=low|rep=01|length=800|model=hky,1,5,low,800,hky,,False,2
ils=low|rep=01|length=800|model=hky,1,5,low,800,hky,0.333,False,5
ils=low|rep=01|length=800|model=hky,1,5,low,800,hky,0.333,False,7
ils=low|rep=01|length=800|model=hky,1,5,low,800,hky,0.333,False,8
ils=low|rep=01|length=800|model=hky,1,5,low,800,hky,0.333,False,3
ils=low|rep=01|length=800|model=hky,1,5,low,800,hky,0.333,False,2
ils=low|rep=01|length=800|model=hky,1,5,low,800,hky,0.333,False,10
ils=low|rep=01|length=800|model=hky,1,5,low,800,hky,,False,4
ils=low|rep=01|length=800|model=hky,1,5,low,800,hky,,False,3
ils=low|rep=01|length=800|model=hky,1,5,low,800,hky,,False,2
ils=low|rep=01|length=800|model=hky,1,5,low,800,hky,0.333,False,6
ils=low|rep=01|length=800|model=hky,1,5,low,800,hky,0.999,True,5
ils=low|rep=01|length=800|model=hky,1,5,low,800,hky,0.333,False,3
ils=low|rep=01|length=800|model=hky,1,5,low,800,hky,,False,2
ils=low|rep=01|length=800|model=hky,1,5,low,800,hky,0.333,False,2
ils=low|rep=01|length=800|model=hky,1,5,low,800,hky,0.333,False,2
ils=low|rep=01|length=800|model=hky,1,6,low,800,hky,0.333,False,3
ils=low|rep=01|length=800|model=hky,1,6,low,800,hky,0.333,False,6
ils=low|rep=01|length=800|model=hky,1,6,low,800,hky,0.333,False,8
ils=low|rep=01|length=800|model=hky,1,6,low,800,hky,0.334,False,9
ils=low|rep=01|length=800|model=hky,1,6,low,800,hky,0.998,True,6
ils=low|rep=01|length=800|model=hky,1,6,low,800,hky,0.333,False,3
ils=low|rep=01|length=800|model=hky,1,6,low,800,hky,1.0,True,2
ils=low|rep=01|length=800|model=hky,1,6,low,800,hky,0.333,False,3
ils=low|rep=01|length=800|model=hky,1,6,low,800,hky,0.333,False,2
ils=low|rep=01|length=800|model=hky,1,6,low,800,hky,0.999,True,6
ils=low|rep=01|length=800|model=hky,1,6,low,800,hky,0.333,False,5
ils=low|rep=01|length=800|model=hky,1,6,low,800,hky,0.999,True,4
ils=low|rep=01|length=800|model=hky,1,6,low,800,hky,0.998,True,2
ils=low|rep=01|length=800|model=hky,1,6,low,800,hky,0.333,True,2
ils=low|rep=01|length=800|model=hky,1,6,low,800,hky,0.333,False,2
ils=low|rep=01|length=800|model=hky,1,6,low,800,hky,0.333,False,3
ils=low|rep=01|length=800|model=hky,1,6,low,800,hky,0.604,True,2
ils=low|rep=01|length=800|model=hky,1,6,low,800,hky,1.0,True,2
ils=low|rep=01|length=800|model=hky,1,7,low,800,hky,0.333,False,7
ils=low|rep=01|length=800|model=hky,1,7,low,800,hky,0.333,False,4
ils=low|rep=01|length=800|model=hky,1,7,low,800,hky,0.994,True,3
ils=low|rep=01|length=800|model=hky,1,7,low,800,hky,0.993,True,2
ils=low|rep=01|length=800|model=hky,1,7,low,800,hky,0.333,True,10
ils=low|rep=01|length=800|model=hky,1,7,low,800,hky,0.999,True,4
ils=low|rep=01|length=800|model=hky,1,7,low,800,hky,0.333,False,2
ils=low|rep=01|length=800|model=hky,1,7,low,800,hky,0.333,False,2
ils=low|rep=01|length=800|model=hky,1,7,low,800,hky,0.999,True,6
ils=low|rep=01|length=800|model=hky,1,7,low,800,hky,0.333,False,4
ils=low|rep=01|length=800|model=hky,1,7,low,800,hky,0.333,False,3
ils=low|rep=01|length=800|model=hky,1,7,low,800,hky,1.0,True,2
ils=low|rep=01|length=800|model=hky,1,7,low,800,hky,0.333,False,2
ils=low|rep=01|length=800|model=hky,1,7,low,800,hky,0.992,True,6
ils=low|rep=01|length=800|model=hky,1,7,low,800,hky,0.333,False,4
ils=low|rep=01|length=800|model=hky,1,7,low,800,hky,0.333,False,2
ils=low|rep=01|length=800|model=hky,1,7,low,800,hky,0.333,False,2
ils=low|rep=01|length=800|model=hky,1,7,low,800,hky,1.0,True,2
ils=low|rep=01|length=800|model=jc,1,1,low,800,jc,0.333,False,8
ils=low|rep=01|length=800|model=jc,1,1,low,800,jc,0.333,False,9
ils=low|rep=01|length=800|model=jc,1,1,low,800,jc,0.333,False,5
ils=low|rep=01|length=800|model=jc,1,1,low,800,jc,0.333,False,4
ils=low|rep=01|length=800|model=jc,1,1,low,800,jc,0.333,False,3
ils=low|rep=01|length=800|model=jc,1,1,low,800,jc,0.968,False,2
ils=low|rep=01|length=800|model=jc,1,1,low,800,jc,0.333,False,4
ils=low|rep=01|length=800|model=jc,1,1,low,800,jc,0.998,True,2
ils=low|rep=01|length=800|model=jc,1,1,low,800,jc,1.0,True,2
ils=low|rep=01|length=800|model=jc,1,1,low,800,jc,0.352,False,4
ils=low|rep=01|length=800|model=jc,1,1,low,800,jc,0.353,True,3
ils=low|rep=01|length=800|model=jc,1,1,low,800,jc,0.99,True,2
ils=low|rep=01|length=800|model=jc,1,1,low,800,jc,0.992,True,7
ils=low|rep=01|length=800|model=jc,1,1,low,800,jc,0.992,True,6
ils=low|rep=01|length=800|model=jc,1,1,low,800,jc,0.333,False,4
ils=low|rep=01|length=800|model=jc,1,1,low,800,jc,0.333,False,3
ils=low|rep=01|length=800|model=jc,1,1,low,800,jc,0.333,False,2
ils=low|rep=01|length=800|model=jc,1,1,low,800,jc,1.0,True,2
ils=low|rep=01|length=800|model=jc,1,2,low,800,jc,0.992,False,2
ils=low|rep=01|length=800|model=jc,1,2,low,800,jc,0.333,False,5
ils=low|rep=01|length=800|model=jc,1,2,low,800,jc,0.333,False,6
ils=low|rep=01|length=800|model=jc,1,2,low,800,jc,0.937,False,2
ils=low|rep=01|length=800|model=jc,1,2,low,800,jc,0.997,True,4
ils=low|rep=01|length=800|model=jc,1,2,low,800,jc,0.333,True,3
ils=low|rep=01|length=800|model=jc,1,2,low,800,jc,0.333,True,2
ils=low|rep=01|length=800|model=jc,1,2,low,800,jc,0.333,True,10
ils=low|rep=01|length=800|model=jc,1,2,low,800,jc,0.333,False,9
ils=low|rep=01|length=800|model=jc,1,2,low,800,jc,0.333,False,8
ils=low|rep=01|length=800|model=jc,1,2,low,800,jc,0.333,False,6
ils=low|rep=01|length=800|model=jc,1,2,low,800,jc,1.0,True,4
ils=low|rep=01|length=800|model=jc,1,2,low,800,jc,0.333,False,3
ils=low|rep=01|length=800|model=jc,1,2,low,800,jc,0.333,False,2
ils=low|rep=01|length=800|model=jc,1,2,low,800,jc,1.0,True,2
ils=low|rep=01|length=800|model=jc,1,2,low,800,jc,0.333,False,2
ils=low|rep=01|length=800|model=jc,1,2,low,800,jc,0.998,True,3
ils=low|rep=01|length=800|model=jc,1,2,low,800,jc,0.333,False,2
ils=low|rep=01|length=800|model=jc,1,3,low,800,jc,0.333,False,2
ils=low|rep=01|length=800|model=jc,1,3,low,800,jc,0.995,True,2
ils=low|rep=01|length=800|model=jc,1,3,low,800,jc,1.0,True,4
ils=low|rep=01|length=800|model=jc,1,3,low,800,jc,0.333,False,5
ils=low|rep=01|length=800|model=jc,1,3,low,800,jc,0.333,False,7
ils=low|rep=01|length=800|model=jc,1,3,low,800,jc,0.333,False,3
ils=low|rep=01|length=800|model=jc,1,3,low,800,jc,0.333,False,2
ils=low|rep=01|length=800|model=jc,1,3,low,800,jc,0.333,False,4
ils=low|rep=01|length=800|model=jc,1,3,low,800,jc,1.0,True,3
ils=low|rep=01|length=800|model=jc,1,3,low,800,jc,0.998,True,2
ils=low|rep=01|length=800|model=jc,1,3,low,800,jc,0.333,False,9
ils=low|rep=01|length=800|model=jc,1,3,low,800,jc,0.999,True,3
ils=low|rep=01|length=800|model=jc,1,3,low,800,jc,0.333,False,2
ils=low|rep=01|length=800|model=jc,1,3,low,800,jc,0.998,True,6
ils=low|rep=01|length=800|model=jc,1,3,low,800,jc,0.333,False,5
ils=low|rep=01|length=800|model=jc,1,3,low,800,jc,0.333,False,4
ils=low|rep=01|length=800|model=jc,1,3,low,800,jc,0.333,False,3
ils=low|rep=01|length=800|model=jc,1,3,low,800,jc,1.0,True,2
ils=low|rep=01|length=800|model=jc,1,4,low,800,jc,0.333,False,2
ils=low|rep=01|length=800|model=jc,1,4,low,800,jc,0.333,False,3
ils=low|rep=01|length=800|model=jc,1,4,low,800,jc,0.606,False,7
ils=low|rep=01|length=800|model=jc,1,4,low,800,jc,1.0,True,6
ils=low|rep=01|length=800|model=jc,1,4,low,800,jc,0.986,True,5
ils=low|rep=01|length=800|model=jc,1,4,low,800,jc,0.333,True,4
ils=low|rep=01|length=800|model=jc,1,4,low,800,jc,0.998,True,2
ils=low|rep=01|length=800|model=jc,1,4,low,800,jc,0.333,True,2
ils=low|rep=01|length=800|model=jc,1,4,low,800,jc,0.976,False,10
ils=low|rep=01|length=800|model=jc,1,4,low,800,jc,0.976,True,10
ils=low|rep=01|length=800|model=jc,1,4,low,800,jc,0.333,False,9
ils=low|rep=01|length=800|model=jc,1,4,low,800,jc,0.333,False,8
ils=low|rep=01|length=800|model=jc,1,4,low,800,jc,0.998,True,2
ils=low|rep=01|length=800|model=jc,1,4,low,800,jc,1.0,True,6
ils=low|rep=01|length=800|model=jc,1,4,low,800,jc,0.333,False,4
ils=low|rep=01|length=800|model=jc,1,4,low,800,jc,0.334,False,2
ils=low|rep=01|length=800|model=jc,1,4,low,800,jc,0.333,False,2
ils=low|rep=01|length=800|model=jc,1,4,low,800,jc,0.998,True,2
ils=low|rep=01|length=800|model=jc,1,5,low,800,jc,0.333,False,2
ils=low|rep=01|length=800|model=jc,1,5,low,800,jc,0.333,False,4
ils=low|rep=01|length=800|model=jc,1,5,low,800,jc,0.333,False,6
ils=low|rep=01|length=800|model=jc,1,5,low,800,jc,0.333,False,5
ils=low|rep=01|length=800|model=jc,1,5,low,800,jc,1.0,True,4
ils=low|rep=01|length=800|model=jc,1,5,low,800,jc,0.333,False,3
ils=low|rep=01|length=800|model=jc,1,5,low,800,jc,,False,2
ils=low|rep=01|length=800|model=jc,1,5,low,800,jc,0.333,False,10
ils=low|rep=01|length=800|model=jc,1,5,low,800,jc,0.333,False,5
ils=low|rep=01|length=800|model=jc,1,5,low,800,jc,,False,4
ils=low|rep=01|length=800|model=jc,1,5,low,800,jc,,False,3
ils=low|rep=01|length=800|model=jc,1,5,low,800,jc,,False,2
ils=low|rep=01|length=800|model=jc,1,5,low,800,jc,0.333,False,6
ils=low|rep=01|length=800|model=jc,1,5,low,800,jc,0.998,True,5
ils=low|rep=01|length=800|model=jc,1,5,low,800,jc,0.333,False,4
ils=low|rep=01|length=800|model=jc,1,5,low,800,jc,0.333,False,3
ils=low|rep=01|length=800|model=jc,1,5,low,800,jc,,False,2
ils=low|rep=01|length=800|model=jc,1,5,low,800,jc,0.333,False,2
ils=low|rep=01|length=800|model=jc,1,6,low,800,jc,0.333,False,2
ils=low|rep=01|length=800|model=jc,1,6,low,800,jc,0.333,False,4
ils=low|rep=01|length=800|model=jc,1,6,low,800,jc,0.333,False,2
ils=low|rep=01|length=800|model=jc,1,6,low,800,jc,0.333,False,6
ils=low|rep=01|length=800|model=jc,1,6,low,800,jc,0.333,False,3
ils=low|rep=01|length=800|model=jc,1,6,low,800,jc,0.583,False,2
ils=low|rep=01|length=800|model=jc,1,6,low,800,jc,0.363,False,9
ils=low|rep=01|length=800|model=jc,1,6,low,800,jc,0.363,True,6
ils=low|rep=01|length=800|model=jc,1,6,low,800,jc,0.333,False,4
ils=low|rep=01|length=800|model=jc,1,6,low,800,jc,0.333,False,3
ils=low|rep=01|length=800|model=jc,1,6,low,800,jc,1.0,True,2
ils=low|rep=01|length=800|model=jc,1,6,low,800,jc,0.333,False,2
ils=low|rep=01|length=800|model=jc,1,6,low,800,jc,0.999,True,6
ils=low|rep=01|length=800|model=jc,1,6,low,800,jc,0.333,True,2
ils=low|rep=01|length=800|model=jc,1,6,low,800,jc,0.998,True,4
ils=low|rep=01|length=800|model=jc,1,6,low,800,jc,0.333,False,3
ils=low|rep=01|length=800|model=jc,1,6,low,800,jc,0.999,True,2
ils=low|rep=01|length=800|model=jc,1,6,low,800,jc,1.0,True,2
ils=low|rep=01|length=800|model=jc,1,7,low,800,jc,0.333,False,2
ils=low|rep=01|length=800|model=jc,1,7,low,800,jc,0.333,False,7
ils=low|rep=01|length=800|model=jc,1,7,low,800,jc,0.995,True,3
ils=low|rep=01|length=800|model=jc,1,7,low,800,jc,0.993,True,2
ils=low|rep=01|length=800|model=jc,1,7,low,800,jc,0.998,True,4
ils=low|rep=01|length=800|model=jc,1,7,low,800,jc,0.333,False,3
ils=low|rep=01|length=800|model=jc,1,7,low,800,jc,0.333,True,2
ils=low|rep=01|length=800|model=jc,1,7,low,800,jc,0.333,False,9
ils=low|rep=01|length=800|model=jc,1,7,low,800,jc,0.998,True,6
ils=low|rep=01|length=800|model=jc,1,7,low,800,jc,0.333,False,4
ils=low|rep=01|length=800|model=jc,1,7,low,800,jc,0.333,False,2
ils=low|rep=01|length=800|model=jc,1,7,low,800,jc,0.333,False,2
ils=low|rep=01|length=800|model=jc,1,7,low,800,jc,1.0,True,2
ils=low|rep=01|length=800|model=jc,1,7,low,800,jc,0.999,True,6
ils=low|rep=01|length=800|model=jc,1,7,low,800,jc,0.333,True,4
ils=low|rep=01|length=800|model=jc,1,7,low,800,jc,0.333,False,3
ils=low|rep=01|length=800|model=jc,1,7,low,800,jc,1.0,True,2
ils=low|rep=01|length=800|model=jc,1,7,low,800,jc,0.333,False,2
ils=low|rep=02|length=200|model=gtr_g4,2,1,low,200,gtr_g4,0.433,True,7
ils=low|rep=02|length=200|model=gtr_g4,2,1,low,200,gtr_g4,0.581,False,8
ils=low|rep=02|length=200|model=gtr_g4,2,1,low,200,gtr_g4,0.425,False,10
ils=low|rep=02|length=200|model=gtr_g4,2,1,low,200,gtr_g4,0.842,False,7
ils=low|rep=02|length=200|model=gtr_g4,2,1,low,200,gtr_g4,0.333,False,6
ils=low|rep=02|length=200|model=gtr_g4,2,1,low,200,gtr_g4,0.438,False,5
ils=low|rep=02|length=200|model=gtr_g4,2,1,low,200,gtr_g4,0.999,True,4
ils=low|rep=02|length=200|model=gtr_g4,2,1,low,200,gtr_g4,0.382,False,3
ils=low|rep=02|length=200|model=gtr_g4,2,1,low,200,gtr_g4,0.333,True,2
ils=low|rep=02|length=200|model=gtr_g4,2,1,low,200,gtr_g4,0.333,False,3
ils=low|rep=02|length=200|model=gtr_g4,2,1,low,200,gtr_g4,0.997,True,2
ils=low|rep=02|length=200|model=gtr_g4,2,1,low,200,gtr_g4,0.583,True,3
ils=low|rep=02|length=200|model=gtr_g4,2,1,low,200,gtr_g4,0.994,True,2
ils=low|rep=02|length=200|model=gtr_g4,2,1,low,200,gtr_g4,0.629,True,6
ils=low|rep=02|length=200|model=gtr_g4,2,1,low,200,gtr_g4,0.333,False,5
ils=low|rep=02|length=200|model=gtr_g4,2,1,low,200,gtr_g4,0.968,True,4
ils=low|rep=02|length=200|model=gtr_g4,2,1,low,200,gtr_g4,0.851,True,2
ils=low|rep=02|length=200|model=gtr_g4,2,1,low,200,gtr_g4,1.0,True,2
ils=low|rep=02|length=200|model=gtr_g4,2,2,low,200,gtr_g4,0.333,False,4
ils=low|rep=02|length=200|model=gtr_g4,2,2,low,200,gtr_g4,0.891,True,5
ils=low|rep=02|length=200|model=gtr_g4,2,2,low,200,gtr_g4,0.606,False,3
ils=low|rep=02|length=200|model=gtr_g4,2,2,low,200,gtr_g4,1.0,True,2
ils=low|rep=02|length=200|model=gtr_g4,2,2,low,200,gtr_g4,0.998,True,2
ils=low|rep=02|length=200|model=gtr_g4,2,2,low,200,gtr_g4,0.713,False,9
ils=low|rep=02|length=200|model=gtr_g4,2,2,low,200,gtr_g4,0.967,False,3
ils=low|rep=02|length=200|model=gtr_g4,2,2,low,200,gtr_g4,0.611,False,2
ils=low|rep=02|length=200|model=gtr_g4,2,2,low,200,gtr_g4,1.0,True,9
ils=low|rep=02|length=200|model=gtr_g4,2,2,low,200,gtr_g4,0.333,False,8
ils=low|rep=02|length=200|model=gtr_g4,2,2,low,200,gtr_g4,0.608,False,7
ils=low|rep=02|length=200|model=gtr_g4,2,2,low,200,gtr_g4,0.437,False,6
ils=low|rep=02|length=200|model=gtr_g4,2,2,low,200,gtr_g4,1.0,True,2
ils=low|rep=02|length=200|model=gtr_g4,2,2,low,200,gtr_g4,1.0,True,4
ils=low|rep=02|length=200|model=gtr_g4,2,2,low,200,gtr_g4,0.333,True,2
ils=low|rep=02|length=200|model=gtr_g4,2,2,low,200,gtr_g4,0.333,True,2
ils=low|rep=02|length=200|model=gtr_g4,2,2,low,200,gtr_g4,0.999,True,3
ils=low|rep=02|length=200|model=gtr_g4,2,2,low,200,gtr_g4,0.995,True,2
ils=low|rep=02|length=200|model=gtr_g4,2,3,low,200,gtr_g4,0.363,True,2
ils=low|rep=02|length=200|model=gtr_g4,2,3,low,200,gtr_g4,0.595,False,3
ils=low|rep=02|length=200|model=gtr_g4,2,3,low,200,gtr_g4,1.0,True,2
ils=low|rep=02|length=200|model=gtr_g4,2,3,low,200,gtr_g4,0.801,False,5
ils=low|rep=02|length=200|model=gtr_g4,2,3,low,200,gtr_g4,0.829,False,2
ils=low|rep=02|length=200|model=gtr_g4,2,3,low,200,gtr_g4,0.336,True,7
ils=low|rep=02|length=200|model=gtr_g4,2,3,low,200,gtr_g4,0.834,False,8
ils=low|rep=02|length=200|model=gtr_g4,2,3,low,200,gtr_g4,0.341,False,4
ils=low|rep=02|length=200|model=gtr_g4,2,3,low,200,gtr_g4,0.999,True,3
ils=low|rep=02|length=200|model=gtr_g4,2,3,low,200,gtr_g4,0.818,True,2
ils=low|rep=02|length=200|model=gtr_g4,2,3,low,200,gtr_g4,0.977,True,9
ils=low|rep=02|length=200|model=gtr_g4,2,3,low,200,gtr_g4,0.666,False,8
ils=low|rep=02|length=200|model=gtr_g4,2,3,low,200,gtr_g4,0.937,True,6
ils=low|rep=02|length=200|model=gtr_g4,2,3,low,200,gtr_g4,0.823,False,2
ils=low|rep=02|length=200|model=gtr_g4,2,3,low,200,gtr_g4,0.994,True,4
ils=low|rep=02|length=200|model=gtr_g4,2,3,low,200,gtr_g4,0.333,False,3
ils=low|rep=02|length=200|model=gtr_g4,2,3,low,200,gtr_g4,0.901,True,2
ils=low|rep=02|length=200|model=gtr_g4,2,3,low,200,gtr_g4,0.36,True,2
ils=low|rep=02|length=200|model=gtr_g4,2,4,low,200,gtr_g4,0.686,False,3
ils=low|rep=02|length=200|model=gtr_g4,2,4,low,200,gtr_g4,0.999,True,9
ils=low|rep=02|length=200|model=gtr_g4,2,4,low,200,gtr_g4,0.822,True,9
ils=low|rep=02|length=200|model=gtr_g4,2,4,low,200,gtr_g4,0.333,True,8
ils=low|rep=02|length=200|model=gtr_g4,2,4,low,200,gtr_g4,0.354,False,5
ils=low|rep=02|length=200|model=gtr_g4,2,4,low,200,gtr_g4,0.999,True,4
ils=low|rep=02|length=200|model=gtr_g4,2,4,low,200,gtr_g4,0.987,True,3
ils=low|rep=02|length=200|model=gtr_g4,2,4,low,200,gtr_g4,0.503,False,2
ils=low|rep=02|length=200|model=gtr_g4,2,4,low,200,gtr_g4,0.548,True,3
ils=low|rep=02|length=200|model=gtr_g4,2,4,low,200,gtr_g4,1.0,True,2
ils=low|rep=02|length=200|model=gtr_g4,2,4,low,200,gtr_g4,0.576,True,3
ils=low|rep=02|length=200|model=gtr_g4,2,4,low,200,gtr_g4,0.998,True,2
ils=low|rep=02|length=200|model=gtr_g4,2,4,low,200,gtr_g4,0.401,True,6
ils=low|rep=02|length=200|model=gtr_g4,2,4,low,200,gtr_g4,0.55,False,2
ils=low|rep=02|length=200|model=gtr_g4,2,4,low,200,gtr_g4,0.996,True,4
ils=low|rep=02|length=200|model=gtr_g4,2,4,low,200,gtr_g4,0.999,True,2
ils=low|rep=02|length=200|model=gtr_g4,2,4,low,200,gtr_g4,1.0,True,2
ils=low|rep=02|length=200|model=gtr_g4,2,4,low,200,gtr_g4,0.461,True,2
ils=low|rep=02|length=200|model=gtr_g4,2,5,low,200,gtr_g4,0.497,False,2
ils=low|rep=02|length=200|model=gtr_g4,2,5,low,200,gtr_g4,0.488,False,3
ils=low|rep=02|length=200|model=gtr_g4,2,5,low,200,gtr_g4,0.365,False,6
ils=low|rep=02|length=200|model=gtr_g4,2,5,low,200,gtr_g4,0.992,True,4
ils=low|rep=02|length=200|model=gtr_g4,2,5,low,200,gtr_g4,0.813,True,2
ils=low|rep=02|length=200|model=gtr_g4,2,5,low,200,gtr_g4,1.0,True,2
ils=low|rep=02|length=200|model=gtr_g4,2,5,low,200,gtr_g4,0.71,True,2
ils=low|rep=02|length=200|model=gtr_g4,2,5,low,200,gtr_g4,1.0,True,9
ils=low|rep=02|length=200|model=gtr_g4,2,5,low,200,gtr_g4,0.998,True,3
ils=low|rep=02|length=200|model=gtr_g4,2,5,low,200,gtr_g4,0.416,False,2
ils=low|rep=02|length=200|model=gtr_g4,2,5,low,200,gtr_g4,0.607,True,9
ils=low|rep=02|length=200|model=gtr_g4,2,5,low,200,gtr_g4,0.676,True,8
ils=low|rep=02|length=200|model=gtr_g4,2,5,low,200,gtr_g4,0.333,True,4
ils=low|rep=02|length=200|model=gtr_g4,2,5,low,200,gtr_g4,0.999,True,3
ils=low|rep=02|length=200|model=gtr_g4,2,5,low,200,gtr_g4,0.468,False,2
ils=low|rep=02|length=200|model=gtr_g4,2,5,low,200,gtr_g4,0.746,True,4
ils=low|rep=02|length=200|model=gtr_g4,2,5,low,200,gtr_g4,1.0,True,2
ils=low|rep=02|length=200|model=gtr_g4,2,5,low,200,gtr_g4,0.499,True,2
ils=low|rep=02|length=200|model=gtr_g4,2,6,low,200,gtr_g4,0.351,False,5
ils=low|rep=02|length=200|model=gtr_g4,2,6,low,200,gtr_g4,0.486,False,3
ils=low|rep=02|length=200|model=gtr_g4,2,6,low,200,gtr_g4,0.844,True,2
ils=low|rep=02|length=200|model=gtr_g4,2,6,low,200,gtr_g4,0.979,True,2
ils=low|rep=02|length=200|model=gtr_g4,2,6,low,200,gtr_g4,0.333,False,6
ils=low|rep=02|length=200|model=gtr_g4,2,6,low,200,gtr_g4,0.74,False,3
ils=low|rep=02|length=200|model=gtr_g4,2,6,low,200,gtr_g4,1.0,True,2
ils=low|rep=02|length=200|model=gtr_g4,2,6,low,200,gtr_g4,0.67,True,9
ils=low|rep=02|length=200|model=gtr_g4,2,6,low,200,gtr_g4,0.999,True,9
ils=low|rep=02|length=200|model=gtr_g4,2,6,low,200,gtr_g4,0.333,False,7
ils=low|rep=02|length=200|model=gtr_g4,2,6,low,200,gtr_g4,0.992,True,5
ils=low|rep=02|length=200|model=gtr_g4,2,6,low,200,gtr_g4,0.914,True,4
ils=low|rep=02|length=200|model=gtr_g4,2,6,low,200,gtr_g4,0.637,False,3
ils=low|rep=02|length=200|model=gtr_g4,2,6,low,200,gtr_g4,0.997,True,2
ils=low|rep=02|length=200|model=gtr_g4,2,6,low,200,gtr_g4,0.998,True,2
ils=low|rep=02|length=200|model=gtr_g4,2,6,low,200,gtr_g4,0.689,True,2
ils=low|rep=02|length=200|model=gtr_g4,2,6,low,200,gtr_g4,0.998,True,3
ils=low|rep=02|length=200|model=gtr_g4,2,6,low,200,gtr_g4,0.535,True,2
ils=low|rep=02|length=200|model=gtr_g4,2,7,low,200,gtr_g4,1.0,True,2
ils=low|rep=02|length=200|model=gtr_g4,2,7,low,200,gtr_g4,0.993,True,2
ils=low|rep=02|length=200|model=gtr_g4,2,7,low,200,gtr_g4,0.579,True,4
ils=low|rep=02|length=200|model=gtr_g4,2,7,low,200,gtr_g4,0.333,False,5
ils=low|rep=02|length=200|model=gtr_g4,2,7,low,200,gtr_g4,0.673,False,2
ils=low|rep=02|length=200|model=gtr_g4,2,7,low,200,gtr_g4,0.997,False,3
ils=low|rep=02|length=200|model=gtr_g4,2,7,low,200,gtr_g4,0.347,False,2
ils=low|rep=02|length=200|model=gtr_g4,2,7,low,200,gtr_g4,0.977,True,9
ils=low|rep=02|length=200|model=gtr_g4,2,7,low,200,gtr_g4,0.427,False,10
ils=low|rep=02|length=200|model=gtr_g4,2,7,low,200,gtr_g4,0.704,True,3
ils=low|rep=02|length=200|model=gtr_g4,2,7,low,200,gtr_g4,1.0,True,2
ils=low|rep=02|length=200|model=gtr_g4,2,7,low,200,gtr_g4,0.994,True,8
ils=low|rep=02|length=200|model=gtr_g4,2,7,low,200,gtr_g4,0.333,False,7
ils=low|rep=02|length=200|model=gtr_g4,2,7,low,200,gtr_g4,0.972,False,6
ils=low|rep=02|length=200|model=gtr_g4,2,7,low,200,gtr_g4,0.333,False,4
ils=low|rep=02|length=200|model=gtr_g4,2,7,low,200,gtr_g4,1.0,False,3
ils=low|rep=02|length=200|model=gtr_g4,2,7,low,200,gtr_g4,0.507,False,2
ils=low|rep=02|length=200|model=gtr_g4,2,7,low,200,gtr_g4,0.975,False,2
ils=low|rep=02|length=200|model=gtr,2,1,low,200,gtr,0.996,False,2
ils=low|rep=02|length=200|model=gtr,2,1,low,200,gtr,0.87,False,3
ils=low|rep=02|length=200|model=gtr,2,1,low,200,gtr,0.985,True,7
ils=low|rep=02|length=200|model=gtr,2,1,low,200,gtr,0.575,False,2
ils=low|rep=02|length=200|model=gtr,2,1,low,200,gtr,0.997,False,9
ils=low|rep=02|length=200|model=gtr,2,1,low,200,gtr,0.575,False,10
ils=low|rep=02|length=200|model=gtr,2,1,low,200,gtr,0.847,False,7
ils=low|rep=02|length=200|model=gtr,2,1,low,200,gtr,0.95,False,6
ils=low|rep=02|length=200|model=gtr,2,1,low,200,gtr,0.912,False,5
ils=low|rep=02|length=200|model=gtr,2,1,low,200,gtr,1.0,True,4
ils=low|rep=02|length=200|model=gtr,2,1,low,200,gtr,0.659,False,3
ils=low|rep=02|length=200|model=gtr,2,1,low,200,gtr,0.693,False,2
ils=low|rep=02|length=200|model=gtr,2,1,low,200,gtr,0.444,False,3
ils=low|rep=02|length=200|model=gtr,2,1,low,200,gtr,1.0,True,2
ils=low|rep=02|length=200|model=gtr,2,1,low,200,gtr,1.0,True,2
ils=low|rep=02|length=200|model=gtr,2,1,low,200,gtr,0.814,True,4
ils=low|rep=02|length=200|model=gtr,2,1,low,200,gtr,0.99,True,2
ils=low|rep=02|length=200|model=gtr,2,1,low,200,gtr,1.0,True,2
ils=low|rep=02|length=200|model=gtr,2,2,low,200,gtr,0.658,False,8
ils=low|rep=02|length=200|model=gtr,2,2,low,200,gtr,0.621,False,6
ils=low|rep=02|length=200|model=gtr,2,2,low,200,gtr,0.993,False,3
ils=low|rep=02|length=200|model=gtr,2,2,low,200,gtr,1.0,True,2
ils=low|rep=02|length=200|model=gtr,2,2,low,200,gtr,1.0,True,3
ils=low|rep=02|length=200|model=gtr,2,2,low,200,gtr,0.999,True,2
ils=low|rep=02|length=200|model=gtr,2,2,low,200,gtr,0.997,True,2
ils=low|rep=02|length=200|model=gtr,2,2,low,200,gtr,0.809,False,9
ils=low|rep=02|length=200|model=gtr,2,2,low,200,gtr,0.955,False,3
ils=low|rep=02|length=200|model=gtr,2,2,low,200,gtr,0.698,False,2
ils=low|rep=02|length=200|model=gtr,2,2,low,200,gtr,1.0,True,9
ils=low|rep=02|length=200|model=gtr,2,2,low,200,gtr,0.609,True,8
ils=low|rep=02|length=200|model=gtr,2,2,low,200,gtr,0.583,False,6
ils=low|rep=02|length=200|model=gtr,2,2,low,200,gtr,1.0,True,2
ils=low|rep=02|length=200|model=gtr,2,2,low,200,gtr,1.0,True,4
ils=low|rep=02|length=200|model=gtr,2,2,low,200,gtr,0.661,False,3
ils=low|rep=02|length=200|model=gtr,2,2,low,200,gtr,0.538,False,2
ils=low|rep=02|length=200|model=gtr,2,2,low,200,gtr,0.624,False,2
ils=low|rep=02|length=200|model=gtr,2,3,low,200,gtr,0.999,False,2
ils=low|rep=02|length=200|model=gtr,2,3,low,200,gtr,0.497,False,3
ils=low|rep=02|length=200|model=gtr,2,3,low,200,gtr,1.0,True,2
ils=low|rep=02|length=200|model=gtr,2,3,low,200,gtr,0.539,False,5
ils=low|rep=02|length=200|model=gtr,2,3,low,200,gtr,0.992,False,7
ils=low|rep=02|length=200|model=gtr,2,3,low,200,gtr,0.943,False,6
ils=low|rep=02|length=200|model=gtr,2,3,low,200,gtr,0.908,False,5
ils=low|rep=02|length=200|model=gtr,2,3,low,200,gtr,1.0,True,2
ils=low|rep=02|length=200|model=gtr,2,3,low,200,gtr,1.0,True,3
ils=low|rep=02|length=200|model=gtr,2,3,low,200,gtr,0.973,True,2
ils=low|rep=02|length=200|model=gtr,2,3,low,200,gtr,0.996,True,9
ils=low|rep=02|length=200|model=gtr,2,3,low,200,gtr,0.996,False,5
ils=low|rep=02|length=200|model=gtr,2,3,low,200,gtr,0.625,False,4
ils=low|rep=02|length=200|model=gtr,2,3,low,200,gtr,0.994,False,3
ils=low|rep=02|length=200|model=gtr,2,3,low,200,gtr,0.999,False,2
ils=low|rep=02|length=200|model=gtr,2,3,low,200,gtr,0.999,True,4
ils=low|rep=02|length=200|model=gtr,2,3,low,200,gtr,0.929,False,3
ils=low|rep=02|length=200|model=gtr,2,3,low,200,gtr,0.551,True,2
ils=low|rep=02|length=200|model=gtr,2,4,low,200,gtr,0.854,True,9
ils=low|rep=02|length=200|model=gtr,2,4,low,200,gtr,0.947,True,9
ils=low|rep=02|length=200|model=gtr,2,4,low,200,gtr,0.988,False,6
ils=low|rep=02|length=200|model=gtr,2,4,low,200,gtr,0.584,False,5
ils=low|rep=02|length=200|model=gtr,2,4,low,200,gtr,0.983,True,4
ils=low|rep=02|length=200|model=gtr,2,4,low,200,gtr,0.999,True,3
ils=low|rep=02|length=200|model=gtr,2,4,low,200,gtr,0.925,True,2
ils=low|rep=02|length=200|model=gtr,2,4,low,200,gtr,0.914,True,3
ils=low|rep=02|length=200|model=gtr,2,4,low,200,gtr,1.0,True,2
ils=low|rep=02|length=200|model=gtr,2,4,low,200,gtr,0.853,True,3
ils=low|rep=02|length=200|model=gtr,2,4,low,200,gtr,0.929,True,2
ils=low|rep=02|length=200|model=gtr,2,4,low,200,gtr,0.537,False,8
ils=low|rep=02|length=200|model=gtr,2,4,low,200,gtr,0.966,True,2
ils=low|rep=02|length=200|model=gtr,2,4,low,200,gtr,0.781,True,6
ils=low|rep=02|length=200|model=gtr,2,4,low,200,gtr,0.904,False,2
ils=low|rep=02|length=200|model=gtr,2,4,low,200,gtr,1.0,True,4
ils=low|rep=02|length=200|model=gtr,2,4,low,200,gtr,1.0,True,2
ils=low|rep=02|length=200|model=gtr,2,4,low,200,gtr,1.0,True,2
ils=low|rep=02|length=200|model=gtr,2,5,low,200,gtr,0.957,False,2
ils=low|rep=02|length=200|model=gtr,2,5,low,200,gtr,0.999,True,4
ils=low|rep=02|length=200|model=gtr,2,5,low,200,gtr,0.999,True,2
ils=low|rep=02|length=200|model=gtr,2,5,low,200,gtr,0.999,True,2
ils=low|rep=02|length=200|model=gtr,2,5,low,200,gtr,0.836,False,6
ils=low|rep=02|length=200|model=gtr,2,5,low,200,gtr,0.579,False,7
ils=low|rep=02|length=200|model=gtr,2,5,low,200,gtr,0.612,False,8
ils=low|rep=02|length=200|model=gtr,2,5,low,200,gtr,0.89,True,9
ils=low|rep=02|length=200|model=gtr,2,5,low,200,gtr,0.644,False,7
ils=low|rep=02|length=200|model=gtr,2,5,low,200,gtr,1.0,False,6
ils=low|rep=02|length=200|model=gtr,2,5,low,200,gtr,0.97,False,5
ils=low|rep=02|length=200|model=gtr,2,5,low,200,gtr,0.949,False,4
ils=low|rep=02|length=200|model=gtr,2,5,low,200,gtr,1.0,True,3
ils=low|rep=02|length=200|model=gtr,2,5,low,200,gtr,0.912,False,2
ils=low|rep=02|length=200|model=gtr,2,5,low,200,gtr,0.738,False,5
ils=low|rep=02|length=200|model=gtr,2,5,low,200,gtr,0.752,False,4
ils=low|rep=02|length=200|model=gtr,2,5,low,200,gtr,0.999,False,3
ils=low|rep=02|length=200|model=gtr,2,5,low,200,gtr,1.0,True,2
ils=low|rep=02|length=200|model=gtr,2,6,low,200,gtr,0.363,False,3
ils=low|rep=02|length=200|model=gtr,2,6,low,200,gtr,0.957,False,4
ils=low|rep=02|length=200|model=gtr,2,6,low,200,gtr,0.611,False,6
ils=low|rep=02|length=200|model=gtr,2,6,low,200,gtr,1.0,True,2
ils=low|rep=02|length=200|model=gtr,2,6,low,200,gtr,0.806,False,8
ils=low|rep=02|length=200|model=gtr,2,6,low,200,gtr,0.98,True,9
ils=low|rep=02|length=200|model=gtr,2,6,low,200,gtr,0.982,True,9
ils=low|rep=02|length=200|model=gtr,2,6,low,200,gtr,0.827,False,6
ils=low|rep=02|length=200|model=gtr,2,6,low,200,gtr,0.94,True,5
ils=low|rep=02|length=200|model=gtr,2,6,low,200,gtr,1.0,True,4
ils=low|rep=02|length=200|model=gtr,2,6,low,200,gtr,0.976,False,3
ils=low|rep=02|length=200|model=gtr,2,6,low,200,gtr,0.717,True,2
ils=low|rep=02|length=200|model=gtr,2,6,low,200,gtr,0.341,False,3
ils=low|rep=02|length=200|model=gtr,2,6,low,200,gtr,0.99,True,2
ils=low|rep=02|length=200|model=gtr,2,6,low,200,gtr,1.0,True,3
ils=low|rep=02|length=200|model=gtr,2,6,low,200,gtr,0.896,True,2
ils=low|rep=02|length=200|model=gtr,2,6,low,200,gtr,0.881,True,2
ils=low|rep=02|length=200|model=gtr,2,6,low,200,gtr,0.998,True,2
ils=low|rep=02|length=200|model=gtr,2,7,low,200,gtr,1.0,True,2
ils=low|rep=02|length=200|model=gtr,2,7,low,200,gtr,0.971,True,2
ils=low|rep=02|length=200|model=gtr,2,7,low,200,gtr,0.97,True,4
ils=low|rep=02|length=200|model=gtr,2,7,low,200,gtr,0.995,False,4
ils=low|rep=02|length=200|model=gtr,2,7,low,200,gtr,0.996,False,3
ils=low|rep=02|length=200|model=gtr,2,7,low,200,gtr,0.773,False,2
ils=low|rep=02|length=200|model=gtr,2,7,low,200,gtr,0.423,False,8
ils=low|rep=02|length=200|model=gtr,2,7,low,200,gtr,0.995,True,9
ils=low|rep=02|length=200|model=gtr,2,7,low,200,gtr,0.989,False,10
ils=low|rep=02|length=200|model=gtr,2,7,low,200,gtr,0.966,False,10
ils=low|rep=02|length=200|model=gtr,2,7,low,200,gtr,0.732,False,8
ils=low|rep=02|length=200|model=gtr,2,7,low,200,gtr,1.0,True,2
ils=low|rep=02|length=200|model=gtr,2,7,low,200,gtr,0.908,False,6
ils=low|rep=02|length=200|model=gtr,2,7,low,200,gtr,0.928,False,5
ils=low|rep=02|length=200|model=gtr,2,7,low,200,gtr,0.942,False,2
ils=low|rep=02|length=200|model=gtr,2,7,low,200,gtr,0.679,False,3
ils=low|rep=02|length=200|model=gtr,2,7,low,200,gtr,0.998,False,2
ils=low|rep=02|length=200|model=gtr,2,7,low,200,gtr,0.774,False,2
ils=low|rep=02|length=200|model=hky_g4,2,1,low,200,hky_g4,0.436,True,7
ils=low|rep=02|length=200|model=hky_g4,2,1,low,200,hky_g4,0.623,False,8
ils=low|rep=02|length=200|model=hky_g4,2,1,low,200,hky_g4,0.431,False,10
ils=low|rep=02|length=200|model=hky_g4,2,1,low,200,hky_g4,0.818,False,7
ils=low|rep=02|length=200|model=hky_g4,2,1,low,200,hky_g4,0.333,False,6
ils=low|rep=02|length=200|model=hky_g4,2,1,low,200,hky_g4,0.479,False,5
ils=low|rep=02|length=200|model=hky_g4,2,1,low,200,hky_g4,0.998,True,4
ils=low|rep=02|length=200|model=hky_g4,2,1,low,200,hky_g4,0.42,False,3
ils=low|rep=02|length=200|model=hky_g4,2,1,low,200,hky_g4,0.333,False,2
ils=low|rep=02|length=200|model=hky_g4,2,1,low,200,hky_g4,0.333,False,3
ils=low|rep=02|length=200|model=hky_g4,2,1,low,200,hky_g4,0.997,True,2
ils=low|rep=02|length=200|model=hky_g4,2,1,low,200,hky_g4,0.651,True,3
ils=low|rep=02|length=200|model=hky_g4,2,1,low,200,hky_g4,0.986,True,2
ils=low|rep=02|length=200|model=hky_g4,2,1,low,200,hky_g4,0.647,True,6
ils=low|rep=02|length=200|model=hky_g4,2,1,low,200,hky_g4,0.333,False,5
ils=low|rep=02|length=200|model=hky_g4,2,1,low,200,hky_g4,0.969,True,4
ils=low|rep=02|length=200|model=hky_g4,2,1,low,200,hky_g4,0.809,True,2
ils=low|rep=02|length=200|model=hky_g4,2,1,low,200,hky_g4,1.0,True,2
ils=low|rep=02|length=200|model=hky_g4,2,2,low,200,hky_g4,0.333,False,4
ils=low|rep=02|length=200|model=hky_g4,2,2,low,200,hky_g4,0.845,True,5
ils=low|rep=02|length=200|model=hky_g4,2,2,low,200,hky_g4,0.626,False,3
ils=low|rep=02|length=200|model=hky_g4,2,2,low,200,hky_g4,1.0,True,2
ils=low|rep=02|length=200|model=hky_g4,2,2,low,200,hky_g4,0.998,True,2
ils=low|rep=02|length=200|model=hky_g4,2,2,low,200,hky_g4,0.689,False,9
ils=low|rep=02|length=200|model=hky_g4,2,2,low,200,hky_g4,0.973,False,3
ils=low|rep=02|length=200|model=hky_g4,2,2,low,200,hky_g4,0.578,False,2
ils=low|rep=02|length=200|model=hky_g4,2,2,low,200,hky_g4,1.0,True,9
ils=low|rep=02|length=200|model=hky_g4,2,2,low,200,hky_g4,0.333,False,8
ils=low|rep=02|length=200|model=hky_g4,2,2,low,200,hky_g4,0.602,False,7
ils=low|rep=02|length=200|model=hky_g4,2,2,low,200,hky_g4,0.449,False,6
ils=low|rep=02|length=200|model=hky_g4,2,2,low,200,hky_g4,1.0,True,2
ils=low|rep=02|length=200|model=hky_g4,2,2,low,200,hky_g4,1.0,True,4
ils=low|rep=02|length=200|model=hky_g4,2,2,low,200,hky_g4,0.333,True,2
ils=low|rep=02|length=200|model=hky_g4,2,2,low,200,hky_g4,0.333,True,2
ils=low|rep=02|length=200|model=hky_g4,2,2,low,200,hky_g4,0.999,True,3
ils=low|rep=02|length=200|model=hky_g4,2,2,low,200,hky_g4,0.994,True,2
ils=low|rep=02|length=200|model=hky_g4,2,3,low,200,hky_g4,0.478,True,2
ils=low|rep=02|length=200|model=hky_g4,2,3,low,200,hky_g4,0.442,False,3
ils=low|rep=02|length=200|model=hky_g4,2,3,low,200,hky_g4,1.0,True,2
ils=low|rep=02|length=200|model=hky_g4,2,3,low,200,hky_g4,0.786,False,5
ils=low|rep=02|length=200|model=hky_g4,2,3,low,200,hky_g4,0.739,False,2
ils=low|rep=02|length=200|model=hky_g4,2,3,low,200,hky_g4,0.392,True,7
ils=low|rep=02|length=200|model=hky_g4,2,3,low,200,hky_g4,0.74,False,8
ils=low|rep=02|length=200|model=hky_g4,2,3,low,200,hky_g4,0.336,False,4
ils=low|rep=02|length=200|model=hky_g4,2,3,low,200,hky_g4,0.999,True,3
ils=low|rep=02|length=200|model=hky_g4,2,3,low,200,hky_g4,0.81,True,2
ils=low|rep=02|length=200|model=hky_g4,2,3,low,200,hky_g4,0.987,True,9
ils=low|rep=02|length=200|model=hky_g4,2,3,low,200,hky_g4,0.594,False,8
ils=low|rep=02|length=200|model=hky_g4,2,3,low,200,hky_g4,0.903,True,6
ils=low|rep=02|length=200|model=hky_g4,2,3,low,200,hky_g4,0.967,False,2
ils=low|rep=02|length=200|model=hky_g4,2,3,low,200,hky_g4,0.996,True,4
ils=low|rep=02|length=200|model=hky_g4,2,3,low,200,hky_g4,0.826,True,2
ils=low|rep=02|length=200|model=hky_g4,2,3,low,200,hky_g4,0.333,True,2
ils=low|rep=02|length=200|model=hky_g4,2,3,low,200,hky_g4,0.403,True,2
ils=low|rep=02|length=200|model=hky_g4,2,4,low,200,hky_g4,0.759,False,3
ils=low|rep=02|length=200|model=hky_g4,2,4,low,200,hky_g4,0.999,True,9
ils=low|rep=02|length=200|model=hky_g4,2,4,low,200,hky_g4,0.88,True,9
ils=low|rep=02|length=200|model=hky_g4,2,4,low,200,hky_g4,0.333,True,8
ils=low|rep=02|length=200|model=hky_g4,2,4,low,200,hky_g4,0.34,False,5
ils=low|rep=02|length=200|model=hky_g4,2,4,low,200,hky_g4,0.999,True,4
ils=low|rep=02|length=200|model=hky_g4,2,4,low,200,hky_g4,0.981,True,3
ils=low|rep=02|length=200|model=hky_g4,2,4,low,200,hky_g4,0.554,False,2
ils=low|rep=02|length=200|model=hky_g4,2,4,low,200,hky_g4,0.658,True,3
ils=low|rep=02|length=200|model=hky_g4,2,4,low,200,hky_g4,1.0,True,2
ils=low|rep=02|length=200|model=hky_g4,2,4,low,200,hky_g4,0.456,True,3
ils=low|rep=02|length=200|model=hky_g4,2,4,low,200,hky_g4,0.999,True,2
ils=low|rep=02|length=200|model=hky_g4,2,4,low,200,hky_g4,0.459,True,6
ils=low|rep=02|length=200|model=hky_g4,2,4,low,200,hky_g4,0.595,False,2
ils=low|rep=02|length=200|model=hky_g4,2,4,low,200,hky_g4,0.993,True,4
ils=low|rep=02|length=200|model=hky_g4,2,4,low,200,hky_g4,0.999,True,2
ils=low|rep=02|length=200|model=hky_g4,2,4,low,200,hky_g4,1.0,True,2
ils=low|rep=02|length=200|model=hky_g4,2,4,low,200,hky_g4,0.435,True,2
ils=low|rep=02|length=200|model=hky_g4,2,5,low,200,hky_g4,0.481,False,2
ils=low|rep=02|length=200|model=hky_g4,2,5,low,200,hky_g4,0.508,False,3
ils=low|rep=02|length=200|model=hky_g4,2,5,low,200,hky_g4,0.366,False,6
ils=low|rep=02|length=200|model=hky_g4,2,5,low,200,hky_g4,0.993,True,4
ils=low|rep=02|length=200|model=hky_g4,2,5,low,200,hky_g4,0.785,True,2
ils=low|rep=02|length=200|model=hky_g4,2,5,low,200,hky_g4,1.0,True,2
ils=low|rep=02|length=200|model=hky_g4,2,5,low,200,hky_g4,0.751,True,2
ils=low|rep=02|length=200|model=hky_g4,2,5,low,200,hky_g4,1.0,True,9
ils=low|rep=02|length=200|model=hky_g4,2,5,low,200,hky_g4,0.999,True,3
ils=low|rep=02|length=200|model=hky_g4,2,5,low,200,hky_g4,0.411,False,2
ils=low|rep=02|length=200|model=hky_g4,2,5,low,200,hky_g4,0.6,True,9
ils=low|rep=02|length=200|model=hky_g4,2,5,low,200,hky_g4,0.782,True,8
ils=low|rep=02|length=200|model=hky_g4,2,5,low,200,hky_g4,0.333,False,6
ils=low|rep=02|length=200|model=hky_g4,2,5,low,200,hky_g4,0.676,False,5
ils=low|rep=02|length=200|model=hky_g4,2,5,low,200,hky_g4,0.843,True,3
ils=low|rep=02|length=200|model=hky_g4,2,5,low,200,hky_g4,0.436,False,2
ils=low|rep=02|length=200|model=hky_g4,2,5,low,200,hky_g4,1.0,True,2
ils=low|rep=02|length=200|model=hky_g4,2,5,low,200,hky_g4,0.952,True,2
ils=low|rep=02|length=200|model=hky_g4,2,6,low,200,hky_g4,0.333,False,4
ils=low|rep=02|length=200|model=hky_g4,2,6,low,200,hky_g4,0.528,False,5
ils=low|rep=02|length=200|model=hky_g4,2,6,low,200,hky_g4,0.987,True,2
ils=low|rep=02|length=200|model=hky_g4,2,6,low,200,hky_g4,0.368,True,7
ils=low|rep=02|length=200|model=hky_g4,2,6,low,200,hky_g4,0.898,True,9
ils=low|rep=02|length=200|model=hky_g4,2,6,low,200,hky_g4,0.999,True,9
ils=low|rep=02|length=200|model=hky_g4,2,6,low,200,hky_g4,0.995,True,5
ils=low|rep=02|length=200|model=hky_g4,2,6,low,200,hky_g4,0.897,True,4
ils=low|rep=02|length=200|model=hky_g4,2,6,low,200,hky_g4,0.688,False,3
ils=low|rep=02|length=200|model=hky_g4,2,6,low,200,hky_g4,0.995,True,2
ils=low|rep=02|length=200|model=hky_g4,2,6,low,200,hky_g4,0.333,True,4
ils=low|rep=02|length=200|model=hky_g4,2,6,low,200,hky_g4,0.998,True,2
ils=low|rep=02|length=200|model=hky_g4,2,6,low,200,hky_g4,0.476,True,2
ils=low|rep=02|length=200|model=hky_g4,2,6,low,200,hky_g4,0.994,True,3
ils=low|rep=02|length=200|model=hky_g4,2,6,low,200,hky_g4,0.574,True,2
ils=low|rep=02|length=200|model=hky_g4,2,6,low,200,hky_g4,0.989,True,2
ils=low|rep=02|length=200|model=hky_g4,2,6,low,200,hky_g4,0.725,False,3
ils=low|rep=02|length=200|model=hky_g4,2,6,low,200,hky_g4,0.999,True,2
ils=low|rep=02|length=200|model=hky_g4,2,7,low,200,hky_g4,1.0,True,2
ils=low|rep=02|length=200|model=hky_g4,2,7,low,200,hky_g4,0.988,True,2
ils=low|rep=02|length=200|model=hky_g4,2,7,low,200,hky_g4,0.649,True,4
ils=low|rep=02|length=200|model=hky_g4,2,7,low,200,hky_g4,0.333,False,5
ils=low|rep=02|length=200|model=hky_g4,2,7,low,200,hky_g4,0.612,False,2
ils=low|rep=02|length=200|model=hky_g4,2,7,low,200,hky_g4,0.997,False,3
ils=low|rep=02|length=200|model=hky_g4,2,7,low,200,hky_g4,0.346,False,2
ils=low|rep=02|length=200|model=hky_g4,2,7,low,200,hky_g4,0.999,True,9
ils=low|rep=02|length=200|model=hky_g4,2,7,low,200,hky_g4,0.602,True,3
ils=low|rep=02|length=200|model=hky_g4,2,7,low,200,hky_g4,1.0,True,2
ils=low|rep=02|length=200|model=hky_g4,2,7,low,200,hky_g4,0.448,True,9
ils=low|rep=02|length=200|model=hky_g4,2,7,low,200,hky_g4,0.75,True,8
ils=low|rep=02|length=200|model=hky_g4,2,7,low,200,hky_g4,0.48,True,4
ils=low|rep=02|length=200|model=hky_g4,2,7,low,200,hky_g4,0.848,False,3
ils=low|rep=02|length=200|model=hky_g4,2,7,low,200,hky_g4,0.554,False,2
ils=low|rep=02|length=200|model=hky_g4,2,7,low,200,hky_g4,0.793,True,4
ils=low|rep=02|length=200|model=hky_g4,2,7,low,200,hky_g4,0.536,True,2
ils=low|rep=02|length=200|model=hky_g4,2,7,low,200,hky_g4,0.333,True,2
ils=low|rep=02|length=200|model=hky,2,1,low,200,hky,0.996,False,2
ils=low|rep=02|length=200|model=hky,2,1,low,200,hky,0.894,False,3
ils=low|rep=02|length=200|model=hky,2,1,low,200,hky,0.982,True,7
ils=low|rep=02|length=200|model=hky,2,1,low,200,hky,0.605,False,2
ils=low|rep=02|length=200|model=hky,2,1,low,200,hky,0.997,False,9
ils=low|rep=02|length=200|model=hky,2,1,low,200,hky,0.609,False,10
ils=low|rep=02|length=200|model=hky,2,1,low,200,hky,0.835,False,7
ils=low|rep=02|length=200|model=hky,2,1,low,200,hky,0.957,False,6
ils=low|rep=02|length=200|model=hky,2,1,low,200,hky,0.916,False,5
ils=low|rep=02|length=200|model=hky,2,1,low,200,hky,1.0,True,4
ils=low|rep=02|length=200|model=hky,2,1,low,200,hky,0.65,False,3
ils=low|rep=02|length=200|model=hky,2,1,low,200,hky,0.729,False,2
ils=low|rep=02|length=200|model=hky,2,1,low,200,hky,0.479,False,3
ils=low|rep=02|length=200|model=hky,2,1,low,200,hky,1.0,True,2
ils=low|rep=02|length=200|model=hky,2,1,low,200,hky,1.0,True,2
ils=low|rep=02|length=200|model=hky,2,1,low,200,hky,0.796,True,4
ils=low|rep=02|length=200|model=hky,2,1,low,200,hky,0.989,True,2
ils=low|rep=02|length=200|model=hky,2,1,low,200,hky,1.0,True,2
ils=low|rep=02|length=200|model=hky,2,2,low,200,hky,0.998,False,3
ils=low|rep=02|length=200|model=hky,2,2,low,200,hky,1.0,True,2
ils=low|rep=02|length=200|model=hky,2,2,low,200,hky,0.635,False,4
ils=low|rep=02|length=200|model=hky,2,2,low,200,hky,0.82,False,5
ils=low|rep=02|length=200|model=hky,2,2,low,200,hky,0.961,True,2
ils=low|rep=02|length=200|model=hky,2,2,low,200,hky,1.0,True,3
ils=low|rep=02|length=200|model=hky,2,2,low,200,hky,0.988,True,2
ils=low|rep=02|length=200|model=hky,2,2,low,200,hky,0.909,False,9
ils=low|rep=02|length=200|model=hky,2,2,low,200,hky,0.98,False,3
ils=low|rep=02|length=200|model=hky,2,2,low,200,hky,0.642,False,2
ils=low|rep=02|length=200|model=hky,2,2,low,200,hky,1.0,True,9
ils=low|rep=02|length=200|model=hky,2,2,low,200,hky,0.555,True,8
ils=low|rep=02|length=200|model=hky,2,2,low,200,hky,0.594,False,6
ils=low|rep=02|length=200|model=hky,2,2,low,200,hky,1.0,True,2
ils=low|rep=02|length=200|model=hky,2,2,low,200,hky,1.0,True,4
ils=low|rep=02|length=200|model=hky,2,2,low,200,hky,0.727,False,3
ils=low|rep=02|length=200|model=hky,2,2,low,200,hky,0.645,False,2
ils=low|rep=02|length=200|model=hky,2,2,low,200,hky,0.691,False,2
ils=low|rep=02|length=200|model=hky,2,3,low,200,hky,0.999,False,2
ils=low|rep=02|length=200|model=hky,2,3,low,200,hky,0.613,False,5
ils=low|rep=02|length=200|model=hky,2,3,low,200,hky,0.957,True,4
ils=low|rep=02|length=200|model=hky,2,3,low,200,hky,0.851,True,2
ils=low|rep=02|length=200|model=hky,2,3,low,200,hky,1.0,True,2
ils=low|rep=02|length=200|model=hky,2,3,low,200,hky,0.67,False,7
ils=low|rep=02|length=200|model=hky,2,3,low,200,hky,0.995,True,9
ils=low|rep=02|length=200|model=hky,2,3,low,200,hky,0.999,False,8
ils=low|rep=02|length=200|model=hky,2,3,low,200,hky,0.427,False,7
ils=low|rep=02|length=200|model=hky,2,3,low,200,hky,1.0,False,6
ils=low|rep=02|length=200|model=hky,2,3,low,200,hky,0.966,False,4
ils=low|rep=02|length=200|model=hky,2,3,low,200,hky,1.0,True,3
ils=low|rep=02|length=200|model=hky,2,3,low,200,hky,0.984,True,2
ils=low|rep=02|length=200|model=hky,2,3,low,200,hky,0.999,False,2
ils=low|rep=02|length=200|model=hky,2,3,low,200,hky,0.996,True,4
ils=low|rep=02|length=200|model=hky,2,3,low,200,hky,0.926,False,3
ils=low|rep=02|length=200|model=hky,2,3,low,200,hky,0.618,True,2
ils=low|rep=02|length=200|model=hky,2,3,low,200,hky,0.975,False,2
ils=low|rep=02|length=200|model=hky,2,4,low,200,hky,0.848,True,9
ils=low|rep=02|length=200|model=hky,2,4,low,200,hky,0.919,True,9
ils=low|rep=02|length=200|model=hky,2,4,low,200,hky,0.993,False,6
ils=low|rep=02|length=200|model=hky,2,4,low,200,hky,0.538,False,5
ils=low|rep=02|length=200|model=hky,2,4,low,200,hky,0.988,True,4
ils=low|rep=02|length=200|model=hky,2,4,low,200,hky,1.0,True,3
ils=low|rep=02|length=200|model=hky,2,4,low,200,hky,0.94,True,2
ils=low|rep=02|length=200|model=hky,2,4,low,200,hky,0.881,True,3
ils=low|rep=02|length=200|model=hky,2,4,low,200,hky,1.0,True,2
ils=low|rep=02|length=200|model=hky,2,4,low,200,hky,0.736,True,3
ils=low|rep=02|length=200|model=hky,2,4,low,200,hky,0.981,True,2
ils=low|rep=02|length=200|model=hky,2,4,low,200,hky,0.473,False,8
ils=low|rep=02|length=200|model=hky,2,4,low,200,hky,0.933,True,2
ils=low|rep=02|length=200|model=hky,2,4,low,200,hky,0.882,True,6
ils=low|rep=02|length=200|model=hky,2,4,low,200,hky,0.942,False,2
ils=low|rep=02|length=200|model=hky,2,4,low,200,hky,1.0,True,4
ils=low|rep=02|length=200|model=hky,2,4,low,200,hky,1.0,True,2
ils=low|rep=02|length=200|model=hky,2,4,low,200,hky,1.0,True,2
ils=low|rep=02|length=200|model=hky,2,5,low,200,hky,0.97,False,2
ils=low|rep=02|length=200|model=hky,2,5,low,200,hky,0.999,True,4
ils=low|rep=02|length=200|model=hky,2,5,low,200,hky,0.998,True,2
ils=low|rep=02|length=200|model=hky,2,5,low,200,hky,0.999,True,2
ils=low|rep=02|length=200|model=hky,2,5,low,200,hky,0.684,False,6
ils=low|rep=02|length=200|model=hky,2,5,low,200,hky,0.52,False,7
ils=low|rep=02|length=200|model=hky,2,5,low,200,hky,0.706,False,8
ils=low|rep=02|length=200|model=hky,2,5,low,200,hky,0.846,True,9
ils=low|rep=02|length=200|model=hky,2,5,low,200,hky,0.919,False,8
ils=low|rep=02|length=200|model=hky,2,5,low,200,hky,0.961,False,7
ils=low|rep=02|length=200|model=hky,2,5,low,200,hky,0.946,False,4
ils=low|rep=02|length=200|model=hky,2,5,low,200,hky,1.0,True,3
ils=low|rep=02|length=200|model=hky,2,5,low,200,hky,0.688,False,2
ils=low|rep=02|length=200|model=hky,2,5,low,200,hky,0.978,True,3
ils=low|rep=02|length=200|model=hky,2,5,low,200,hky,0.743,True,2
ils=low|rep=02|length=200|model=hky,2,5,low,200,hky,0.879,True,4
ils=low|rep=02|length=200|model=hky,2,5,low,200,hky,0.996,False,3
ils=low|rep=02|length=200|model=hky,2,5,low,200,hky,1.0,True,2
ils=low|rep=02|length=200|model=hky,2,6,low,200,hky,0.926,False,4
ils=low|rep=02|length=200|model=hky,2,6,low,200,hky,0.479,False,6
ils=low|rep=02|length=200|model=hky,2,6,low,200,hky,0.998,True,2
ils=low|rep=02|length=200|model=hky,2,6,low,200,hky,0.927,False,8
ils=low|rep=02|length=200|model=hky,2,6,low,200,hky,0.989,True,9
ils=low|rep=02|length=200|model=hky,2,6,low,200,hky,0.849,True,9
ils=low|rep=02|length=200|model=hky,2,6,low,200,hky,0.333,False,7
ils=low|rep=02|length=200|model=hky,2,6,low,200,hky,0.78,False,6
ils=low|rep=02|length=200|model=hky,2,6,low,200,hky,0.948,True,5
ils=low|rep=02|length=200|model=hky,2,6,low,200,hky,1.0,True,4
ils=low|rep=02|length=200|model=hky,2,6,low,200,hky,0.984,False,3
ils=low|rep=02|length=200|model=hky,2,6,low,200,hky,0.71,True,2
ils=low|rep=02|length=200|model=hky,2,6,low,200,hky,0.969,True,2
ils=low|rep=02|length=200|model=hky,2,6,low,200,hky,1.0,True,3
ils=low|rep=02|length=200|model=hky,2,6,low,200,hky,0.917,True,2
ils=low|rep=02|length=200|model=hky,2,6,low,200,hky,0.921,True,2
ils=low|rep=02|length=200|model=hky,2,6,low,200,hky,0.626,False,3
ils=low|rep=02|length=200|model=hky,2,6,low,200,hky,0.978,True,2
ils=low|rep=02|length=200|model=hky,2,7,low,200,hky,1.0,True,2
ils=low|rep=02|length=200|model=hky,2,7,low,200,hky,0.965,True,2
ils=low|rep=02|length=200|model=hky,2,7,low,200,hky,0.975,True,4
ils=low|rep=02|length=200|model=hky,2,7,low,200,hky,0.996,False,4
ils=low|rep=02|length=200|model=hky,2,7,low,200,hky,0.996,False,3
ils=low|rep=02|length=200|model=hky,2,7,low,200,hky,0.748,False,2
ils=low|rep=02|length=200|model=hky,2,7,low,200,hky,0.446,False,8
ils=low|rep=02|length=200|model=hky,2,7,low,200,hky,0.99,True,9
ils=low|rep=02|length=200|model=hky,2,7,low,200,hky,0.995,False,10
ils=low|rep=02|length=200|model=hky,2,7,low,200,hky,0.96,False,10
ils=low|rep=02|length=200|model=hky,2,7,low,200,hky,0.709,False,8
ils=low|rep=02|length=200|model=hky,2,7,low,200,hky,1.0,True,2
ils=low|rep=02|length=200|model=hky,2,7,low,200,hky,0.918,False,6
ils=low|rep=02|length=200|model=hky,2,7,low,200,hky,0.929,False,5
ils=low|rep=02|length=200|model=hky,2,7,low,200,hky,0.941,False,2
ils=low|rep=02|length=200|model=hky,2,7,low,200,hky,0.695,False,3
ils=low|rep=02|length=200|model=hky,2,7,low,200,hky,0.999,False,2
ils=low|rep=02|length=200|model=hky,2,7,low,200,hky,0.778,False,2
ils=low|rep=02|length=200|model=jc,2,1,low,200,jc,0.993,False,2
ils=low|rep=02|length=200|model=jc,2,1,low,200,jc,0.918,False,3
ils=low|rep=02|length=200|model=jc,2,1,low,200,jc,0.974,True,7
ils=low|rep=02|length=200|model=jc,2,1,low,200,jc,0.85,False,2
ils=low|rep=02|length=200|model=jc,2,1,low,200,jc,0.991,False,9
ils=low|rep=02|length=200|model=jc,2,1,low,200,jc,0.747,False,10
ils=low|rep=02|length=200|model=jc,2,1,low,200,jc,0.738,False,7
ils=low|rep=02|length=200|model=jc,2,1,low,200,jc,0.972,False,6
ils=low|rep=02|length=200|model=jc,2,1,low,200,jc,0.794,False,5
ils=low|rep=02|length=200|model=jc,2,1,low,200,jc,1.0,True,4
ils=low|rep=02|length=200|model=jc,2,1,low,200,jc,0.562,False,3
ils=low|rep=02|length=200|model=jc,2,1,low,200,jc,0.677,False,2
ils=low|rep=02|length=200|model=jc,2,1,low,200,jc,0.529,False,3
ils=low|rep=02|length=200|model=jc,2,1,low,200,jc,1.0,True,2
ils=low|rep=02|length=200|model=jc,2,1,low,200,jc,1.0,True,2
ils=low|rep=02|length=200|model=jc,2,1,low,200,jc,0.842,True,4
ils=low|rep=02|length=200|model=jc,2,1,low,200,jc,0.991,True,2
ils=low|rep=02|length=200|model=jc,2,1,low,200,jc,1.0,True,2
ils=low|rep=02|length=200|model=jc,2,2,low,200,jc,0.999,False,3
ils=low|rep=02|length=200|model=jc,2,2,low,200,jc,1.0,True,2
ils=low|rep=02|length=200|model=jc,2,2,low,200,jc,0.663,False,4
ils=low|rep=02|length=200|model=jc,2,2,low,200,jc,0.853,False,5
ils=low|rep=02|length=200|model=jc,2,2,low,200,jc,0.909,True,2
ils=low|rep=02|length=200|model=jc,2,2,low,200,jc,1.0,True,3
ils=low|rep=02|length=200|model=jc,2,2,low,200,jc,0.954,True,2
ils=low|rep=02|length=200|model=jc,2,2,low,200,jc,0.896,False,9
ils=low|rep=02|length=200|model=jc,2,2,low,200,jc,0.978,False,3
ils=low|rep=02|length=200|model=jc,2,2,low,200,jc,0.724,False,2
ils=low|rep=02|length=200|model=jc,2,2,low,200,jc,1.0,True,9
ils=low|rep=02|length=200|model=jc,2,2,low,200,jc,0.522,True,8
ils=low|rep=02|length=200|model=jc,2,2,low,200,jc,0.594,False,6
ils=low|rep=02|length=200|model=jc,2,2,low,200,jc,1.0,True,2
ils=low|rep=02|length=200|model=jc,2,2,low,200,jc,1.0,True,4
ils=low|rep=02|length=200|model=jc,2,2,low,200,jc,0.676,False,3
ils=low|rep=02|length=200|model=jc,2,2,low,200,jc,0.777,False,2
ils=low|rep=02|length=200|model=jc,2,2,low,200,jc,0.784,False,2
ils=low|rep=02|length=200|model=jc,2,3,low,200,jc,0.986,False,2
ils=low|rep=02|length=200|model=jc,2,3,low,200,jc,0.578,False,9
ils=low|rep=02|length=200|model=jc,2,3,low,200,jc,0.85,False,3
ils=low|rep=02|length=200|model=jc,2,3,low,200,jc,0.999,True,2
ils=low|rep=02|length=200|model=jc,2,3,low,200,jc,1.0,True,9
ils=low|rep=02|length=200|model=jc,2,3,low,200,jc,0.998,False,5
ils=low|rep=02|length=200|model=jc,2,3,low,200,jc,0.597,False,4
ils=low|rep=02|length=200|model=jc,2,3,low,200,jc,0.994,False,3
ils=low|rep=02|length=200|model=jc,2,3,low,200,jc,0.999,False,2
ils=low|rep=02|length=200|model=jc,2,3,low,200,jc,1.0,True,4
ils=low|rep=02|length=200|model=jc,2,3,low,200,jc,0.961,False,3
ils=low|rep=02|length=200|model=jc,2,3,low,200,jc,0.545,True,2
ils=low|rep=02|length=200|model=jc,2,3,low,200,jc,0.768,False,7
ils=low|rep=02|length=200|model=jc,2,3,low,200,jc,0.867,False,6
ils=low|rep=02|length=200|model=jc,2,3,low,200,jc,0.863,False,5
ils=low|rep=02|length=200|model=jc,2,3,low,200,jc,1.0,True,2
ils=low|rep=02|length=200|model=jc,2,3,low,200,jc,1.0,True,3
ils=low|rep=02|length=200|model=jc,2,3,low,200,jc,0.992,True,2
ils=low|rep=02|length=200|model=jc,2,4,low,200,jc,0.665,False,2
ils=low|rep=02|length=200|model=jc,2,4,low,200,jc,0.859,False,6
ils=low|rep=02|length=200|model=jc,2,4,low,200,jc,0.999,True,9
ils=low|rep=02|length=200|model=jc,2,4,low,200,jc,0.971,True,9
ils=low|rep=02|length=200|model=jc,2,4,low,200,jc,0.97,False,6
ils=low|rep=02|length=200|model=jc,2,4,low,200,jc,0.492,False,5
ils=low|rep=02|length=200|model=jc,2,4,low,200,jc,0.989,True,4
ils=low|rep=02|length=200|model=jc,2,4,low,200,jc,1.0,True,3
ils=low|rep=02|length=200|model=jc,2,4,low,200,jc,0.941,True,2
ils=low|rep=02|length=200|model=jc,2,4,low,200,jc,0.926,True,3
ils=low|rep=02|length=200|model=jc,2,4,low,200,jc,1.0,True,2
ils=low|rep=02|length=200|model=jc,2,4,low,200,jc,0.764,True,3
ils=low|rep=02|length=200|model=jc,2,4,low,200,jc,0.97,True,2
ils=low|rep=02|length=200|model=jc,2,4,low,200,jc,0.885,False,3
ils=low|rep=02|length=200|model=jc,2,4,low,200,jc,0.962,False,2
ils=low|rep=02|length=200|model=jc,2,4,low,200,jc,1.0,True,4
ils=low|rep=02|length=200|model=jc,2,4,low,200,jc,0.997,True,2
ils=low|rep=02|length=200|model=jc,2,4,low,200,jc,1.0,True,2
ils=low|rep=02|length=200|model=jc,2,5,low,200,jc,0.959,False,2
ils=low|rep=02|length=200|model=jc,2,5,low,200,jc,1.0,True,4
ils=low|rep=02|length=200|model=jc,2,5,low,200,jc,0.998,True,2
ils=low|rep=02|length=200|model=jc,2,5,low,200,jc,1.0,True,2
ils=low|rep=02|length=200|model=jc,2,5,low,200,jc,0.651,False,6
ils=low|rep=02|length=200|model=jc,2,5,low,200,jc,0.678,False,7
ils=low|rep=02|length=200|model=jc,2,5,low,200,jc,0.504,False,8
ils=low|rep=02|length=200|model=jc,2,5,low,200,jc,0.989,True,9
ils=low|rep=02|length=200|model=jc,2,5,low,200,jc,0.973,False,8
ils=low|rep=02|length=200|model=jc,2,5,low,200,jc,0.902,False,7
ils=low|rep=02|length=200|model=jc,2,5,low,200,jc,0.95,False,6
ils=low|rep=02|length=200|model=jc,2,5,low,200,jc,1.0,True,3
ils=low|rep=02|length=200|model=jc,2,5,low,200,jc,0.708,False,2
ils=low|rep=02|length=200|model=jc,2,5,low,200,jc,0.972,True,3
ils=low|rep=02|length=200|model=jc,2,5,low,200,jc,0.925,False,2
ils=low|rep=02|length=200|model=jc,2,5,low,200,jc,0.549,True,4
ils=low|rep=02|length=200|model=jc,2,5,low,200,jc,0.978,False,3
ils=low|rep=02|length=200|model=jc,2,5,low,200,jc,1.0,True,2
ils=low|rep=02|length=200|model=jc,2,6,low,200,jc,0.923,False,4
ils=low|rep=02|length=200|model=jc,2,6,low,200,jc,0.55,False,6
ils=low|rep=02|length=200|model=jc,2,6,low,200,jc,0.997,True,2
ils=low|rep=02|length=200|model=jc,2,6,low,200,jc,0.947,False,8
ils=low|rep=02|length=200|model=jc,2,6,low,200,jc,0.974,True,9
ils=low|rep=02|length=200|model=jc,2,6,low,200,jc,0.984,True,9
ils=low|rep=02|length=200|model=jc,2,6,low,200,jc,0.878,False,6
ils=low|rep=02|length=200|model=jc,2,6,low,200,jc,0.972,True,5
ils=low|rep=02|length=200|model=jc,2,6,low,200,jc,1.0,True,4
ils=low|rep=02|length=200|model=jc,2,6,low,200,jc,0.966,False,3
ils=low|rep=02|length=200|model=jc,2,6,low,200,jc,0.766,True,2
ils=low|rep=02|length=200|model=jc,2,6,low,200,jc,0.347,False,3
ils=low|rep=02|length=200|model=jc,2,6,low,200,jc,0.994,True,2
ils=low|rep=02|length=200|model=jc,2,6,low,200,jc,1.0,True,3
ils=low|rep=02|length=200|model=jc,2,6,low,200,jc,0.95,True,2
ils=low|rep=02|length=200|model=jc,2,6,low,200,jc,0.892,True,2
ils=low|rep=02|length=200|model=jc,2,6,low,200,jc,0.615,False,3
ils=low|rep=02|length=200|model=jc,2,6,low,200,jc,0.986,True,2
ils=low|rep=02|length=200|model=jc,2,7,low,200,jc,1.0,True,2
ils=low|rep=02|length=200|model=jc,2,7,low,200,jc,0.877,True,2
ils=low|rep=02|length=200|model=jc,2,7,low,200,jc,0.978,True,4
ils=low|rep=02|length=200|model=jc,2,7,low,200,jc,0.995,False,4
ils=low|rep=02|length=200|model=jc,2,7,low,200,jc,0.997,False,3
ils=low|rep=02|length=200|model=jc,2,7,low,200,jc,0.556,False,2
ils=low|rep=02|length=200|model=jc,2,7,low,200,jc,0.527,False,8
ils=low|rep=02|length=200|model=jc,2,7,low,200,jc,0.994,True,9
ils=low|rep=02|length=200|model=jc,2,7,low,200,jc,0.997,False,10
ils=low|rep=02|length=200|model=jc,2,7,low,200,jc,0.911,False,10
ils=low|rep=02|length=200|model=jc,2,7,low,200,jc,0.739,False,8
ils=low|rep=02|length=200|model=jc,2,7,low,200,jc,1.0,True,2
ils=low|rep=02|length=200|model=jc,2,7,low,200,jc,0.822,False,6
ils=low|rep=02|length=200|model=jc,2,7,low,200,jc,0.939,False,5
ils=low|rep=02|length=200|model=jc,2,7,low,200,jc,0.964,False,2
ils=low|rep=02|length=200|model=jc,2,7,low,200,jc,0.792,False,3
ils=low|rep=02|length=200|model=jc,2,7,low,200,jc,1.0,False,2
ils=low|rep=02|length=200|model=jc,2,7,low,200,jc,0.856,False,2
ils=low|rep=02|length=800|model=gtr_g4,2,1,low,800,gtr_g4,0.791,False,5
ils=low|rep=02|length=800|model=gtr_g4,2,1,low,800,gtr_g4,0.505,False,6
ils=low|rep=02|length=800|model=gtr_g4,2,1,low,800,gtr_g4,0.978,True,7
ils=low|rep=02|length=800|model=gtr_g4,2,1,low,800,gtr_g4,1.0,True,2
ils=low|rep=02|length=800|model=gtr_g4,2,1,low,800,gtr_g4,0.999,True,9
ils=low|rep=02|length=800|model=gtr_g4,2,1,low,800,gtr_g4,1.0,True,9
ils=low|rep=02|length=800|model=gtr_g4,2,1,low,800,gtr_g4,0.333,True,8
ils=low|rep=02|length=800|model=gtr_g4,2,1,low,800,gtr_g4,1.0,True,4
ils=low|rep=02|length=800|model=gtr_g4,2,1,low,800,gtr_g4,0.995,True,3
ils=low|rep=02|length=800|model=gtr_g4,2,1,low,800,gtr_g4,1.0,True,2
ils=low|rep=02|length=800|model=gtr_g4,2,1,low,800,gtr_g4,1.0,True,4
ils=low|rep=02|length=800|model=gtr_g4,2,1,low,800,gtr_g4,0.449,False,3
ils=low|rep=02|length=800|model=gtr_g4,2,1,low,800,gtr_g4,0.73,False,2
ils=low|rep=02|length=800|model=gtr_g4,2,1,low,800,gtr_g4,1.0,True,3
ils=low|rep=02|length=800|model=gtr_g4,2,1,low,800,gtr_g4,1.0,True,2
ils=low|rep=02|length=800|model=gtr_g4,2,1,low,800,gtr_g4,0.333,True,4
ils=low|rep=02|length=800|model=gtr_g4,2,1,low,800,gtr_g4,1.0,True,2
ils=low|rep=02|length=800|model=gtr_g4,2,1,low,800,gtr_g4,1.0,True,2
ils=low|rep=02|length=800|model=gtr_g4,2,2,low,800,gtr_g4,0.333,False,2
ils=low|rep=02|length=800|model=gtr_g4,2,2,low,800,gtr_g4,0.333,False,5
ils=low|rep=02|length=800|model=gtr_g4,2,2,low,800,gtr_g4,0.503,False,10
ils=low|rep=02|length=800|model=gtr_g4,2,2,low,800,gtr_g4,1.0,True,9
ils=low|rep=02|length=800|model=gtr_g4,2,2,low,800,gtr_g4,0.609,True,8
ils=low|rep=02|length=800|model=gtr_g4,2,2,low,800,gtr_g4,0.467,True,4
ils=low|rep=02|length=800|model=gtr_g4,2,2,low,800,gtr_g4,0.737,True,3
ils=low|rep=02|length=800|model=gtr_g4,2,2,low,800,gtr_g4,1.0,True,2
ils=low|rep=02|length=800|model=gtr_g4,2,2,low,800,gtr_g4,1.0,True,4
ils=low|rep=02|length=800|model=gtr_g4,2,2,low,800,gtr_g4,0.802,True,2
ils=low|rep=02|length=800|model=gtr_g4,2,2,low,800,gtr_g4,0.99,True,2
ils=low|rep=02|length=800|model=gtr_g4,2,2,low,800,gtr_g4,0.347,False,6
ils=low|rep=02|length=800|model=gtr_g4,2,2,low,800,gtr_g4,0.988,True,4
ils=low|rep=02|length=800|model=gtr_g4,2,2,low,800,gtr_g4,1.0,True,2
ils=low|rep=02|length=800|model=gtr_g4,2,2,low,800,gtr_g4,1.0,True,2
ils=low|rep=02|length=800|model=gtr_g4,2,2,low,800,gtr_g4,1.0,True,2
ils=low|rep=02|length=800|model=gtr_g4,2,2,low,800,gtr_g4,0.999,True,3
ils=low|rep=02|length=800|model=gtr_g4,2,2,low,800,gtr_g4,1.0,True,2
ils=low|rep=02|length=800|model=gtr_g4,2,3,low,800,gtr_g4,0.888,False,6
ils=low|rep=02|length=800|model=gtr_g4,2,3,low,800,gtr_g4,0.536,True,5
ils=low|rep=02|length=800|model=gtr_g4,2,3,low,800,gtr_g4,0.893,True,4
ils=low|rep=02|length=800|model=gtr_g4,2,3,low,800,gtr_g4,1.0,True,2
ils=low|rep=02|length=800|model=gtr_g4,2,3,low,800,gtr_g4,1.0,True,2
ils=low|rep=02|length=800|model=gtr_g4,2,3,low,800,gtr_g4,0.505,True,7
ils=low|rep=02|length=800|model=gtr_g4,2,3,low,800,gtr_g4,1.0,True,3
ils=low|rep=02|length=800|model=gtr_g4,2,3,low,800,gtr_g4,1.0,True,2
ils=low|rep=02|length=800|model=gtr_g4,2,3,low,800,gtr_g4,0.338,False,10
ils=low|rep=02|length=800|model=gtr_g4,2,3,low,800,gtr_g4,0.999,True,9
ils=low|rep=02|length=800|model=gtr_g4,2,3,low,800,gtr_g4,0.509,False,8
ils=low|rep=02|length=800|model=gtr_g4,2,3,low,800,gtr_g4,0.335,False,7
ils=low|rep=02|length=800|model=gtr_g4,2,3,low,800,gtr_g4,1.0,True,4
ils=low|rep=02|length=800|model=gtr_g4,2,3,low,800,gtr_g4,0.673,False,3
ils=low|rep=02|length=800|model=gtr_g4,2,3,low,800,gtr_g4,0.43,True,2
ils=low|rep=02|length=800|model=gtr_g4,2,3,low,800,gtr_g4,1.0,True,3
ils=low|rep=02|length=800|model=gtr_g4,2,3,low,800,gtr_g4,0.844,True,2
ils=low|rep=02|length=800|model=gtr_g4,2,3,low,800,gtr_g4,1.0,True,2
ils=low|rep=02|length=800|model=gtr_g4,2,4,low,800,gtr_g4,0.941,False,3
ils=low|rep=02|length=800|model=gtr_g4,2,4,low,800,gtr_g4,0.387,False,4
ils=low|rep=02|length=800|model=gtr_g4,2,4,low,800,gtr_g4,0.377,False,5
ils=low|rep=02|length=800|model=gtr_g4,2,4,low,800,gtr_g4,1.0,True,7
ils=low|rep=02|length=800|model=gtr_g4,2,4,low,800,gtr_g4,0.89,True,9
ils=low|rep=02|length=800|model=gtr_g4,2,4,low,800,gtr_g4,1.0,True,9
ils=low|rep=02|length=800|model=gtr_g4,2,4,low,800,gtr_g4,0.47,True,8
ils=low|rep=02|length=800|model=gtr_g4,2,4,low,800,gtr_g4,1.0,True,4
ils=low|rep=02|length=800|model=gtr_g4,2,4,low,800,gtr_g4,0.405,False,3
ils=low|rep=02|length=800|model=gtr_g4,2,4,low,800,gtr_g4,1.0,True,2
ils=low|rep=02|length=800|model=gtr_g4,2,4,low,800,gtr_g4,1.0,True,4
ils=low|rep=02|length=800|model=gtr_g4,2,4,low,800,gtr_g4,0.864,True,3
ils=low|rep=02|length=800|model=gtr_g4,2,4,low,800,gtr_g4,0.435,False,2
ils=low|rep=02|length=800|model=gtr_g4,2,4,low,800,gtr_g4,1.0,True,3
ils=low|rep=02|length=800|model=gtr_g4,2,4,low,800,gtr_g4,1.0,True,2
ils=low|rep=02|length=800|model=gtr_g4,2,4,low,800,gtr_g4,1.0,True,2
ils=low|rep=02|length=800|model=gtr_g4,2,4,low,800,gtr_g4,1.0,True,2
ils=low|rep=02|length=800|model=gtr_g4,2,4,low,800,gtr_g4,0.999,True,2
ils=low|rep=02|length=800|model=gtr_g4,2,5,low,800,gtr_g4,0.975,True,4
ils=low|rep=02|length=800|model=gtr_g4,2,5,low,800,gtr_g4,1.0,True,2
ils=low|rep=02|length=800|model=gtr_g4,2,5,low,800,gtr_g4,1.0,True,2
ils=low|rep=02|length=800|model=gtr_g4,2,5,low,800,gtr_g4,0.919,True,5
ils=low|rep=02|length=800|model=gtr_g4,2,5,low,800,gtr_g4,0.552,True,7
ils=low|rep=02|length=800|model=gtr_g4,2,5,low,800,gtr_g4,1.0,True,2
ils=low|rep=02|length=800|model=gtr_g4,2,5,low,800,gtr_g4,0.417,True,9
ils=low|rep=02|length=800|model=gtr_g4,2,5,low,800,gtr_g4,1.0,True,3
ils=low|rep=02|length=800|model=gtr_g4,2,5,low,800,gtr_g4,1.0,True,2
ils=low|rep=02|length=800|model=gtr_g4,2,5,low,800,gtr_g4,1.0,True,9
ils=low|rep=02|length=800|model=gtr_g4,2,5,low,800,gtr_g4,0.998,True,8
ils=low|rep=02|length=800|model=gtr_g4,2,5,low,800,gtr_g4,0.333,False,6
ils=low|rep=02|length=800|model=gtr_g4,2,5,low,800,gtr_g4,1.0,True,4
ils=low|rep=02|length=800|model=gtr_g4,2,5,low,800,gtr_g4,0.709,True,3
ils=low|rep=02|length=800|model=gtr_g4,2,5,low,800,gtr_g4,0.999,True,2
ils=low|rep=02|length=800|model=gtr_g4,2,5,low,800,gtr_g4,0.449,True,2
ils=low|rep=02|length=800|model=gtr_g4,2,5,low,800,gtr_g4,1.0,True,2
ils=low|rep=02|length=800|model=gtr_g4,2,5,low,800,gtr_g4,0.789,True,2
ils=low|rep=02|length=800|model=gtr_g4,2,6,low,800,gtr_g4,0.966,True,4
ils=low|rep=02|length=800|model=gtr_g4,2,6,low,800,gtr_g4,1.0,True,2
ils=low|rep=02|length=800|model=gtr_g4,2,6,low,800,gtr_g4,1.0,True,2
ils=low|rep=02|length=800|model=gtr_g4,2,6,low,800,gtr_g4,0.333,False,5
ils=low|rep=02|length=800|model=gtr_g4,2,6,low,800,gtr_g4,0.528,True,2
ils=low|rep=02|length=800|model=gtr_g4,2,6,low,800,gtr_g4,0.893,True,7
ils=low|rep=02|length=800|model=gtr_g4,2,6,low,800,gtr_g4,1.0,True,9
ils=low|rep=02|length=800|model=gtr_g4,2,6,low,800,gtr_g4,0.952,True,9
ils=low|rep=02|length=800|model=gtr_g4,2,6,low,800,gtr_g4,0.825,True,5
ils=low|rep=02|length=800|model=gtr_g4,2,6,low,800,gtr_g4,1.0,True,4
ils=low|rep=02|length=800|model=gtr_g4,2,6,low,800,gtr_g4,1.0,True,2
ils=low|rep=02|length=800|model=gtr_g4,2,6,low,800,gtr_g4,0.845,True,2
ils=low|rep=02|length=800|model=gtr_g4,2,6,low,800,gtr_g4,1.0,True,4
ils=low|rep=02|length=800|model=gtr_g4,2,6,low,800,gtr_g4,0.333,False,3
ils=low|rep=02|length=800|model=gtr_g4,2,6,low,800,gtr_g4,1.0,True,2
ils=low|rep=02|length=800|model=gtr_g4,2,6,low,800,gtr_g4,1.0,True,3
ils=low|rep=02|length=800|model=gtr_g4,2,6,low,800,gtr_g4,1.0,True,2
ils=low|rep=02|length=800|model=gtr_g4,2,6,low,800,gtr_g4,1.0,True,2
ils=low|rep=02|length=800|model=gtr_g4,2,7,low,800,gtr_g4,1.0,True,2
ils=low|rep=02|length=800|model=gtr_g4,2,7,low,800,gtr_g4,1.0,True,2
ils=low|rep=02|length=800|model=gtr_g4,2,7,low,800,gtr_g4,0.997,True,4
ils=low|rep=02|length=800|model=gtr_g4,2,7,low,800,gtr_g4,0.393,True,5
ils=low|rep=02|length=800|model=gtr_g4,2,7,low,800,gtr_g4,0.779,True,6
ils=low|rep=02|length=800|model=gtr_g4,2,7,low,800,gtr_g4,1.0,True,2
ils=low|rep=02|length=800|model=gtr_g4,2,7,low,800,gtr_g4,0.333,False,8
ils=low|rep=02|length=800|model=gtr_g4,2,7,low,800,gtr_g4,0.838,True,9
ils=low|rep=02|length=800|model=gtr_g4,2,7,low,800,gtr_g4,1.0,True,3
ils=low|rep=02|length=800|model=gtr_g4,2,7,low,800,gtr_g4,0.997,True,2
ils=low|rep=02|length=800|model=gtr_g4,2,7,low,800,gtr_g4,0.446,True,9
ils=low|rep=02|length=800|model=gtr_g4,2,7,low,800,gtr_g4,1.0,True,8
ils=low|rep=02|length=800|model=gtr_g4,2,7,low,800,gtr_g4,0.439,True,4
ils=low|rep=02|length=800|model=gtr_g4,2,7,low,800,gtr_g4,0.998,True,3
ils=low|rep=02|length=800|model=gtr_g4,2,7,low,800,gtr_g4,1.0,True,2
ils=low|rep=02|length=800|model=gtr_g4,2,7,low,800,gtr_g4,1.0,True,4
ils=low|rep=02|length=800|model=gtr_g4,2,7,low,800,gtr_g4,0.981,True,2
ils=low|rep=02|length=800|model=gtr_g4,2,7,low,800,gtr_g4,0.911,True,2
ils=low|rep=02|length=800|model=gtr,2,1,low,800,gtr,0.995,False,3
ils=low|rep=02|length=800|model=gtr,2,1,low,800,gtr,1.0,False,5
ils=low|rep=02|length=800|model=gtr,2,1,low,800,gtr,0.739,False,6
ils=low|rep=02|length=800|model=gtr,2,1,low,800,gtr,0.813,True,7
ils=low|rep=02|length=800|model=gtr,2,1,low,800,gtr,1.0,True,2
ils=low|rep=02|length=800|model=gtr,2,1,low,800,gtr,0.999,True,9
ils=low|rep=02|length=800|model=gtr,2,1,low,800,gtr,1.0,True,9
ils=low|rep=02|length=800|model=gtr,2,1,low,800,gtr,0.993,True,8
ils=low|rep=02|length=800|model=gtr,2,1,low,800,gtr,1.0,True,4
ils=low|rep=02|length=800|model=gtr,2,1,low,800,gtr,0.934,True,3
ils=low|rep=02|length=800|model=gtr,2,1,low,800,gtr,1.0,True,2
ils=low|rep=02|length=800|model=gtr,2,1,low,800,gtr,1.0,True,4
ils=low|rep=02|length=800|model=gtr,2,1,low,800,gtr,0.771,False,3
ils=low|rep=02|length=800|model=gtr,2,1,low,800,gtr,0.949,False,2
ils=low|rep=02|length=800|model=gtr,2,1,low,800,gtr,1.0,True,3
ils=low|rep=02|length=800|model=gtr,2,1,low,800,gtr,1.0,True,2
ils=low|rep=02|length=800|model=gtr,2,1,low,800,gtr,1.0,True,2
ils=low|rep=02|length=800|model=gtr,2,1,low,800,gtr,1.0,True,2
ils=low|rep=02|length=800|model=gtr,2,2,low,800,gtr,1.0,False,2
ils=low|rep=02|length=800|model=gtr,2,2,low,800,gtr,0.909,False,5
ils=low|rep=02|length=800|model=gtr,2,2,low,800,gtr,0.951,False,9
ils=low|rep=02|length=800|model=gtr,2,2,low,800,gtr,0.869,False,4
ils=low|rep=02|length=800|model=gtr,2,2,low,800,gtr,0.997,False,2
ils=low|rep=02|length=800|model=gtr,2,2,low,800,gtr,1.0,False,2
ils=low|rep=02|length=800|model=gtr,2,2,low,800,gtr,1.0,True,8
ils=low|rep=02|length=800|model=gtr,2,2,low,800,gtr,0.598,False,7
ils=low|rep=02|length=800|model=gtr,2,2,low,800,gtr,1.0,True,3
ils=low|rep=02|length=800|model=gtr,2,2,low,800,gtr,1.0,True,2
ils=low|rep=02|length=800|model=gtr,2,2,low,800,gtr,1.0,True,4
ils=low|rep=02|length=800|model=gtr,2,2,low,800,gtr,0.976,True,2
ils=low|rep=02|length=800|model=gtr,2,2,low,800,gtr,0.907,True,2
ils=low|rep=02|length=800|model=gtr,2,2,low,800,gtr,1.0,True,4
ils=low|rep=02|length=800|model=gtr,2,2,low,800,gtr,1.0,True,2
ils=low|rep=02|length=800|model=gtr,2,2,low,800,gtr,1.0,True,2
ils=low|rep=02|length=800|model=gtr,2,2,low,800,gtr,0.996,True,3
ils=low|rep=02|length=800|model=gtr,2,2,low,800,gtr,1.0,True,2
ils=low|rep=02|length=800|model=gtr,2,3,low,800,gtr,0.933,False,2
ils=low|rep=02|length=800|model=gtr,2,3,low,800,gtr,1.0,False,3
ils=low|rep=02|length=800|model=gtr,2,3,low,800,gtr,0.881,True,4
ils=low|rep=02|length=800|model=gtr,2,3,low,800,gtr,1.0,True,2
ils=low|rep=02|length=800|model=gtr,2,3,low,800,gtr,1.0,True,2
ils=low|rep=02|length=800|model=gtr,2,3,low,800,gtr,1.0,True,7
ils=low|rep=02|length=800|model=gtr,2,3,low,800,gtr,1.0,True,3
ils=low|rep=02|length=800|model=gtr,2,3,low,800,gtr,1.0,True,2
ils=low|rep=02|length=800|model=gtr,2,3,low,800,gtr,0.831,False,10
ils=low|rep=02|length=800|model=gtr,2,3,low,800,gtr,1.0,True,9
ils=low|rep=02|length=800|model=gtr,2,3,low,800,gtr,0.995,False,8
ils=low|rep=02|length=800|model=gtr,2,3,low,800,gtr,0.999,True,5
ils=low|rep=02|length=800|model=gtr,2,3,low,800,gtr,1.0,True,4
ils=low|rep=02|length=800|model=gtr,2,3,low,800,gtr,0.854,True,2
ils=low|rep=02|length=800|model=gtr,2,3,low,800,gtr,0.966,True,2
ils=low|rep=02|length=800|model=gtr,2,3,low,800,gtr,1.0,True,3
ils=low|rep=02|length=800|model=gtr,2,3,low,800,gtr,1.0,True,2
ils=low|rep=02|length=800|model=gtr,2,3,low,800,gtr,1.0,True,2
ils=low|rep=02|length=800|model=gtr,2,4,low,800,gtr,1.0,False,3
ils=low|rep=02|length=800|model=gtr,2,4,low,800,gtr,0.453,False,5
ils=low|rep=02|length=800|model=gtr,2,4,low,800,gtr,1.0,True,7
ils=low|rep=02|length=800|model=gtr,2,4,low,800,gtr,1.0,True,9
ils=low|rep=02|length=800|model=gtr,2,4,low,800,gtr,1.0,True,9
ils=low|rep=02|length=800|model=gtr,2,4,low,800,gtr,0.998,True,8
ils=low|rep=02|length=800|model=gtr,2,4,low,800,gtr,1.0,True,4
ils=low|rep=02|length=800|model=gtr,2,4,low,800,gtr,0.935,False,3
ils=low|rep=02|length=800|model=gtr,2,4,low,800,gtr,1.0,True,2
ils=low|rep=02|length=800|model=gtr,2,4,low,800,gtr,1.0,True,4
ils=low|rep=02|length=800|model=gtr,2,4,low,800,gtr,0.999,True,3
ils=low|rep=02|length=800|model=gtr,2,4,low,800,gtr,0.665,True,2
ils=low|rep=02|length=800|model=gtr,2,4,low,800,gtr,1.0,True,3
ils=low|rep=02|length=800|model=gtr,2,4,low,800,gtr,1.0,True,2
ils=low|rep=02|length=800|model=gtr,2,4,low,800,gtr,1.0,True,2
ils=low|rep=02|length=800|model=gtr,2,4,low,800,gtr,1.0,True,2
ils=low|rep=02|length=800|model=gtr,2,4,low,800,gtr,0.988,False,2
ils=low|rep=02|length=800|model=gtr,2,4,low,800,gtr,1.0,True,2
ils=low|rep=02|length=800|model=gtr,2,5,low,800,gtr,0.607,True,4
ils=low|rep=02|length=800|model=gtr,2,5,low,800,gtr,1.0,True,2
ils=low|rep=02|length=800|model=gtr,2,5,low,800,gtr,1.0,True,2
ils=low|rep=02|length=800|model=gtr,2,5,low,800,gtr,1.0,True,5
ils=low|rep=02|length=800|model=gtr,2,5,low,800,gtr,1.0,True,7
ils=low|rep=02|length=800|model=gtr,2,5,low,800,gtr,1.0,True,2
ils=low|rep=02|length=800|model=gtr,2,5,low,800,gtr,0.927,True,9
ils=low|rep=02|length=800|model=gtr,2,5,low,800,gtr,1.0,True,3
ils=low|rep=02|length=800|model=gtr,2,5,low,800,gtr,1.0,True,2
ils=low|rep=02|length=800|model=gtr,2,5,low,800,gtr,1.0,True,9
ils=low|rep=02|length=800|model=gtr,2,5,low,800,gtr,0.716,False,3
ils=low|rep=02|length=800|model=gtr,2,5,low,800,gtr,1.0,True,2
ils=low|rep=02|length=800|model=gtr,2,5,low,800,gtr,0.987,False,6
ils=low|rep=02|length=800|model=gtr,2,5,low,800,gtr,0.948,False,5
ils=low|rep=02|length=800|model=gtr,2,5,low,800,gtr,1.0,True,4
ils=low|rep=02|length=800|model=gtr,2,5,low,800,gtr,0.996,True,3
ils=low|rep=02|length=800|model=gtr,2,5,low,800,gtr,1.0,True,2
ils=low|rep=02|length=800|model=gtr,2,5,low,800,gtr,0.571,True,2
ils=low|rep=02|length=800|model=gtr,2,6,low,800,gtr,1.0,False,2
ils=low|rep=02|length=800|model=gtr,2,6,low,800,gtr,0.996,False,3
ils=low|rep=02|length=800|model=gtr,2,6,low,800,gtr,0.579,False,4
ils=low|rep=02|length=800|model=gtr,2,6,low,800,gtr,1.0,True,4
ils=low|rep=02|length=800|model=gtr,2,6,low,800,gtr,1.0,True,2
ils=low|rep=02|length=800|model=gtr,2,6,low,800,gtr,1.0,True,2
ils=low|rep=02|length=800|model=gtr,2,6,low,800,gtr,1.0,False,8
ils=low|rep=02|length=800|model=gtr,2,6,low,800,gtr,0.999,True,9
ils=low|rep=02|length=800|model=gtr,2,6,low,800,gtr,1.0,True,9
ils=low|rep=02|length=800|model=gtr,2,6,low,800,gtr,0.938,True,5
ils=low|rep=02|length=800|model=gtr,2,6,low,800,gtr,1.0,True,4
ils=low|rep=02|length=800|model=gtr,2,6,low,800,gtr,1.0,True,2
ils=low|rep=02|length=800|model=gtr,2,6,low,800,gtr,0.998,True,2
ils=low|rep=02|length=800|model=gtr,2,6,low,800,gtr,1.0,True,4
ils=low|rep=02|length=800|model=gtr,2,6,low,800,gtr,0.889,False,3
ils=low|rep=02|length=800|model=gtr,2,6,low,800,gtr,1.0,True,2
ils=low|rep=02|length=800|model=gtr,2,6,low,800,gtr,1.0,True,3
ils=low|rep=02|length=800|model=gtr,2,6,low,800,gtr,1.0,True,2
ils=low|rep=02|length=800|model=gtr,2,7,low,800,gtr,1.0,True,2
ils=low|rep=02|length=800|model=gtr,2,7,low,800,gtr,1.0,True,2
ils=low|rep=02|length=800|model=gtr,2,7,low,800,gtr,1.0,True,4
ils=low|rep=02|length=800|model=gtr,2,7,low,800,gtr,0.927,False,3
ils=low|rep=02|length=800|model=gtr,2,7,low,800,gtr,0.809,False,2
ils=low|rep=02|length=800|model=gtr,2,7,low,800,gtr,0.998,True,7
ils=low|rep=02|length=800|model=gtr,2,7,low,800,gtr,1.0,True,2
ils=low|rep=02|length=800|model=gtr,2,7,low,800,gtr,0.998,True,9
ils=low|rep=02|length=800|model=gtr,2,7,low,800,gtr,0.812,False,4
ils=low|rep=02|length=800|model=gtr,2,7,low,800,gtr,0.999,True,3
ils=low|rep=02|length=800|model=gtr,2,7,low,800,gtr,1.0,True,2
ils=low|rep=02|length=800|model=gtr,2,7,low,800,gtr,1.0,True,8
ils=low|rep=02|length=800|model=gtr,2,7,low,800,gtr,0.739,False,7
ils=low|rep=02|length=800|model=gtr,2,7,low,800,gtr,1.0,True,3
ils=low|rep=02|length=800|model=gtr,2,7,low,800,gtr,1.0,True,2
ils=low|rep=02|length=800|model=gtr,2,7,low,800,gtr,1.0,True,4
ils=low|rep=02|length=800|model=gtr,2,7,low,800,gtr,0.986,True,2
ils=low|rep=02|length=800|model=gtr,2,7,low,800,gtr,1.0,True,2
ils=low|rep=02|length=800|model=hky_g4,2,1,low,800,hky_g4,0.819,False,5
ils=low|rep=02|length=800|model=hky_g4,2,1,low,800,hky_g4,0.499,False,6
ils=low|rep=02|length=800|model=hky_g4,2,1,low,800,hky_g4,0.98,True,7
ils=low|rep=02|length=800|model=hky_g4,2,1,low,800,hky_g4,1.0,True,2
ils=low|rep=02|length=800|model=hky_g4,2,1,low,800,hky_g4,0.999,True,9
ils=low|rep=02|length=800|model=hky_g4,2,1,low,800,hky_g4,1.0,True,9
ils=low|rep=02|length=800|model=hky_g4,2,1,low,800,hky_g4,0.333,True,8
ils=low|rep=02|length=800|model=hky_g4,2,1,low,800,hky_g4,1.0,True,4
ils=low|rep=02|length=800|model=hky_g4,2,1,low,800,hky_g4,0.995,True,3
ils=low|rep=02|length=800|model=hky_g4,2,1,low,800,hky_g4,1.0,True,2
ils=low|rep=02|length=800|model=hky_g4,2,1,low,800,hky_g4,1.0,True,4
ils=low|rep=02|length=800|model=hky_g4,2,1,low,800,hky_g4,0.455,False,3
ils=low|rep=02|length=800|model=hky_g4,2,1,low,800,hky_g4,0.749,False,2
ils=low|rep=02|length=800|model=hky_g4,2,1,low,800,hky_g4,1.0,True,3
ils=low|rep=02|length=800|model=hky_g4,2,1,low,800,hky_g4,1.0,True,2
ils=low|rep=02|length=800|model=hky_g4,2,1,low,800,hky_g4,0.333,True,4
ils=low|rep=02|length=800|model=hky_g4,2,1,low,800,hky_g4,1.0,True,2
ils=low|rep=02|length=800|model=hky_g4,2,1,low,800,hky_g4,1.0,True,2
ils=low|rep=02|length=800|model=hky_g4,2,2,low,800,hky_g4,0.333,False,2
ils=low|rep=02|length=800|model=hky_g4,2,2,low,800,hky_g4,0.333,False,5
ils=low|rep=02|length=800|model=hky_g4,2,2,low,800,hky_g4,0.462,False,10
ils=low|rep=02|length=800|model=hky_g4,2,2,low,800,hky_g4,1.0,True,9
ils=low|rep=02|length=800|model=hky_g4,2,2,low,800,hky_g4,0.594,True,8
ils=low|rep=02|length=800|model=hky_g4,2,2,low,800,hky_g4,0.489,True,4
ils=low|rep=02|length=800|model=hky_g4,2,2,low,800,hky_g4,0.747,True,3
ils=low|rep=02|length=800|model=hky_g4,2,2,low,800,hky_g4,1.0,True,2
ils=low|rep=02|length=800|model=hky_g4,2,2,low,800,hky_g4,1.0,True,4
ils=low|rep=02|length=800|model=hky_g4,2,2,low,800,hky_g4,0.826,True,2
ils=low|rep=02|length=800|model=hky_g4,2,2,low,800,hky_g4,0.989,True,2
ils=low|rep=02|length=800|model=hky_g4,2,2,low,800,hky_g4,0.338,False,6
ils=low|rep=02|length=800|model=hky_g4,2,2,low,800,hky_g4,0.989,True,4
ils=low|rep=02|length=800|model=hky_g4,2,2,low,800,hky_g4,1.0,True,2
ils=low|rep=02|length=800|model=hky_g4,2,2,low,800,hky_g4,1.0,True,2
ils=low|rep=02|length=800|model=hky_g4,2,2,low,800,hky_g4,1.0,True,2
ils=low|rep=02|length=800|model=hky_g4,2,2,low,800,hky_g4,0.999,True,3
ils=low|rep=02|length=800|model=hky_g4,2,2,low,800,hky_g4,1.0,True,2
ils=low|rep=02|length=800|model=hky_g4,2,3,low,800,hky_g4,0.876,False,6
ils=low|rep=02|length=800|model=hky_g4,2,3,low,800,hky_g4,0.55,True,5
ils=low|rep=02|length=800|model=hky_g4,2,3,low,800,hky_g4,0.9,True,4
ils=low|rep=02|length=800|model=hky_g4,2,3,low,800,hky_g4,1.0,True,2
ils=low|rep=02|length=800|model=hky_g4,2,3,low,800,hky_g4,1.0,True,2
ils=low|rep=02|length=800|model=hky_g4,2,3,low,800,hky_g4,0.466,True,7
ils=low|rep=02|length=800|model=hky_g4,2,3,low,800,hky_g4,1.0,True,3
ils=low|rep=02|length=800|model=hky_g4,2,3,low,800,hky_g4,1.0,True,2
ils=low|rep=02|length=800|model=hky_g4,2,3,low,800,hky_g4,0.337,False,10
ils=low|rep=02|length=800|model=hky_g4,2,3,low,800,hky_g4,0.999,True,9
ils=low|rep=02|length=800|model=hky_g4,2,3,low,800,hky_g4,0.486,False,8
ils=low|rep=02|length=800|model=hky_g4,2,3,low,800,hky_g4,0.339,False,7
ils=low|rep=02|length=800|model=hky_g4,2,3,low,800,hky_g4,1.0,True,4
ils=low|rep=02|length=800|model=hky_g4,2,3,low,800,hky_g4,0.684,False,3
ils=low|rep=02|length=800|model=hky_g4,2,3,low,800,hky_g4,0.482,True,2
ils=low|rep=02|length=800|model=hky_g4,2,3,low,800,hky_g4,1.0,True,3
ils=low|rep=02|length=800|model=hky_g4,2,3,low,800,hky_g4,0.831,True,2
ils=low|rep=02|length=800|model=hky_g4,2,3,low,800,hky_g4,1.0,True,2
ils=low|rep=02|length=800|model=hky_g4,2,4,low,800,hky_g4,0.941,False,3
ils=low|rep=02|length=800|model=hky_g4,2,4,low,800,hky_g4,0.414,False,4
ils=low|rep=02|length=800|model=hky_g4,2,4,low,800,hky_g4,0.372,False,5
ils=low|rep=02|length=800|model=hky_g4,2,4,low,800,hky_g4,1.0,True,7
ils=low|rep=02|length=800|model=hky_g4,2,4,low,800,hky_g4,0.858,True,9
ils=low|rep=02|length=800|model=hky_g4,2,4,low,800,hky_g4,1.0,True,9
ils=low|rep=02|length=800|model=hky_g4,2,4,low,800,hky_g4,0.455,True,8
ils=low|rep=02|length=800|model=hky_g4,2,4,low,800,hky_g4,1.0,True,4
ils=low|rep=02|length=800|model=hky_g4,2,4,low,800,hky_g4,0.38,False,3
ils=low|rep=02|length=800|model=hky_g4,2,4,low,800,hky_g4,1.0,True,2
ils=low|rep=02|length=800|model=hky_g4,2,4,low,800,hky_g4,1.0,True,4
ils=low|rep=02|length=800|model=hky_g4,2,4,low,800,hky_g4,0.827,True,3
ils=low|rep=02|length=800|model=hky_g4,2,4,low,800,hky_g4,0.426,False,2
ils=low|rep=02|length=800|model=hky_g4,2,4,low,800,hky_g4,1.0,True,3
ils=low|rep=02|length=800|model=hky_g4,2,4,low,800,hky_g4,1.0,True,2
ils=low|rep=02|length=800|model=hky_g4,2,4,low,800,hky_g4,1.0,True,2
ils=low|rep=02|length=800|model=hky_g4,2,4,low,800,hky_g4,1.0,True,2
ils=low|rep=02|length=800|model=hky_g4,2,4,low,800,hky_g4,0.999,True,2
ils=low|rep=02|length=800|model=hky_g4,2,5,low,800,hky_g4,0.974,True,4
ils=low|rep=02|length=800|model=hky_g4,2,5,low,800,hky_g4,1.0,True,2
ils=low|rep=02|length=800|model=hky_g4,2,5,low,800,hky_g4,1.0,True,2
ils=low|rep=02|length=800|model=hky_g4,2,5,low,800,hky_g4,0.923,True,5
ils=low|rep=02|length=800|model=hky_g4,2,5,low,800,hky_g4,0.515,True,7
ils=low|rep=02|length=800|model=hky_g4,2,5,low,800,hky_g4,1.0,True,2
ils=low|rep=02|length=800|model=hky_g4,2,5,low,800,hky_g4,0.456,True,9
ils=low|rep=02|length=800|model=hky_g4,2,5,low,800,hky_g4,1.0,True,3
ils=low|rep=02|length=800|model=hky_g4,2,5,low,800,hky_g4,1.0,True,2
ils=low|rep=02|length=800|model=hky_g4,2,5,low,800,hky_g4,1.0,True,9
ils=low|rep=02|length=800|model=hky_g4,2,5,low,800,hky_g4,0.999,True,8
ils=low|rep=02|length=800|model=hky_g4,2,5,low,800,hky_g4,0.333,False,6
ils=low|rep=02|length=800|model=hky_g4,2,5,low,800,hky_g4,1.0,True,4
ils=low|rep=02|length=800|model=hky_g4,2,5,low,800,hky_g4,0.715,True,3
ils=low|rep=02|length=800|model=hky_g4,2,5,low,800,hky_g4,0.999,True,2
ils=low|rep=02|length=800|model=hky_g4,2,5,low,800,hky_g4,0.468,True,2
ils=low|rep=02|length=800|model=hky_g4,2,5,low,800,hky_g4,1.0,True,2
ils=low|rep=02|length=800|model=hky_g4,2,5,low,800,hky_g4,0.814,True,2
ils=low|rep=02|length=800|model=hky_g4,2,6,low,800,hky_g4,0.969,True,4
ils=low|rep=02|length=800|model=hky_g4,2,6,low,800,hky_g4,1.0,True,2
ils=low|rep=02|length=800|model=hky_g4,2,6,low,800,hky_g4,1.0,True,2
ils=low|rep=02|length=800|model=hky_g4,2,6,low,800,hky_g4,0.333,False,5
ils=low|rep=02|length=800|model=hky_g4,2,6,low,800,hky_g4,0.509,True,2
ils=low|rep=02|length=800|model=hky_g4,2,6,low,800,hky_g4,0.887,True,7
ils=low|rep=02|length=800|model=hky_g4,2,6,low,800,hky_g4,1.0,True,9
ils=low|rep=02|length=800|model=hky_g4,2,6,low,800,hky_g4,0.949,True,9
ils=low|rep=02|length=800|model=hky_g4,2,6,low,800,hky_g4,0.804,True,5
ils=low|rep=02|length=800|model=hky_g4,2,6,low,800,hky_g4,1.0,True,4
ils=low|rep=02|length=800|model=hky_g4,2,6,low,800,hky_g4,1.0,True,2
ils=low|rep=02|length=800|model=hky_g4,2,6,low,800,hky_g4,0.852,True,2
ils=low|rep=02|length=800|model=hky_g4,2,6,low,800,hky_g4,1.0,True,4
ils=low|rep=02|length=800|model=hky_g4,2,6,low,800,hky_g4,0.333,False,3
ils=low|rep=02|length=800|model=hky_g4,2,6,low,800,hky_g4,1.0,True,2
ils=low|rep=02|length=800|model=hky_g4,2,6,low,800,hky_g4,1.0,True,3
ils=low|rep=02|length=800|model=hky_g4,2,6,low,800,hky_g4,1.0,True,2
ils=low|rep=02|length=800|model=hky_g4,2,6,low,800,hky_g4,1.0,True,2
ils=low|rep=02|length=800|model=hky_g4,2,7,low,800,hky_g4,1.0,True,2
ils=low|rep=02|length=800|model=hky_g4,2,7,low,800,hky_g4,1.0,True,2
ils=low|rep=02|length=800|model=hky_g4,2,7,low,800,hky_g4,0.996,True,4
ils=low|rep=02|length=800|model=hky_g4,2,7,low,800,hky_g4,0.405,True,5
ils=low|rep=02|length=800|model=hky_g4,2,7,low,800,hky_g4,0.783,True,6
ils=low|rep=02|length=800|model=hky_g4,2,7,low,800,hky_g4,1.0,True,2
ils=low|rep=02|length=800|model=hky_g4,2,7,low,800,hky_g4,0.333,False,8
ils=low|rep=02|length=800|model=hky_g4,2,7,low,800,hky_g4,0.81,True,9
ils=low|rep=02|length=800|model=hky_g4,2,7,low,800,hky_g4,1.0,True,3
ils=low|rep=02|length=800|model=hky_g4,2,7,low,800,hky_g4,0.995,True,2
ils=low|rep=02|length=800|model=hky_g4,2,7,low,800,hky_g4,0.455,True,9
ils=low|rep=02|length=800|model=hky_g4,2,7,low,800,hky_g4,1.0,True,8
ils=low|rep=02|length=800|model=hky_g4,2,7,low,800,hky_g4,0.429,True,4
ils=low|rep=02|length=800|model=hky_g4,2,7,low,800,hky_g4,0.998,True,3
ils=low|rep=02|length=800|model=hky_g4,2,7,low,800,hky_g4,1.0,True,2
ils=low|rep=02|length=800|model=hky_g4,2,7,low,800,hky_g4,1.0,True,4
ils=low|rep=02|length=800|model=hky_g4,2,7,low,800,hky_g4,0.985,True,2
ils=low|rep=02|length=800|model=hky_g4,2,7,low,800,hky_g4,0.816,True,2
ils=low|rep=02|length=800|model=hky,2,1,low,800,hky,0.995,False,3
ils=low|rep=02|length=800|model=hky,2,1,low,800,hky,1.0,False,5
ils=low|rep=02|length=800|model=hky,2,1,low,800,hky,0.737,False,6
ils=low|rep=02|length=800|model=hky,2,1,low,800,hky,0.793,True,7
ils=low|rep=02|length=800|model=hky,2,1,low,800,hky,1.0,True,2
ils=low|rep=02|length=800|model=hky,2,1,low,800,hky,0.999,True,9
ils=low|rep=02|length=800|model=hky,2,1,low,800,hky,1.0,True,9
ils=low|rep=02|length=800|model=hky,2,1,low,800,hky,0.994,True,8
ils=low|rep=02|length=800|model=hky,2,1,low,800,hky,1.0,True,4
ils=low|rep=02|length=800|model=hky,2,1,low,800,hky,0.943,True,3
ils=low|rep=02|length=800|model=hky,2,1,low,800,hky,1.0,True,2
ils=low|rep=02|length=800|model=hky,2,1,low,800,hky,1.0,True,4
ils=low|rep=02|length=800|model=hky,2,1,low,800,hky,0.796,False,3
ils=low|rep=02|length=800|model=hky,2,1,low,800,hky,0.951,False,2
ils=low|rep=02|length=800|model=hky,2,1,low,800,hky,1.0,True,3
ils=low|rep=02|length=800|model=hky,2,1,low,800,hky,1.0,True,2
ils=low|rep=02|length=800|model=hky,2,1,low,800,hky,1.0,True,2
ils=low|rep=02|length=800|model=hky,2,1,low,800,hky,1.0,True,2
ils=low|rep=02|length=800|model=hky,2,2,low,800,hky,1.0,False,2
ils=low|rep=02|length=800|model=hky,2,2,low,800,hky,0.926,False,5
ils=low|rep=02|length=800|model=hky,2,2,low,800,hky,0.948,False,9
ils=low|rep=02|length=800|model=hky,2,2,low,800,hky,0.861,False,4
ils=low|rep=02|length=800|model=hky,2,2,low,800,hky,0.997,False,2
ils=low|rep=02|length=800|model=hky,2,2,low,800,hky,1.0,False,2
ils=low|rep=02|length=800|model=hky,2,2,low,800,hky,1.0,True,8
ils=low|rep=02|length=800|model=hky,2,2,low,800,hky,0.67,False,7
ils=low|rep=02|length=800|model=hky,2,2,low,800,hky,1.0,True,3
ils=low|rep=02|length=800|model=hky,2,2,low,800,hky,1.0,True,2
ils=low|rep=02|length=800|model=hky,2,2,low,800,hky,1.0,True,4
ils=low|rep=02|length=800|model=hky,2,2,low,800,hky,0.974,True,2
ils=low|rep=02|length=800|model=hky,2,2,low,800,hky,0.908,True,2
ils=low|rep=02|length=800|model=hky,2,2,low,800,hky,1.0,True,4
ils=low|rep=02|length=800|model=hky,2,2,low,800,hky,1.0,True,2
ils=low|rep=02|length=800|model=hky,2,2,low,800,hky,1.0,True,2
ils=low|rep=02|length=800|model=hky,2,2,low,800,hky,0.996,True,3
ils=low|rep=02|length=800|model=hky,2,2,low,800,hky,1.0,True,2
ils=low|rep=02|length=800|model=hky,2,3,low,800,hky,0.954,False,2
ils=low|rep=02|length=800|model=hky,2,3,low,800,hky,1.0,False,3
ils=low|rep=02|length=800|model=hky,2,3,low,800,hky,0.901,True,4
ils=low|rep=02|length=800|model=hky,2,3,low,800,hky,1.0,True,2
ils=low|rep=02|length=800|model=hky,2,3,low,800,hky,1.0,True,2
ils=low|rep=02|length=800|model=hky,2,3,low,800,hky,1.0,True,7
ils=low|rep=02|length=800|model=hky,2,3,low,800,hky,1.0,True,3
ils=low|rep=02|length=800|model=hky,2,3,low,800,hky,1.0,True,2
ils=low|rep=02|length=800|model=hky,2,3,low,800,hky,0.882,False,10
ils=low|rep=02|length=800|model=hky,2,3,low,800,hky,1.0,True,9
ils=low|rep=02|length=800|model=hky,2,3,low,800,hky,0.993,False,8
ils=low|rep=02|length=800|model=hky,2,3,low,800,hky,0.999,True,5
ils=low|rep=02|length=800|model=hky,2,3,low,800,hky,1.0,True,4
ils=low|rep=02|length=800|model=hky,2,3,low,800,hky,0.789,True,2
ils=low|rep=02|length=800|model=hky,2,3,low,800,hky,0.93,True,2
ils=low|rep=02|length=800|model=hky,2,3,low,800,hky,1.0,True,3
ils=low|rep=02|length=800|model=hky,2,3,low,800,hky,1.0,True,2
ils=low|rep=02|length=800|model=hky,2,3,low,800,hky,1.0,True,2
ils=low|rep=02|length=800|model=hky,2,4,low,800,hky,1.0,False,3
ils=low|rep=02|length=800|model=hky,2,4,low,800,hky,0.428,False,5
ils=low|rep=02|length=800|model=hky,2,4,low,800,hky,1.0,True,7
ils=low|rep=02|length=800|model=hky,2,4,low,800,hky,1.0,True,9
ils=low|rep=02|length=800|model=hky,2,4,low,800,hky,1.0,True,9
ils=low|rep=02|length=800|model=hky,2,4,low,800,hky,0.999,True,8
ils=low|rep=02|length=800|model=hky,2,4,low,800,hky,1.0,True,4
ils=low|rep=02|length=800|model=hky,2,4,low,800,hky,0.962,False,3
ils=low|rep=02|length=800|model=hky,2,4,low,800,hky,1.0,True,2
ils=low|rep=02|length=800|model=hky,2,4,low,800,hky,1.0,True,4
ils=low|rep=02|length=800|model=hky,2,4,low,800,hky,0.999,True,3
ils=low|rep=02|length=800|model=hky,2,4,low,800,hky,0.706,True,2
ils=low|rep=02|length=800|model=hky,2,4,low,800,hky,1.0,True,3
ils=low|rep=02|length=800|model=hky,2,4,low,800,hky,1.0,True,2
ils=low|rep=02|length=800|model=hky,2,4,low,800,hky,1.0,True,2
ils=low|rep=02|length=800|model=hky,2,4,low,800,hky,1.0,True,2
ils=low|rep=02|length=800|model=hky,2,4,low,800,hky,0.991,False,2
ils=low|rep=02|length=800|model=hky,2,4,low,800,hky,1.0,True,2
ils=low|rep=02|length=800|model=hky,2,5,low,800,hky,0.787,False,3
ils=low|rep=02|length=800|model=hky,2,5,low,800,hky,1.0,True,2
ils=low|rep=02|length=800|model=hky,2,5,low,800,hky,1.0,True,5
ils=low|rep=02|length=800|model=hky,2,5,low,800,hky,0.608,False,6
ils=low|rep=02|length=800|model=hky,2,5,low,800,hky,1.0,True,7
ils=low|rep=02|length=800|model=hky,2,5,low,800,hky,1.0,True,2
ils=low|rep=02|length=800|model=hky,2,5,low,800,hky,0.914,True,9
ils=low|rep=02|length=800|model=hky,2,5,low,800,hky,1.0,True,3
ils=low|rep=02|length=800|model=hky,2,5,low,800,hky,1.0,True,2
ils=low|rep=02|length=800|model=hky,2,5,low,800,hky,1.0,True,9
ils=low|rep=02|length=800|model=hky,2,5,low,800,hky,0.747,False,3
ils=low|rep=02|length=800|model=hky,2,5,low,800,hky,1.0,True,2
ils=low|rep=02|length=800|model=hky,2,5,low,800,hky,0.989,False,6
ils=low|rep=02|length=800|model=hky,2,5,low,800,hky,0.974,False,5
ils=low|rep=02|length=800|model=hky,2,5,low,800,hky,1.0,True,4
ils=low|rep=02|length=800|model=hky,2,5,low,800,hky,0.985,True,3
ils=low|rep=02|length=800|model=hky,2,5,low,800,hky,1.0,True,2
ils=low|rep=02|length=800|model=hky,2,5,low,800,hky,1.0,True,2
ils=low|rep=02|length=800|model=hky,2,6,low,800,hky,1.0,False,2
ils=low|rep=02|length=800|model=hky,2,6,low,800,hky,0.995,False,3
ils=low|rep=02|length=800|model=hky,2,6,low,800,hky,0.552,False,4
ils=low|rep=02|length=800|model=hky,2,6,low,800,hky,1.0,True,4
ils=low|rep=02|length=800|model=hky,2,6,low,800,hky,1.0,True,2
ils=low|rep=02|length=800|model=hky,2,6,low,800,hky,1.0,True,2
ils=low|rep=02|length=800|model=hky,2,6,low,800,hky,0.999,False,8
ils=low|rep=02|length=800|model=hky,2,6,low,800,hky,1.0,True,9
ils=low|rep=02|length=800|model=hky,2,6,low,800,hky,1.0,True,9
ils=low|rep=02|length=800|model=hky,2,6,low,800,hky,0.924,True,5
ils=low|rep=02|length=800|model=hky,2,6,low,800,hky,1.0,True,4
ils=low|rep=02|length=800|model=hky,2,6,low,800,hky,1.0,True,2
ils=low|rep=02|length=800|model=hky,2,6,low,800,hky,0.999,True,2
ils=low|rep=02|length=800|model=hky,2,6,low,800,hky,1.0,True,4
ils=low|rep=02|length=800|model=hky,2,6,low,800,hky,0.886,False,3
ils=low|rep=02|length=800|model=hky,2,6,low,800,hky,1.0,True,2
ils=low|rep=02|length=800|model=hky,2,6,low,800,hky,1.0,True,3
ils=low|rep=02|length=800|model=hky,2,6,low,800,hky,1.0,True,2
ils=low|rep=02|length=800|model=hky,2,7,low,800,hky,1.0,True,2
ils=low|rep=02|length=800|model=hky,2,7,low,800,hky,1.0,True,2
ils=low|rep=02|length=800|model=hky,2,7,low,800,hky,1.0,True,4
ils=low|rep=02|length=800|model=hky,2,7,low,800,hky,0.941,False,3
ils=low|rep=02|length=800|model=hky,2,7,low,800,hky,0.883,False,2
ils=low|rep=02|length=800|model=hky,2,7,low,800,hky,0.998,True,7
ils=low|rep=02|length=800|model=hky,2,7,low,800,hky,1.0,True,2
ils=low|rep=02|length=800|model=hky,2,7,low,800,hky,0.995,True,9
ils=low|rep=02|length=800|model=hky,2,7,low,800,hky,0.689,False,4
ils=low|rep=02|length=800|model=hky,2,7,low,800,hky,0.999,True,3
ils=low|rep=02|length=800|model=hky,2,7,low,800,hky,1.0,True,2
ils=low|rep=02|length=800|model=hky,2,7,low,800,hky,1.0,True,8
ils=low|rep=02|length=800|model=hky,2,7,low,800,hky,0.675,False,7
ils=low|rep=02|length=800|model=hky,2,7,low,800,hky,1.0,True,3
ils=low|rep=02|length=800|model=hky,2,7,low,800,hky,1.0,True,2
ils=low|rep=02|length=800|model=hky,2,7,low,800,hky,1.0,True,4
ils=low|rep=02|length=800|model=hky,2,7,low,800,hky,0.881,True,2
ils=low|rep=02|length=800|model=hky,2,7,low,800,hky,1.0,True,2
ils=low|rep=02|length=800|model=jc,2,1,low,800,jc,0.996,False,3
ils=low|rep=02|length=800|model=jc,2,1,low,800,jc,1.0,False,5
ils=low|rep=02|length=800|model=jc,2,1,low,800,jc,0.656,False,6
ils=low|rep=02|length=800|model=jc,2,1,low,800,jc,0.785,True,7
ils=low|rep=02|length=800|model=jc,2,1,low,800,jc,1.0,True,2
ils=low|rep=02|length=800|model=jc,2,1,low,800,jc,0.991,True,9
ils=low|rep=02|length=800|model=jc,2,1,low,800,jc,1.0,True,9
ils=low|rep=02|length=800|model=jc,2,1,low,800,jc,0.996,True,8
ils=low|rep=02|length=800|model=jc,2,1,low,800,jc,1.0,True,4
ils=low|rep=02|length=800|model=jc,2,1,low,800,jc,0.788,True,3
ils=low|rep=02|length=800|model=jc,2,1,low,800,jc,1.0,True,2
ils=low|rep=02|length=800|model=jc,2,1,low,800,jc,1.0,True,4
ils=low|rep=02|length=800|model=jc,2,1,low,800,jc,0.919,False,3
ils=low|rep=02|length=800|model=jc,2,1,low,800,jc,0.704,False,2
ils=low|rep=02|length=800|model=jc,2,1,low,800,jc,1.0,True,3
ils=low|rep=02|length=800|model=jc,2,1,low,800,jc,1.0,True,2
ils=low|rep=02|length=800|model=jc,2,1,low,800,jc,1.0,True,2
ils=low|rep=02|length=800|model=jc,2,1,low,800,jc,1.0,True,2
ils=low|rep=02|length=800|model=jc,2,2,low,800,jc,1.0,False,2
ils=low|rep=02|length=800|model=jc,2,2,low,800,jc,0.967,False,5
ils=low|rep=02|length=800|model=jc,2,2,low,800,jc,0.964,False,9
ils=low|rep=02|length=800|model=jc,2,2,low,800,jc,0.973,False,4
ils=low|rep=02|length=800|model=jc,2,2,low,800,jc,0.998,False,2
ils=low|rep=02|length=800|model=jc,2,2,low,800,jc,1.0,False,2
ils=low|rep=02|length=800|model=jc,2,2,low,800,jc,1.0,True,8
ils=low|rep=02|length=800|model=jc,2,2,low,800,jc,0.729,False,7
ils=low|rep=02|length=800|model=jc,2,2,low,800,jc,1.0,True,3
ils=low|rep=02|length=800|model=jc,2,2,low,800,jc,1.0,True,2
ils=low|rep=02|length=800|model=jc,2,2,low,800,jc,1.0,True,4
ils=low|rep=02|length=800|model=jc,2,2,low,800,jc,0.968,True,2
ils=low|rep=02|length=800|model=jc,2,2,low,800,jc,0.886,True,2
ils=low|rep=02|length=800|model=jc,2,2,low,800,jc,1.0,True,4
ils=low|rep=02|length=800|model=jc,2,2,low,800,jc,1.0,True,2
ils=low|rep=02|length=800|model=jc,2,2,low,800,jc,1.0,True,2
ils=low|rep=02|length=800|model=jc,2,2,low,800,jc,0.999,True,3
ils=low|rep=02|length=800|model=jc,2,2,low,800,jc,1.0,True,2
ils=low|rep=02|length=800|model=jc,2,3,low,800,jc,0.989,False,2
ils=low|rep=02|length=800|model=jc,2,3,low,800,jc,0.999,False,3
ils=low|rep=02|length=800|model=jc,2,3,low,800,jc,0.98,True,4
ils=low|rep=02|length=800|model=jc,2,3,low,800,jc,1.0,True,2
ils=low|rep=02|length=800|model=jc,2,3,low,800,jc,1.0,True,2
ils=low|rep=02|length=800|model=jc,2,3,low,800,jc,1.0,True,7
ils=low|rep=02|length=800|model=jc,2,3,low,800,jc,1.0,True,3
ils=low|rep=02|length=800|model=jc,2,3,low,800,jc,1.0,True,2
ils=low|rep=02|length=800|model=jc,2,3,low,800,jc,0.896,False,10
ils=low|rep=02|length=800|model=jc,2,3,low,800,jc,1.0,True,9
ils=low|rep=02|length=800|model=jc,2,3,low,800,jc,0.985,False,8
ils=low|rep=02|length=800|model=jc,2,3,low,800,jc,0.998,True,5
ils=low|rep=02|length=800|model=jc,2,3,low,800,jc,1.0,True,4
ils=low|rep=02|length=800|model=jc,2,3,low,800,jc,0.959,True,2
ils=low|rep=02|length=800|model=jc,2,3,low,800,jc,0.809,True,2
ils=low|rep=02|length=800|model=jc,2,3,low,800,jc,1.0,True,3
ils=low|rep=02|length=800|model=jc,2,3,low,800,jc,1.0,True,2
ils=low|rep=02|length=800|model=jc,2,3,low,800,jc,1.0,True,2
ils=low|rep=02|length=800|model=jc,2,4,low,800,jc,1.0,False,3
ils=low|rep=02|length=800|model=jc,2,4,low,800,jc,1.0,True,7
ils=low|rep=02|length=800|model=jc,2,4,low,800,jc,1.0,True,9
ils=low|rep=02|length=800|model=jc,2,4,low,800,jc,1.0,True,9
ils=low|rep=02|length=800|model=jc,2,4,low,800,jc,0.995,True,8
ils=low|rep=02|length=800|model=jc,2,4,low,800,jc,1.0,True,4
ils=low|rep=02|length=800|model=jc,2,4,low,800,jc,0.986,False,3
ils=low|rep=02|length=800|model=jc,2,4,low,800,jc,1.0,True,2
ils=low|rep=02|length=800|model=jc,2,4,low,800,jc,1.0,True,4
ils=low|rep=02|length=800|model=jc,2,4,low,800,jc,0.991,True,3
ils=low|rep=02|length=800|model=jc,2,4,low,800,jc,0.707,False,2
ils=low|rep=02|length=800|model=jc,2,4,low,800,jc,1.0,True,3
ils=low|rep=02|length=800|model=jc,2,4,low,800,jc,1.0,True,2
ils=low|rep=02|length=800|model=jc,2,4,low,800,jc,1.0,True,2
ils=low|rep=02|length=800|model=jc,2,4,low,800,jc,0.37,False,4
ils=low|rep=02|length=800|model=jc,2,4,low,800,jc,1.0,False,2
ils=low|rep=02|length=800|model=jc,2,4,low,800,jc,1.0,True,2
ils=low|rep=02|length=800|model=jc,2,4,low,800,jc,1.0,True,2
ils=low|rep=02|length=800|model=jc,2,5,low,800,jc,0.734,True,4
ils=low|rep=02|length=800|model=jc,2,5,low,800,jc,1.0,True,2
ils=low|rep=02|length=800|model=jc,2,5,low,800,jc,1.0,True,2
ils=low|rep=02|length=800|model=jc,2,5,low,800,jc,1.0,True,5
ils=low|rep=02|length=800|model=jc,2,5,low,800,jc,0.997,True,7
ils=low|rep=02|length=800|model=jc,2,5,low,800,jc,1.0,True,2
ils=low|rep=02|length=800|model=jc,2,5,low,800,jc,0.949,True,9
ils=low|rep=02|length=800|model=jc,2,5,low,800,jc,1.0,True,3
ils=low|rep=02|length=800|model=jc,2,5,low,800,jc,1.0,True,2
ils=low|rep=02|length=800|model=jc,2,5,low,800,jc,1.0,True,9
ils=low|rep=02|length=800|model=jc,2,5,low,800,jc,0.636,False,3
ils=low|rep=02|length=800|model=jc,2,5,low,800,jc,1.0,True,2
ils=low|rep=02|length=800|model=jc,2,5,low,800,jc,0.989,False,6
ils=low|rep=02|length=800|model=jc,2,5,low,800,jc,0.93,False,5
ils=low|rep=02|length=800|model=jc,2,5,low,800,jc,1.0,True,4
ils=low|rep=02|length=800|model=jc,2,5,low,800,jc,0.995,True,3
ils=low|rep=02|length=800|model=jc,2,5,low,800,jc,1.0,True,2
ils=low|rep=02|length=800|model=jc,2,5,low,800,jc,0.542,True,2
ils=low|rep=02|length=800|model=jc,2,6,low,800,jc,1.0,False,2
ils=low|rep=02|length=800|model=jc,2,6,low,800,jc,0.984,False,3
ils=low|rep=02|length=800|model=jc,2,6,low,800,jc,0.6,False,5
ils=low|rep=02|length=800|model=jc,2,6,low,800,jc,1.0,True,4
ils=low|rep=02|length=800|model=jc,2,6,low,800,jc,1.0,True,2
ils=low|rep=02|length=800|model=jc,2,6,low,800,jc,1.0,True,2
ils=low|rep=02|length=800|model=jc,2,6,low,800,jc,0.994,False,8
ils=low|rep=02|length=800|model=jc,2,6,low,800,jc,0.998,True,9
ils=low|rep=02|length=800|model=jc,2,6,low,800,jc,1.0,True,9
ils=low|rep=02|length=800|model=jc,2,6,low,800,jc,0.942,True,5
ils=low|rep=02|length=800|model=jc,2,6,low,800,jc,1.0,True,4
ils=low|rep=02|length=800|model=jc,2,6,low,800,jc,1.0,True,2
ils=low|rep=02|length=800|model=jc,2,6,low,800,jc,0.998,True,2
ils=low|rep=02|length=800|model=jc,2,6,low,800,jc,1.0,True,4
ils=low|rep=02|length=800|model=jc,2,6,low,800,jc,0.737,False,3
ils=low|rep=02|length=800|model=jc,2,6,low,800,jc,1.0,True,2
ils=low|rep=02|length=800|model=jc,2,6,low,800,jc,1.0,True,3
ils=low|rep=02|length=800|model=jc,2,6,low,800,jc,1.0,True,2
ils=low|rep=02|length=800|model=jc,2,7,low,800,jc,1.0,True,2
ils=low|rep=02|length=800|model=jc,2,7,low,800,jc,1.0,True,2
ils=low|rep=02|length=800|model=jc,2,7,low,800,jc,1.0,True,4
ils=low|rep=02|length=800|model=jc,2,7,low,800,jc,0.984,False,3
ils=low|rep=02|length=800|model=jc,2,7,low,800,jc,0.947,False,2
ils=low|rep=02|length=800|model=jc,2,7,low,800,jc,0.995,True,7
ils=low|rep=02|length=800|model=jc,2,7,low,800,jc,1.0,True,2
ils=low|rep=02|length=800|model=jc,2,7,low,800,jc,0.997,True,9
ils=low|rep=02|length=800|model=jc,2,7,low,800,jc,0.804,False,4
ils=low|rep=02|length=800|model=jc,2,7,low,800,jc,0.999,True,3
ils=low|rep=02|length=800|model=jc,2,7,low,800,jc,1.0,True,2
ils=low|rep=02|length=800|model=jc,2,7,low,800,jc,1.0,True,8
ils=low|rep=02|length=800|model=jc,2,7,low,800,jc,0.651,False,7
ils=low|rep=02|length=800|model=jc,2,7,low,800,jc,1.0,True,3
ils=low|rep=02|length=800|model=jc,2,7,low,800,jc,1.0,True,2
ils=low|rep=02|length=800|model=jc,2,7,low,800,jc,1.0,True,4
ils=low|rep=02|length=800|model=jc,2,7,low,800,jc,0.988,True,2
ils=low|rep=02|length=800|model=jc,2,7,low,800,jc,1.0,True,2
ils=high|rep=01|length=200|model=gtr_g4,1,1,high,200,gtr_g4,0.333,False,2
ils=high|rep=01|length=200|model=gtr_g4,1,1,high,200,gtr_g4,0.991,False,3
ils=high|rep=01|length=200|model=gtr_g4,1,1,high,200,gtr_g4,0.333,False,4
ils=high|rep=01|length=200|model=gtr_g4,1,1,high,200,gtr_g4,0.333,False,6
ils=high|rep=01|length=200|model=gtr_g4,1,1,high,200,gtr_g4,0.333,False,4
ils=high|rep=01|length=200|model=gtr_g4,1,1,high,200,gtr_g4,1.0,True,2
ils=high|rep=01|length=200|model=gtr_g4,1,1,high,200,gtr_g4,1.0,True,2
ils=high|rep=01|length=200|model=gtr_g4,1,1,high,200,gtr_g4,0.333,False,10
ils=high|rep=01|length=200|model=gtr_g4,1,1,high,200,gtr_g4,0.333,False,10
ils=high|rep=01|length=200|model=gtr_g4,1,1,high,200,gtr_g4,,False,2
ils=high|rep=01|length=200|model=gtr_g4,1,1,high,200,gtr_g4,0.333,False,8
ils=high|rep=01|length=200|model=gtr_g4,1,1,high,200,gtr_g4,0.996,True,6
ils=high|rep=01|length=200|model=gtr_g4,1,1,high,200,gtr_g4,0.333,False,5
ils=high|rep=01|length=200|model=gtr_g4,1,1,high,200,gtr_g4,,False,4
ils=high|rep=01|length=200|model=gtr_g4,1,1,high,200,gtr_g4,,False,3
ils=high|rep=01|length=200|model=gtr_g4,1,1,high,200,gtr_g4,,False,2
ils=high|rep=01|length=200|model=gtr_g4,1,1,high,200,gtr_g4,1.0,True,2
ils=high|rep=01|length=200|model=gtr_g4,1,1,high,200,gtr_g4,0.333,False,2
ils=high|rep=01|length=200|model=gtr_g4,1,2,high,200,gtr_g4,0.333,False,2
ils=high|rep=01|length=200|model=gtr_g4,1,2,high,200,gtr_g4,0.333,False,3
ils=high|rep=01|length=200|model=gtr_g4,1,2,high,200,gtr_g4,0.333,False,7
ils=high|rep=01|length=200|model=gtr_g4,1,2,high,200,gtr_g4,0.975,True,5
ils=high|rep=01|length=200|model=gtr_g4,1,2,high,200,gtr_g4,0.333,False,3
ils=high|rep=01|length=200|model=gtr_g4,1,2,high,200,gtr_g4,,False,2
ils=high|rep=01|length=200|model=gtr_g4,1,2,high,200,gtr_g4,0.993,False,2
ils=high|rep=01|length=200|model=gtr_g4,1,2,high,200,gtr_g4,0.976,True,9
ils=high|rep=01|length=200|model=gtr_g4,1,2,high,200,gtr_g4,0.333,False,8
ils=high|rep=01|length=200|model=gtr_g4,1,2,high,200,gtr_g4,0.333,False,5
ils=high|rep=01|length=200|model=gtr_g4,1,2,high,200,gtr_g4,0.333,False,2
ils=high|rep=01|length=200|model=gtr_g4,1,2,high,200,gtr_g4,0.333,False,3
ils=high|rep=01|length=200|model=gtr_g4,1,2,high,200,gtr_g4,0.957,True,2
ils=high|rep=01|length=200|model=gtr_g4,1,2,high,200,gtr_g4,0.333,False,3
ils=high|rep=01|length=200|model=gtr_g4,1,2,high,200,gtr_g4,,False,2
ils=high|rep=01|length=200|model=gtr_g4,1,2,high,200,gtr_g4,0.333,True,4
ils=high|rep=01|length=200|model=gtr_g4,1,2,high,200,gtr_g4,,False,3
ils=high|rep=01|length=200|model=gtr_g4,1,2,high,200,gtr_g4,,False,2
ils=high|rep=01|length=200|model=gtr_g4,1,3,high,200,gtr_g4,0.988,True,2
ils=high|rep=01|length=200|model=gtr_g4,1,3,high,200,gtr_g4,0.333,False,3
ils=high|rep=01|length=200|model=gtr_g4,1,3,high,200,gtr_g4,0.333,False,3
ils=high|rep=01|length=200|model=gtr_g4,1,3,high,200,gtr_g4,,False,2
ils=high|rep=01|length=200|model=gtr_g4,1,3,high,200,gtr_g4,0.333,False,6
ils=high|rep=01|length=200|model=gtr_g4,1,3,high,200,gtr_g4,0.333,False,5
ils=high|rep=01|length=200|model=gtr_g4,1,3,high,200,gtr_g4,0.978,True,4
ils=high|rep=01|length=200|model=gtr_g4,1,3,high,200,gtr_g4,0.333,True,3
ils=high|rep=01|length=200|model=gtr_g4,1,3,high,200,gtr_g4,,False,2
ils=high|rep=01|length=200|model=gtr_g4,1,3,high,200,gtr_g4,0.988,True,10
ils=high|rep=01|length=200|model=gtr_g4,1,3,high,200,gtr_g4,0.333,True,3
ils=high|rep=01|length=200|model=gtr_g4,1,3,high,200,gtr_g4,,False,2
ils=high|rep=01|length=200|model=gtr_g4,1,3,high,200,gtr_g4,0.966,True,7
ils=high|rep=01|length=200|model=gtr_g4,1,3,high,200,gtr_g4,0.333,False,5
ils=high|rep=01|length=200|model=gtr_g4,1,3,high,200,gtr_g4,0.992,True,4
ils=high|rep=01|length=200|model=gtr_g4,1,3,high,200,gtr_g4,0.333,True,3
ils=high|rep=01|length=200|model=gtr_g4,1,3,high,200,gtr_g4,,False,2
ils=high|rep=01|length=200|model=gtr_g4,1,3,high,200,gtr_g4,0.856,True,2
ils=high|rep=01|length=200|model=gtr_g4,1,4,high,200,gtr_g4,0.636,False,2
ils=high|rep=01|length=200|model=gtr_g4,1,4,high,200,gtr_g4,0.333,False,3
ils=high|rep=01|length=200|model=gtr_g4,1,4,high,200,gtr_g4,0.333,False,4
ils=high|rep=01|length=200|model=gtr_g4,1,4,high,200,gtr_g4,0.333,False,2
ils=high|rep=01|length=200|model=gtr_g4,1,4,high,200,gtr_g4,0.333,False,6
ils=high|rep=01|length=200|model=gtr_g4,1,4,high,200,gtr_g4,0.333,False,7
ils=high|rep=01|length=200|model=gtr_g4,1,4,high,200,gtr_g4,0.333,False,6
ils=high|rep=01|length=200|model=gtr_g4,1,4,high,200,gtr_g4,0.333,False,4
ils=high|rep=01|length=200|model=gtr_g4,1,4,high,200,gtr_g4,0.97,True,3
ils=high|rep=01|length=200|model=gtr_g4,1,4,high,200,gtr_g4,0.333,False,2
ils=high|rep=01|length=200|model=gtr_g4,1,4,high,200,gtr_g4,0.333,False,2
ils=high|rep=01|length=200|model=gtr_g4,1,4,high,200,gtr_g4,,False,8
ils=high|rep=01|length=200|model=gtr_g4,1,4,high,200,gtr_g4,,False,7
ils=high|rep=01|length=200|model=gtr_g4,1,4,high,200,gtr_g4,,False,6
ils=high|rep=01|length=200|model=gtr_g4,1,4,high,200,gtr_g4,,False,5
ils=high|rep=01|length=200|model=gtr_g4,1,4,high,200,gtr_g4,,False,4
ils=high|rep=01|length=200|model=gtr_g4,1,4,high,200,gtr_g4,,False,3
ils=high|rep=01|length=200|model=gtr_g4,1,4,high,200,gtr_g4,,False,2
ils=high|rep=01|length=200|model=gtr_g4,1,5,high,200,gtr_g4,,False,2
ils=high|rep=01|length=200|model=gtr_g4,1,5,high,200,gtr_g4,,False,3
ils=high|rep=01|length=200|model=gtr_g4,1,5,high,200,gtr_g4,0.333,False,4
ils=high|rep=01|length=200|model=gtr_g4,1,5,high,200,gtr_g4,0.981,True,5
ils=high|rep=01|length=200|model=gtr_g4,1,5,high,200,gtr_g4,0.333,False,6
ils=high|rep=01|length=200|model=gtr_g4,1,5,high,200,gtr_g4,0.333,False,6
ils=high|rep=01|length=200|model=gtr_g4,1,5,high,200,gtr_g4,,False,5
ils=high|rep=01|length=200|model=gtr_g4,1,5,high,200,gtr_g4,,False,4
ils=high|rep=01|length=200|model=gtr_g4,1,5,high,200,gtr_g4,,False,3
ils=high|rep=01|length=200|model=gtr_g4,1,5,high,200,gtr_g4,,False,2
ils=high|rep=01|length=200|model=gtr_g4,1,5,high,200,gtr_g4,0.333,False,9
ils=high|rep=01|length=200|model=gtr_g4,1,5,high,200,gtr_g4,0.979,True,8
ils=high|rep=01|length=200|model=gtr_g4,1,5,high,200,gtr_g4,0.333,False,7
ils=high|rep=01|length=200|model=gtr_g4,1,5,high,200,gtr_g4,0.333,False,5
ils=high|rep=01|length=200|model=gtr_g4,1,5,high,200,gtr_g4,,False,4
ils=high|rep=01|length=200|model=gtr_g4,1,5,high,200,gtr_g4,,False,3
ils=high|rep=01|length=200|model=gtr_g4,1,5,high,200,gtr_g4,,False,2
ils=high|rep=01|length=200|model=gtr_g4,1,5,high,200,gtr_g4,0.333,False,2
ils=high|rep=01|length=200|model=gtr_g4,1,6,high,200,gtr_g4,,False,2
ils=high|rep=01|length=200|model=gtr_g4,1,6,high,200,gtr_g4,0.333,False,3
ils=high|rep=01|length=200|model=gtr_g4,1,6,high,200,gtr_g4,1.0,False,4
ils=high|rep=01|length=200|model=gtr_g4,1,6,high,200,gtr_g4,,False,3
ils=high|rep=01|length=200|model=gtr_g4,1,6,high,200,gtr_g4,,False,2
ils=high|rep=01|length=200|model=gtr_g4,1,6,high,200,gtr_g4,0.984,True,7
ils=high|rep=01|length=200|model=gtr_g4,1,6,high,200,gtr_g4,0.333,False,9
ils=high|rep=01|length=200|model=gtr_g4,1,6,high,200,gtr_g4,0.333,True,7
ils=high|rep=01|length=200|model=gtr_g4,1,6,high,200,gtr_g4,,False,6
ils=high|rep=01|length=200|model=gtr_g4,1,6,high,200,gtr_g4,,False,5
ils=high|rep=01|length=200|model=gtr_g4,1,6,high,200,gtr_g4,,False,4
ils=high|rep=01|length=200|model=gtr_g4,1,6,high,200,gtr_g4,,False,3
ils=high|rep=01|length=200|model=gtr_g4,1,6,high,200,gtr_g4,,False,2
ils=high|rep=01|length=200|model=gtr_g4,1,6,high,200,gtr_g4,0.333,False,5
ils=high|rep=01|length=200|model=gtr_g4,1,6,high,200,gtr_g4,0.333,True,4
ils=high|rep=01|length=200|model=gtr_g4,1,6,high,200,gtr_g4,0.959,True,3
ils=high|rep=01|length=200|model=gtr_g4,1,6,high,200,gtr_g4,0.333,False,2
ils=high|rep=01|length=200|model=gtr_g4,1,6,high,200,gtr_g4,0.984,True,2
ils=high|rep=01|length=200|model=gtr_g4,1,7,high,200,gtr_g4,0.333,False,4
ils=high|rep=01|length=200|model=gtr_g4,1,7,high,200,gtr_g4,0.333,False,6
ils=high|rep=01|length=200|model=gtr_g4,1,7,high,200,gtr_g4,0.333,False,9
ils=high|rep=01|length=200|model=gtr_g4,1,7,high,200,gtr_g4,,False,10
ils=high|rep=01|length=200|model=gtr_g4,1,7,high,200,gtr_g4,,False,10
ils=high|rep=01|length=200|model=gtr_g4,1,7,high,200,gtr_g4,,False,9
ils=high|rep=01|length=200|model=gtr_g4,1,7,high,200,gtr_g4,,False,8
ils=high|rep=01|length=200|model=gtr_g4,1,7,high,200,gtr_g4,,False,7
ils=high|rep=01|length=200|model=gtr_g4,1,7,high,200,gtr_g4,,False,6
ils=high|rep=01|length=200|model=gtr_g4,1,7,high,200,gtr_g4,,False,5
ils=high|rep=01|length=200|model=gtr_g4,1,7,high,200,gtr_g4,,False,4
ils=high|rep=01|length=200|model=gtr_g4,1,7,high,200,gtr_g4,,False,3
ils=high|rep=01|length=200|model=gtr_g4,1,7,high,200,gtr_g4,,False,2
ils=high|rep=01|length=200|model=gtr_g4,1,7,high,200,gtr_g4,0.333,False,3
ils=high|rep=01|length=200|model=gtr_g4,1,7,high,200,gtr_g4,0.994,True,2
ils=high|rep=01|length=200|model=gtr_g4,1,7,high,200,gtr_g4,0.333,False,2
ils=high|rep=01|length=200|model=gtr_g4,1,7,high,200,gtr_g4,1.0,True,3
ils=high|rep=01|length=200|model=gtr_g4,1,7,high,200,gtr_g4,,False,2
ils=high|rep=01|length=200|model=gtr,1,1,high,200,gtr,0.333,False,2
ils=high|rep=01|length=200|model=gtr,1,1,high,200,gtr,0.991,False,3
ils=high|rep=01|length=200|model=gtr,1,1,high,200,gtr,0.333,False,4
ils=high|rep=01|length=200|model=gtr,1,1,high,200,gtr,0.333,False,6
ils=high|rep=01|length=200|model=gtr,1,1,high,200,gtr,0.333,False,7
ils=high|rep=01|length=200|model=gtr,1,1,high,200,gtr,0.333,False,9
ils=high|rep=01|length=200|model=gtr,1,1,high,200,gtr,0.333,False,4
ils=high|rep=01|length=200|model=gtr,1,1,high,200,gtr,1.0,True,2
ils=high|rep=01|length=200|model=gtr,1,1,high,200,gtr,1.0,True,2
ils=high|rep=01|length=200|model=gtr,1,1,high,200,gtr,0.333,False,8
ils=high|rep=01|length=200|model=gtr,1,1,high,200,gtr,0.996,True,6
ils=high|rep=01|length=200|model=gtr,1,1,high,200,gtr,0.333,False,5
ils=high|rep=01|length=200|model=gtr,1,1,high,200,gtr,,False,4
ils=high|rep=01|length=200|model=gtr,1,1,high,200,gtr,,False,3
ils=high|rep=01|length=200|model=gtr,1,1,high,200,gtr,,False,2
ils=high|rep=01|length=200|model=gtr,1,1,high,200,gtr,1.0,True,2
ils=high|rep=01|length=200|model=gtr,1,1,high,200,gtr,,False,2
ils=high|rep=01|length=200|model=gtr,1,1,high,200,gtr,0.333,False,2
ils=high|rep=01|length=200|model=gtr,1,2,high,200,gtr,0.333,False,2
ils=high|rep=01|length=200|model=gtr,1,2,high,200,gtr,0.333,False,6
ils=high|rep=01|length=200|model=gtr,1,2,high,200,gtr,0.994,True,5
ils=high|rep=01|length=200|model=gtr,1,2,high,200,gtr,0.333,False,3
ils=high|rep=01|length=200|model=gtr,1,2,high,200,gtr,,False,2
ils=high|rep=01|length=200|model=gtr,1,2,high,200,gtr,0.998,False,2
ils=high|rep=01|length=200|model=gtr,1,2,high,200,gtr,0.333,False,8
ils=high|rep=01|length=200|model=gtr,1,2,high,200,gtr,0.333,True,4
ils=high|rep=01|length=200|model=gtr,1,2,high,200,gtr,,False,3
ils=high|rep=01|length=200|model=gtr,1,2,high,200,gtr,,False,2
ils=high|rep=01|length=200|model=gtr,1,2,high,200,gtr,1.0,True,9
ils=high|rep=01|length=200|model=gtr,1,2,high,200,gtr,0.333,False,8
ils=high|rep=01|length=200|model=gtr,1,2,high,200,gtr,0.333,False,5
ils=high|rep=01|length=200|model=gtr,1,2,high,200,gtr,0.333,False,2
ils=high|rep=01|length=200|model=gtr,1,2,high,200,gtr,0.333,False,3
ils=high|rep=01|length=200|model=gtr,1,2,high,200,gtr,1.0,True,2
ils=high|rep=01|length=200|model=gtr,1,2,high,200,gtr,0.333,False,3
ils=high|rep=01|length=200|model=gtr,1,2,high,200,gtr,,False,2
ils=high|rep=01|length=200|model=gtr,1,3,high,200,gtr,0.995,True,2
ils=high|rep=01|length=200|model=gtr,1,3,high,200,gtr,0.333,False,6
ils=high|rep=01|length=200|model=gtr,1,3,high,200,gtr,0.333,False,5
ils=high|rep=01|length=200|model=gtr,1,3,high,200,gtr,0.333,False,3
ils=high|rep=01|length=200|model=gtr,1,3,high,200,gtr,,False,2
ils=high|rep=01|length=200|model=gtr,1,3,high,200,gtr,0.333,False,2
ils=high|rep=01|length=200|model=gtr,1,3,high,200,gtr,0.995,True,10
ils=high|rep=01|length=200|model=gtr,1,3,high,200,gtr,0.333,True,3
ils=high|rep=01|length=200|model=gtr,1,3,high,200,gtr,,False,2
ils=high|rep=01|length=200|model=gtr,1,3,high,200,gtr,0.987,True,7
ils=high|rep=01|length=200|model=gtr,1,3,high,200,gtr,0.333,False,5
ils=high|rep=01|length=200|model=gtr,1,3,high,200,gtr,0.997,True,4
ils=high|rep=01|length=200|model=gtr,1,3,high,200,gtr,0.333,True,3
ils=high|rep=01|length=200|model=gtr,1,3,high,200,gtr,,False,2
ils=high|rep=01|length=200|model=gtr,1,3,high,200,gtr,0.938,True,2
ils=high|rep=01|length=200|model=gtr,1,3,high,200,gtr,0.991,True,4
ils=high|rep=01|length=200|model=gtr,1,3,high,200,gtr,0.333,True,3
ils=high|rep=01|length=200|model=gtr,1,3,high,200,gtr,,False,2
ils=high|rep=01|length=200|model=gtr,1,4,high,200,gtr,0.625,False,2
ils=high|rep=01|length=200|model=gtr,1,4,high,200,gtr,0.333,False,3
ils=high|rep=01|length=200|model=gtr,1,4,high,200,gtr,0.333,False,7
ils=high|rep=01|length=200|model=gtr,1,4,high,200,gtr,0.333,False,5
ils=high|rep=01|length=200|model=gtr,1,4,high,200,gtr,0.333,False,2
ils=high|rep=01|length=200|model=gtr,1,4,high,200,gtr,0.333,False,3
ils=high|rep=01|length=200|model=gtr,1,4,high,200,gtr,0.333,False,2
ils=high|rep=01|length=200|model=gtr,1,4,high,200,gtr,0.333,False,9
ils=high|rep=01|length=200|model=gtr,1,4,high,200,gtr,,False,8
ils=high|rep=01|length=200|model=gtr,1,4,high,200,gtr,,False,7
ils=high|rep=01|length=200|model=gtr,1,4,high,200,gtr,,False,6
ils=high|rep=01|length=200|model=gtr,1,4,high,200,gtr,,False,5
ils=high|rep=01|length=200|model=gtr,1,4,high,200,gtr,,False,4
ils=high|rep=01|length=200|model=gtr,1,4,high,200,gtr,,False,3
ils=high|rep=01|length=200|model=gtr,1,4,high,200,gtr,,False,2
ils=high|rep=01|length=200|model=gtr,1,4,high,200,gtr,0.333,False,4
ils=high|rep=01|length=200|model=gtr,1,4,high,200,gtr,0.976,True,3
ils=high|rep=01|length=200|model=gtr,1,4,high,200,gtr,0.333,False,2
ils=high|rep=01|length=200|model=gtr,1,5,high,200,gtr,,False,2
ils=high|rep=01|length=200|model=gtr,1,5,high,200,gtr,,False,3
ils=high|rep=01|length=200|model=gtr,1,5,high,200,gtr,0.333,False,4
ils=high|rep=01|length=200|model=gtr,1,5,high,200,gtr,0.981,True,5
ils=high|rep=01|length=200|model=gtr,1,5,high,200,gtr,0.333,False,6
ils=high|rep=01|length=200|model=gtr,1,5,high,200,gtr,0.333,False,6
ils=high|rep=01|length=200|model=gtr,1,5,high,200,gtr,,False,5
ils=high|rep=01|length=200|model=gtr,1,5,high,200,gtr,,False,4
ils=high|rep=01|length=200|model=gtr,1,5,high,200,gtr,,False,3
ils=high|rep=01|length=200|model=gtr,1,5,high,200,gtr,,False,2
ils=high|rep=01|length=200|model=gtr,1,5,high,200,gtr,0.333,False,9
ils=high|rep=01|length=200|model=gtr,1,5,high,200,gtr,0.979,True,8
ils=high|rep=01|length=200|model=gtr,1,5,high,200,gtr,0.333,False,7
ils=high|rep=01|length=200|model=gtr,1,5,high,200,gtr,0.333,False,5
ils=high|rep=01|length=200|model=gtr,1,5,high,200,gtr,,False,4
ils=high|rep=01|length=200|model=gtr,1,5,high,200,gtr,,False,3
ils=high|rep=01|length=200|model=gtr,1,5,high,200,gtr,,False,2
ils=high|rep=01|length=200|model=gtr,1,5,high,200,gtr,0.333,False,2
ils=high|rep=01|length=200|model=gtr,1,6,high,200,gtr,,False,2
ils=high|rep=01|length=200|model=gtr,1,6,high,200,gtr,0.333,False,3
ils=high|rep=01|length=200|model=gtr,1,6,high,200,gtr,1.0,False,4
ils=high|rep=01|length=200|model=gtr,1,6,high,200,gtr,,False,3
ils=high|rep=01|length=200|model=gtr,1,6,high,200,gtr,,False,2
ils=high|rep=01|length=200|model=gtr,1,6,high,200,gtr,0.996,True,7
ils=high|rep=01|length=200|model=gtr,1,6,high,200,gtr,0.333,False,9
ils=high|rep=01|length=200|model=gtr,1,6,high,200,gtr,0.333,True,7
ils=high|rep=01|length=200|model=gtr,1,6,high,200,gtr,,False,6
ils=high|rep=01|length=200|model=gtr,1,6,high,200,gtr,,False,5
ils=high|rep=01|length=200|model=gtr,1,6,high,200,gtr,,False,4
ils=high|rep=01|length=200|model=gtr,1,6,high,200,gtr,,False,3
ils=high|rep=01|length=200|model=gtr,1,6,high,200,gtr,,False,2
ils=high|rep=01|length=200|model=gtr,1,6,high,200,gtr,0.333,False,5
ils=high|rep=01|length=200|model=gtr,1,6,high,200,gtr,0.333,True,4
ils=high|rep=01|length=200|model=gtr,1,6,high,200,gtr,0.989,True,3
ils=high|rep=01|length=200|model=gtr,1,6,high,200,gtr,0.333,False,2
ils=high|rep=01|length=200|model=gtr,1,6,high,200,gtr,0.996,True,2
ils=high|rep=01|length=200|model=gtr,1,7,high,200,gtr,0.333,False,2
ils=high|rep=01|length=200|model=gtr,1,7,high,200,gtr,0.333,False,3
ils=high|rep=01|length=200|model=gtr,1,7,high,200,gtr,,False,10
ils=high|rep=01|length=200|model=gtr,1,7,high,200,gtr,,False,10
ils=high|rep=01|length=200|model=gtr,1,7,high,200,gtr,,False,9
ils=high|rep=01|length=200|model=gtr,1,7,high,200,gtr,,False,8
ils=high|rep=01|length=200|model=gtr,1,7,high,200,gtr,,False,7
ils=high|rep=01|length=200|model=gtr,1,7,high,200,gtr,,False,6
ils=high|rep=01|length=200|model=gtr,1,7,high,200,gtr,,False,5
ils=high|rep=01|length=200|model=gtr,1,7,high,200,gtr,,False,4
ils=high|rep=01|length=200|model=gtr,1,7,high,200,gtr,,False,3
ils=high|rep=01|length=200|model=gtr,1,7,high,200,gtr,,False,2
ils=high|rep=01|length=200|model=gtr,1,7,high,200,gtr,0.333,False,7
ils=high|rep=01|length=200|model=gtr,1,7,high,200,gtr,0.333,False,5
ils=high|rep=01|length=200|model=gtr,1,7,high,200,gtr,0.994,True,2
ils=high|rep=01|length=200|model=gtr,1,7,high,200,gtr,1.0,True,3
ils=high|rep=01|length=200|model=gtr,1,7,high,200,gtr,,False,2
ils=high|rep=01|length=200|model=gtr,1,7,high,200,gtr,0.333,False,2
ils=high|rep=01|length=200|model=hky_g4,1,1,high,200,hky_g4,0.333,False,2
ils=high|rep=01|length=200|model=hky_g4,1,1,high,200,hky_g4,0.992,False,3
ils=high|rep=01|length=200|model=hky_g4,1,1,high,200,hky_g4,0.333,False,4
ils=high|rep=01|length=200|model=hky_g4,1,1,high,200,hky_g4,0.333,False,6
ils=high|rep=01|length=200|model=hky_g4,1,1,high,200,hky_g4,0.333,False,4
ils=high|rep=01|length=200|model=hky_g4,1,1,high,200,hky_g4,1.0,True,2
ils=high|rep=01|length=200|model=hky_g4,1,1,high,200,hky_g4,1.0,True,2
ils=high|rep=01|length=200|model=hky_g4,1,1,high,200,hky_g4,0.333,False,10
ils=high|rep=01|length=200|model=hky_g4,1,1,high,200,hky_g4,,False,2
ils=high|rep=01|length=200|model=hky_g4,1,1,high,200,hky_g4,0.333,False,9
ils=high|rep=01|length=200|model=hky_g4,1,1,high,200,hky_g4,0.333,False,8
ils=high|rep=01|length=200|model=hky_g4,1,1,high,200,hky_g4,0.997,True,6
ils=high|rep=01|length=200|model=hky_g4,1,1,high,200,hky_g4,0.333,False,5
ils=high|rep=01|length=200|model=hky_g4,1,1,high,200,hky_g4,,False,4
ils=high|rep=01|length=200|model=hky_g4,1,1,high,200,hky_g4,,False,3
ils=high|rep=01|length=200|model=hky_g4,1,1,high,200,hky_g4,,False,2
ils=high|rep=01|length=200|model=hky_g4,1,1,high,200,hky_g4,1.0,True,2
ils=high|rep=01|length=200|model=hky_g4,1,1,high,200,hky_g4,0.333,False,2
ils=high|rep=01|length=200|model=hky_g4,1,2,high,200,hky_g4,0.965,True,5
ils=high|rep=01|length=200|model=hky_g4,1,2,high,200,hky_g4,0.333,False,3
ils=high|rep=01|length=200|model=hky_g4,1,2,high,200,hky_g4,,False,2
ils=high|rep=01|length=200|model=hky_g4,1,2,high,200,hky_g4,0.993,False,2
ils=high|rep=01|length=200|model=hky_g4,1,2,high,200,hky_g4,0.333,False,6
ils=high|rep=01|length=200|model=hky_g4,1,2,high,200,hky_g4,0.333,False,7
ils=high|rep=01|length=200|model=hky_g4,1,2,high,200,hky_g4,0.333,True,4
ils=high|rep=01|length=200|model=hky_g4,1,2,high,200,hky_g4,,False,3
ils=high|rep=01|length=200|model=hky_g4,1,2,high,200,hky_g4,,False,2
ils=high|rep=01|length=200|model=hky_g4,1,2,high,200,hky_g4,0.333,True,10
ils=high|rep=01|length=200|model=hky_g4,1,2,high,200,hky_g4,0.982,True,9
ils=high|rep=01|length=200|model=hky_g4,1,2,high,200,hky_g4,0.333,False,8
ils=high|rep=01|length=200|model=hky_g4,1,2,high,200,hky_g4,0.333,False,2
ils=high|rep=01|length=200|model=hky_g4,1,2,high,200,hky_g4,0.333,False,6
ils=high|rep=01|length=200|model=hky_g4,1,2,high,200,hky_g4,0.333,False,3
ils=high|rep=01|length=200|model=hky_g4,1,2,high,200,hky_g4,1.0,True,2
ils=high|rep=01|length=200|model=hky_g4,1,2,high,200,hky_g4,0.333,False,3
ils=high|rep=01|length=200|model=hky_g4,1,2,high,200,hky_g4,,False,2
ils=high|rep=01|length=200|model=hky_g4,1,3,high,200,hky_g4,0.981,True,2
ils=high|rep=01|length=200|model=hky_g4,1,3,high,200,hky_g4,0.333,False,3
ils=high|rep=01|length=200|model=hky_g4,1,3,high,200,hky_g4,0.333,False,4
ils=high|rep=01|length=200|model=hky_g4,1,3,high,200,hky_g4,0.333,False,3
ils=high|rep=01|length=200|model=hky_g4,1,3,high,200,hky_g4,,False,2
ils=high|rep=01|length=200|model=hky_g4,1,3,high,200,hky_g4,0.333,False,7
ils=high|rep=01|length=200|model=hky_g4,1,3,high,200,hky_g4,0.984,True,4
ils=high|rep=01|length=200|model=hky_g4,1,3,high,200,hky_g4,0.333,True,3
ils=high|rep=01|length=200|model=hky_g4,1,3,high,200,hky_g4,,False,2
ils=high|rep=01|length=200|model=hky_g4,1,3,high,200,hky_g4,0.982,True,10
ils=high|rep=01|length=200|model=hky_g4,1,3,high,200,hky_g4,0.333,True,3
ils=high|rep=01|length=200|model=hky_g4,1,3,high,200,hky_g4,,False,2
ils=high|rep=01|length=200|model=hky_g4,1,3,high,200,hky_g4,0.975,True,7
ils=high|rep=01|length=200|model=hky_g4,1,3,high,200,hky_g4,0.333,False,5
ils=high|rep=01|length=200|model=hky_g4,1,3,high,200,hky_g4,0.995,True,4
ils=high|rep=01|length=200|model=hky_g4,1,3,high,200,hky_g4,0.333,True,3
ils=high|rep=01|length=200|model=hky_g4,1,3,high,200,hky_g4,,False,2
ils=high|rep=01|length=200|model=hky_g4,1,3,high,200,hky_g4,0.891,True,2
ils=high|rep=01|length=200|model=hky_g4,1,4,high,200,hky_g4,0.542,False,2
ils=high|rep=01|length=200|model=hky_g4,1,4,high,200,hky_g4,0.333,False,3
ils=high|rep=01|length=200|model=hky_g4,1,4,high,200,hky_g4,0.333,False,2
ils=high|rep=01|length=200|model=hky_g4,1,4,high,200,hky_g4,0.333,False,5
ils=high|rep=01|length=200|model=hky_g4,1,4,high,200,hky_g4,0.333,False,7
ils=high|rep=01|length=200|model=hky_g4,1,4,high,200,hky_g4,0.333,False,2
ils=high|rep=01|length=200|model=hky_g4,1,4,high,200,hky_g4,0.333,False,5
ils=high|rep=01|length=200|model=hky_g4,1,4,high,200,hky_g4,0.333,False,2
ils=high|rep=01|length=200|model=hky_g4,1,4,high,200,hky_g4,0.996,True,3
ils=high|rep=01|length=200|model=hky_g4,1,4,high,200,hky_g4,0.333,False,2
ils=high|rep=01|length=200|model=hky_g4,1,4,high,200,hky_g4,0.333,False,9
ils=high|rep=01|length=200|model=hky_g4,1,4,high,200,hky_g4,,False,8
ils=high|rep=01|length=200|model=hky_g4,1,4,high,200,hky_g4,,False,7
ils=high|rep=01|length=200|model=hky_g4,1,4,high,200,hky_g4,,False,6
ils=high|rep=01|length=200|model=hky_g4,1,4,high,200,hky_g4,,False,5
ils=high|rep=01|length=200|model=hky_g4,1,4,high,200,hky_g4,,False,4
ils=high|rep=01|length=200|model=hky_g4,1,4,high,200,hky_g4,,False,3
ils=high|rep=01|length=200|model=hky_g4,1,4,high,200,hky_g4,,False,2
ils=high|rep=01|length=200|model=hky_g4,1,5,high,200,hky_g4,,False,2
ils=high|rep=01|length=200|model=hky_g4,1,5,high,200,hky_g4,,False,3
ils=high|rep=01|length=200|model=hky_g4,1,5,high,200,hky_g4,0.333,False,4
ils=high|rep=01|length=200|model=hky_g4,1,5,high,200,hky_g4,0.988,True,5
ils=high|rep=01|length=200|model=hky_g4,1,5,high,200,hky_g4,0.333,False,6
ils=high|rep=01|length=200|model=hky_g4,1,5,high,200,hky_g4,0.333,False,6
ils=high|rep=01|length=200|model=hky_g4,1,5,high,200,hky_g4,,False,5
ils=high|rep=01|length=200|model=hky_g4,1,5,high,200,hky_g4,,False,4
ils=high|rep=01|length=200|model=hky_g4,1,5,high,200,hky_g4,,False,3
ils=high|rep=01|length=200|model=hky_g4,1,5,high,200,hky_g4,,False,2
ils=high|rep=01|length=200|model=hky_g4,1,5,high,200,hky_g4,0.333,False,9
ils=high|rep=01|length=200|model=hky_g4,1,5,high,200,hky_g4,0.987,True,8
ils=high|rep=01|length=200|model=hky_g4,1,5,high,200,hky_g4,0.333,False,7
ils=high|rep=01|length=200|model=hky_g4,1,5,high,200,hky_g4,0.333,False,5
ils=high|rep=01|length=200|model=hky_g4,1,5,high,200,hky_g4,,False,4
ils=high|rep=01|length=200|model=hky_g4,1,5,high,200,hky_g4,,False,3
ils=high|rep=01|length=200|model=hky_g4,1,5,high,200,hky_g4,,False,2
ils=high|rep=01|length=200|model=hky_g4,1,5,high,200,hky_g4,0.333,False,2
ils=high|rep=01|length=200|model=hky_g4,1,6,high,200,hky_g4,,False,2
ils=high|rep=01|length=200|model=hky_g4,1,6,high,200,hky_g4,0.333,False,3
ils=high|rep=01|length=200|model=hky_g4,1,6,high,200,hky_g4,1.0,False,4
ils=high|rep=01|length=200|model=hky_g4,1,6,high,200,hky_g4,,False,3
ils=high|rep=01|length=200|model=hky_g4,1,6,high,200,hky_g4,,False,2
ils=high|rep=01|length=200|model=hky_g4,1,6,high,200,hky_g4,0.985,True,7
ils=high|rep=01|length=200|model=hky_g4,1,6,high,200,hky_g4,0.333,False,9
ils=high|rep=01|length=200|model=hky_g4,1,6,high,200,hky_g4,0.333,True,7
ils=high|rep=01|length=200|model=hky_g4,1,6,high,200,hky_g4,,False,6
ils=high|rep=01|length=200|model=hky_g4,1,6,high,200,hky_g4,,False,5
ils=high|rep=01|length=200|model=hky_g4,1,6,high,200,hky_g4,,False,4
ils=high|rep=01|length=200|model=hky_g4,1,6,high,200,hky_g4,,False,3
ils=high|rep=01|length=200|model=hky_g4,1,6,high,200,hky_g4,,False,2
ils=high|rep=01|length=200|model=hky_g4,1,6,high,200,hky_g4,0.333,False,5
ils=high|rep=01|length=200|model=hky_g4,1,6,high,200,hky_g4,0.333,True,4
ils=high|rep=01|length=200|model=hky_g4,1,6,high,200,hky_g4,0.955,True,3
ils=high|rep=01|length=200|model=hky_g4,1,6,high,200,hky_g4,0.333,False,2
ils=high|rep=01|length=200|model=hky_g4,1,6,high,200,hky_g4,0.984,True,2
ils=high|rep=01|length=200|model=hky_g4,1,7,high,200,hky_g4,0.333,False,3
ils=high|rep=01|length=200|model=hky_g4,1,7,high,200,hky_g4,0.333,False,4
ils=high|rep=01|length=200|model=hky_g4,1,7,high,200,hky_g4,,False,10
ils=high|rep=01|length=200|model=hky_g4,1,7,high,200,hky_g4,,False,10
ils=high|rep=01|length=200|model=hky_g4,1,7,high,200,hky_g4,,False,9
ils=high|rep=01|length=200|model=hky_g4,1,7,high,200,hky_g4,,False,8
ils=high|rep=01|length=200|model=hky_g4,1,7,high,200,hky_g4,,False,7
ils=high|rep=01|length=200|model=hky_g4,1,7,high,200,hky_g4,,False,6
ils=high|rep=01|length=200|model=hky_g4,1,7,high,200,hky_g4,,False,5
ils=high|rep=01|length=200|model=hky_g4,1,7,high,200,hky_g4,,False,4
ils=high|rep=01|length=200|model=hky_g4,1,7,high,200,hky_g4,,False,3
ils=high|rep=01|length=200|model=hky_g4,1,7,high,200,hky_g4,,False,2
ils=high|rep=01|length=200|model=hky_g4,1,7,high,200,hky_g4,0.333,False,6
ils=high|rep=01|length=200|model=hky_g4,1,7,high,200,hky_g4,0.333,False,2
ils=high|rep=01|length=200|model=hky_g4,1,7,high,200,hky_g4,0.333,False,4
ils=high|rep=01|length=200|model=hky_g4,1,7,high,200,hky_g4,1.0,True,3
ils=high|rep=01|length=200|model=hky_g4,1,7,high,200,hky_g4,,False,2
ils=high|rep=01|length=200|model=hky_g4,1,7,high,200,hky_g4,0.996,True,2
ils=high|rep=01|length=200|model=hky,1,1,high,200,hky,0.333,False,2
ils=high|rep=01|length=200|model=hky,1,1,high,200,hky,0.992,False,3
ils=high|rep=01|length=200|model=hky,1,1,high,200,hky,0.333,False,4
ils=high|rep=01|length=200|model=hky,1,1,high,200,hky,0.333,False,6
ils=high|rep=01|length=200|model=hky,1,1,high,200,hky,0.333,False,4
ils=high|rep=01|length=200|model=hky,1,1,high,200,hky,1.0,True,2
ils=high|rep=01|length=200|model=hky,1,1,high,200,hky,1.0,True,2
ils=high|rep=01|length=200|model=hky,1,1,high,200,hky,0.333,False,10
ils=high|rep=01|length=200|model=hky,1,1,high,200,hky,0.333,False,3
ils=high|rep=01|length=200|model=hky,1,1,high,200,hky,,False,2
ils=high|rep=01|length=200|model=hky,1,1,high,200,hky,0.333,False,8
ils=high|rep=01|length=200|model=hky,1,1,high,200,hky,0.997,True,6
ils=high|rep=01|length=200|model=hky,1,1,high,200,hky,0.333,False,5
ils=high|rep=01|length=200|model=hky,1,1,high,200,hky,,False,4
ils=high|rep=01|length=200|model=hky,1,1,high,200,hky,,False,3
ils=high|rep=01|length=200|model=hky,1,1,high,200,hky,,False,2
ils=high|rep=01|length=200|model=hky,1,1,high,200,hky,1.0,True,2
ils=high|rep=01|length=200|model=hky,1,1,high,200,hky,0.333,False,2
ils=high|rep=01|length=200|model=hky,1,2,high,200,hky,0.333,False,2
ils=high|rep=01|length=200|model=hky,1,2,high,200,hky,0.333,False,3
ils=high|rep=01|length=200|model=hky,1,2,high,200,hky,0.333,False,6
ils=high|rep=01|length=200|model=hky,1,2,high,200,hky,0.333,False,7
ils=high|rep=01|length=200|model=hky,1,2,high,200,hky,0.994,True,5
ils=high|rep=01|length=200|model=hky,1,2,high,200,hky,0.333,False,3
ils=high|rep=01|length=200|model=hky,1,2,high,200,hky,,False,2
ils=high|rep=01|length=200|model=hky,1,2,high,200,hky,0.998,False,2
ils=high|rep=01|length=200|model=hky,1,2,high,200,hky,0.994,True,9
ils=high|rep=01|length=200|model=hky,1,2,high,200,hky,0.333,False,8
ils=high|rep=01|length=200|model=hky,1,2,high,200,hky,0.333,False,2
ils=high|rep=01|length=200|model=hky,1,2,high,200,hky,0.333,False,6
ils=high|rep=01|length=200|model=hky,1,2,high,200,hky,0.333,False,3
ils=high|rep=01|length=200|model=hky,1,2,high,200,hky,,False,2
ils=high|rep=01|length=200|model=hky,1,2,high,200,hky,0.333,False,3
ils=high|rep=01|length=200|model=hky,1,2,high,200,hky,1.0,True,2
ils=high|rep=01|length=200|model=hky,1,2,high,200,hky,,False,3
ils=high|rep=01|length=200|model=hky,1,2,high,200,hky,,False,2
ils=high|rep=01|length=200|model=hky,1,3,high,200,hky,0.993,True,2
ils=high|rep=01|length=200|model=hky,1,3,high,200,hky,0.333,False,9
ils=high|rep=01|length=200|model=hky,1,3,high,200,hky,0.333,False,8
ils=high|rep=01|length=200|model=hky,1,3,high,200,hky,,False,2
ils=high|rep=01|length=200|model=hky,1,3,high,200,hky,0.333,False,6
ils=high|rep=01|length=200|model=hky,1,3,high,200,hky,0.333,False,5
ils=high|rep=01|length=200|model=hky,1,3,high,200,hky,0.994,True,4
ils=high|rep=01|length=200|model=hky,1,3,high,200,hky,0.333,True,3
ils=high|rep=01|length=200|model=hky,1,3,high,200,hky,,False,2
ils=high|rep=01|length=200|model=hky,1,3,high,200,hky,0.993,True,10
ils=high|rep=01|length=200|model=hky,1,3,high,200,hky,0.333,True,3
ils=high|rep=01|length=200|model=hky,1,3,high,200,hky,,False,2
ils=high|rep=01|length=200|model=hky,1,3,high,200,hky,0.991,True,7
ils=high|rep=01|length=200|model=hky,1,3,high,200,hky,0.333,False,5
ils=high|rep=01|length=200|model=hky,1,3,high,200,hky,0.998,True,4
ils=high|rep=01|length=200|model=hky,1,3,high,200,hky,0.333,True,3
ils=high|rep=01|length=200|model=hky,1,3,high,200,hky,,False,2
ils=high|rep=01|length=200|model=hky,1,3,high,200,hky,0.956,True,2
ils=high|rep=01|length=200|model=hky,1,4,high,200,hky,0.541,False,2
ils=high|rep=01|length=200|model=hky,1,4,high,200,hky,0.333,False,4
ils=high|rep=01|length=200|model=hky,1,4,high,200,hky,0.333,False,2
ils=high|rep=01|length=200|model=hky,1,4,high,200,hky,0.333,False,6
ils=high|rep=01|length=200|model=hky,1,4,high,200,hky,0.333,False,6
ils=high|rep=01|length=200|model=hky,1,4,high,200,hky,0.333,False,2
ils=high|rep=01|length=200|model=hky,1,4,high,200,hky,0.333,False,4
ils=high|rep=01|length=200|model=hky,1,4,high,200,hky,0.996,True,3
ils=high|rep=01|length=200|model=hky,1,4,high,200,hky,0.333,False,2
ils=high|rep=01|length=200|model=hky,1,4,high,200,hky,0.333,False,9
ils=high|rep=01|length=200|model=hky,1,4,high,200,hky,,False,8
ils=high|rep=01|length=200|model=hky,1,4,high,200,hky,,False,7
ils=high|rep=01|length=200|model=hky,1,4,high,200,hky,,False,6
ils=high|rep=01|length=200|model=hky,1,4,high,200,hky,,False,5
ils=high|rep=01|length=200|model=hky,1,4,high,200,hky,,False,4
ils=high|rep=01|length=200|model=hky,1,4,high,200,hky,,False,3
ils=high|rep=01|length=200|model=hky,1,4,high,200,hky,,False,2
ils=high|rep=01|length=200|model=hky,1,4,high,200,hky,0.333,False,2
ils=high|rep=01|length=200|model=hky,1,5,high,200,hky,,False,2
ils=high|rep=01|length=200|model=hky,1,5,high,200,hky,,False,3
ils=high|rep=01|length=200|model=hky,1,5,high,200,hky,0.333,False,4
ils=high|rep=01|length=200|model=hky,1,5,high,200,hky,0.988,True,5
ils=high|rep=01|length=200|model=hky,1,5,high,200,hky,0.333,False,6
ils=high|rep=01|length=200|model=hky,1,5,high,200,hky,0.333,False,6
ils=high|rep=01|length=200|model=hky,1,5,high,200,hky,,False,5
ils=high|rep=01|length=200|model=hky,1,5,high,200,hky,,False,4
ils=high|rep=01|length=200|model=hky,1,5,high,200,hky,,False,3
ils=high|rep=01|length=200|model=hky,1,5,high,200,hky,,False,2
ils=high|rep=01|length=200|model=hky,1,5,high,200,hky,0.333,False,9
ils=high|rep=01|length=200|model=hky,1,5,high,200,hky,0.987,True,8
ils=high|rep=01|length=200|model=hky,1,5,high,200,hky,0.333,False,7
ils=high|rep=01|length=200|model=hky,1,5,high,200,hky,0.333,False,5
ils=high|rep=01|length=200|model=hky,1,5,high,200,hky,,False,4
ils=high|rep=01|length=200|model=hky,1,5,high,200,hky,,False,3
ils=high|rep=01|length=200|model=hky,1,5,high,200,hky,,False,2
ils=high|rep=01|length=200|model=hky,1,5,high,200,hky,0.333,False,2
ils=high|rep=01|length=200|model=hky,1,6,high,200,hky,,False,2
ils=high|rep=01|length=200|model=hky,1,6,high,200,hky,0.333,False,3
ils=high|rep=01|length=200|model=hky,1,6,high,200,hky,1.0,False,4
ils=high|rep=01|length=200|model=hky,1,6,high,200,hky,,False,3
ils=high|rep=01|length=200|model=hky,1,6,high,200,hky,,False,2
ils=high|rep=01|length=200|model=hky,1,6,high,200,hky,0.996,True,7
ils=high|rep=01|length=200|model=hky,1,6,high,200,hky,0.333,False,9
ils=high|rep=01|length=200|model=hky,1,6,high,200,hky,0.333,True,7
ils=high|rep=01|length=200|model=hky,1,6,high,200,hky,,False,6
ils=high|rep=01|length=200|model=hky,1,6,high,200,hky,,False,5
ils=high|rep=01|length=200|model=hky,1,6,high,200,hky,,False,4
ils=high|rep=01|length=200|model=hky,1,6,high,200,hky,,False,3
ils=high|rep=01|length=200|model=hky,1,6,high,200,hky,,False,2
ils=high|rep=01|length=200|model=hky,1,6,high,200,hky,0.333,False,5
ils=high|rep=01|length=200|model=hky,1,6,high,200,hky,0.333,True,4
ils=high|rep=01|length=200|model=hky,1,6,high,200,hky,0.988,True,3
ils=high|rep=01|length=200|model=hky,1,6,high,200,hky,0.333,False,2
ils=high|rep=01|length=200|model=hky,1,6,high,200,hky,0.996,True,2
ils=high|rep=01|length=200|model=hky,1,7,high,200,hky,0.333,False,3
ils=high|rep=01|length=200|model=hky,1,7,high,200,hky,0.333,False,9
ils=high|rep=01|length=200|model=hky,1,7,high,200,hky,,False,10
ils=high|rep=01|length=200|model=hky,1,7,high,200,hky,,False,10
ils=high|rep=01|length=200|model=hky,1,7,high,200,hky,,False,9
ils=high|rep=01|length=200|model=hky,1,7,high,200,hky,,False,8
ils=high|rep=01|length=200|model=hky,1,7,high,200,hky,,False,7
ils=high|rep=01|length=200|model=hky,1,7,high,200,hky,,False,6
ils=high|rep=01|length=200|model=hky,1,7,high,200,hky,,False,5
ils=high|rep=01|length=200|model=hky,1,7,high,200,hky,,False,4
ils=high|rep=01|length=200|model=hky,1,7,high,200,hky,,False,3
ils=high|rep=01|length=200|model=hky,1,7,high,200,hky,,False,2
ils=high|rep=01|length=200|model=hky,1,7,high,200,hky,0.333,False,6
ils=high|rep=01|length=200|model=hky,1,7,high,200,hky,0.333,False,2
ils=high|rep=01|length=200|model=hky,1,7,high,200,hky,0.333,False,4
ils=high|rep=01|length=200|model=hky,1,7,high,200,hky,1.0,True,3
ils=high|rep=01|length=200|model=hky,1,7,high,200,hky,,False,2
ils=high|rep=01|length=200|model=hky,1,7,high,200,hky,0.996,True,2
ils=high|rep=01|length=200|model=jc,1,1,high,200,jc,0.333,False,2
ils=high|rep=01|length=200|model=jc,1,1,high,200,jc,0.995,False,3
ils=high|rep=01|length=200|model=jc,1,1,high,200,jc,0.333,False,4
ils=high|rep=01|length=200|model=jc,1,1,high,200,jc,0.333,False,3
ils=high|rep=01|length=200|model=jc,1,1,high,200,jc,1.0,True,2
ils=high|rep=01|length=200|model=jc,1,1,high,200,jc,0.333,False,7
ils=high|rep=01|length=200|model=jc,1,1,high,200,jc,,False,2
ils=high|rep=01|length=200|model=jc,1,1,high,200,jc,0.333,False,9
ils=high|rep=01|length=200|model=jc,1,1,high,200,jc,0.333,False,10
ils=high|rep=01|length=200|model=jc,1,1,high,200,jc,0.333,False,8
ils=high|rep=01|length=200|model=jc,1,1,high,200,jc,0.995,True,6
ils=high|rep=01|length=200|model=jc,1,1,high,200,jc,0.333,False,5
ils=high|rep=01|length=200|model=jc,1,1,high,200,jc,,False,4
ils=high|rep=01|length=200|model=jc,1,1,high,200,jc,,False,3
ils=high|rep=01|length=200|model=jc,1,1,high,200,jc,,False,2
ils=high|rep=01|length=200|model=jc,1,1,high,200,jc,1.0,True,2
ils=high|rep=01|length=200|model=jc,1,1,high,200,jc,0.333,False,3
ils=high|rep=01|length=200|model=jc,1,1,high,200,jc,1.0,True,2
ils=high|rep=01|length=200|model=jc,1,2,high,200,jc,0.333,False,2
ils=high|rep=01|length=200|model=jc,1,2,high,200,jc,0.333,False,3
ils=high|rep=01|length=200|model=jc,1,2,high,200,jc,0.333,False,6
ils=high|rep=01|length=200|model=jc,1,2,high,200,jc,0.333,False,7
ils=high|rep=01|length=200|model=jc,1,2,high,200,jc,0.995,True,5
ils=high|rep=01|length=200|model=jc,1,2,high,200,jc,0.333,False,3
ils=high|rep=01|length=200|model=jc,1,2,high,200,jc,,False,2
ils=high|rep=01|length=200|model=jc,1,2,high,200,jc,0.995,False,2
ils=high|rep=01|length=200|model=jc,1,2,high,200,jc,0.995,True,9
ils=high|rep=01|length=200|model=jc,1,2,high,200,jc,0.333,False,8
ils=high|rep=01|length=200|model=jc,1,2,high,200,jc,0.333,False,7
ils=high|rep=01|length=200|model=jc,1,2,high,200,jc,0.333,False,5
ils=high|rep=01|length=200|model=jc,1,2,high,200,jc,0.333,False,2
ils=high|rep=01|length=200|model=jc,1,2,high,200,jc,0.333,False,3
ils=high|rep=01|length=200|model=jc,1,2,high,200,jc,1.0,True,2
ils=high|rep=01|length=200|model=jc,1,2,high,200,jc,,False,2
ils=high|rep=01|length=200|model=jc,1,2,high,200,jc,,False,3
ils=high|rep=01|length=200|model=jc,1,2,high,200,jc,,False,2
ils=high|rep=01|length=200|model=jc,1,3,high,200,jc,0.996,True,2
ils=high|rep=01|length=200|model=jc,1,3,high,200,jc,0.333,False,3
ils=high|rep=01|length=200|model=jc,1,3,high,200,jc,0.333,False,4
ils=high|rep=01|length=200|model=jc,1,3,high,200,jc,,False,2
ils=high|rep=01|length=200|model=jc,1,3,high,200,jc,0.333,False,6
ils=high|rep=01|length=200|model=jc,1,3,high,200,jc,0.333,False,7
ils=high|rep=01|length=200|model=jc,1,3,high,200,jc,0.995,True,4
ils=high|rep=01|length=200|model=jc,1,3,high,200,jc,0.333,True,3
ils=high|rep=01|length=200|model=jc,1,3,high,200,jc,,False,2
ils=high|rep=01|length=200|model=jc,1,3,high,200,jc,0.995,True,10
ils=high|rep=01|length=200|model=jc,1,3,high,200,jc,0.333,True,3
ils=high|rep=01|length=200|model=jc,1,3,high,200,jc,,False,2
ils=high|rep=01|length=200|model=jc,1,3,high,200,jc,0.996,True,7
ils=high|rep=01|length=200|model=jc,1,3,high,200,jc,0.333,False,5
ils=high|rep=01|length=200|model=jc,1,3,high,200,jc,0.997,True,4
ils=high|rep=01|length=200|model=jc,1,3,high,200,jc,0.333,True,3
ils=high|rep=01|length=200|model=jc,1,3,high,200,jc,,False,2
ils=high|rep=01|length=200|model=jc,1,3,high,200,jc,0.968,True,2
ils=high|rep=01|length=200|model=jc,1,4,high,200,jc,0.4,False,2
ils=high|rep=01|length=200|model=jc,1,4,high,200,jc,0.333,False,4
ils=high|rep=01|length=200|model=jc,1,4,high,200,jc,0.333,False,2
ils=high|rep=01|length=200|model=jc,1,4,high,200,jc,0.333,False,6
ils=high|rep=01|length=200|model=jc,1,4,high,200,jc,0.333,False,7
ils=high|rep=01|length=200|model=jc,1,4,high,200,jc,0.333,False,6
ils=high|rep=01|length=200|model=jc,1,4,high,200,jc,0.333,False,2
ils=high|rep=01|length=200|model=jc,1,4,high,200,jc,0.333,False,4
ils=high|rep=01|length=200|model=jc,1,4,high,200,jc,0.992,True,3
ils=high|rep=01|length=200|model=jc,1,4,high,200,jc,0.333,False,2
ils=high|rep=01|length=200|model=jc,1,4,high,200,jc,,False,8
ils=high|rep=01|length=200|model=jc,1,4,high,200,jc,,False,7
ils=high|rep=01|length=200|model=jc,1,4,high,200,jc,,False,6
ils=high|rep=01|length=200|model=jc,1,4,high,200,jc,,False,5
ils=high|rep=01|length=200|model=jc,1,4,high,200,jc,,False,4
ils=high|rep=01|length=200|model=jc,1,4,high,200,jc,,False,3
ils=high|rep=01|length=200|model=jc,1,4,high,200,jc,,False,2
ils=high|rep=01|length=200|model=jc,1,4,high,200,jc,0.333,False,2
ils=high|rep=01|length=200|model=jc,1,5,high,200,jc,,False,2
ils=high|rep=01|length=200|model=jc,1,5,high,200,jc,,False,3
ils=high|rep=01|length=200|model=jc,1,5,high,200,jc,0.333,False,4
ils=high|rep=01|length=200|model=jc,1,5,high,200,jc,0.995,True,5
ils=high|rep=01|length=200|model=jc,1,5,high,200,jc,0.333,False,8
ils=high|rep=01|length=200|model=jc,1,5,high,200,jc,0.333,False,2
ils=high|rep=01|length=200|model=jc,1,5,high,200,jc,0.333,False,6
ils=high|rep=01|length=200|model=jc,1,5,high,200,jc,,False,5
ils=high|rep=01|length=200|model=jc,1,5,high,200,jc,,False,4
ils=high|rep=01|length=200|model=jc,1,5,high,200,jc,,False,3
ils=high|rep=01|length=200|model=jc,1,5,high,200,jc,,False,2
ils=high|rep=01|length=200|model=jc,1,5,high,200,jc,0.996,True,8
ils=high|rep=01|length=200|model=jc,1,5,high,200,jc,0.333,False,7
ils=high|rep=01|length=200|model=jc,1,5,high,200,jc,0.333,False,5
ils=high|rep=01|length=200|model=jc,1,5,high,200,jc,,False,4
ils=high|rep=01|length=200|model=jc,1,5,high,200,jc,,False,3
ils=high|rep=01|length=200|model=jc,1,5,high,200,jc,,False,2
ils=high|rep=01|length=200|model=jc,1,5,high,200,jc,0.333,False,2
ils=high|rep=01|length=200|model=jc,1,6,high,200,jc,,False,2
ils=high|rep=01|length=200|model=jc,1,6,high,200,jc,0.333,False,3
ils=high|rep=01|length=200|model=jc,1,6,high,200,jc,1.0,False,4
ils=high|rep=01|length=200|model=jc,1,6,high,200,jc,,False,3
ils=high|rep=01|length=200|model=jc,1,6,high,200,jc,,False,2
ils=high|rep=01|length=200|model=jc,1,6,high,200,jc,0.995,True,7
ils=high|rep=01|length=200|model=jc,1,6,high,200,jc,0.333,False,8
ils=high|rep=01|length=200|model=jc,1,6,high,200,jc,0.333,True,7
ils=high|rep=01|length=200|model=jc,1,6,high,200,jc,,False,6
ils=high|rep=01|length=200|model=jc,1,6,high,200,jc,,False,5
ils=high|rep=01|length=200|model=jc,1,6,high,200,jc,,False,4
ils=high|rep=01|length=200|model=jc,1,6,high,200,jc,,False,3
ils=high|rep=01|length=200|model=jc,1,6,high,200,jc,,False,2
ils=high|rep=01|length=200|model=jc,1,6,high,200,jc,0.333,False,6
ils=high|rep=01|length=200|model=jc,1,6,high,200,jc,0.999,True,2
ils=high|rep=01|length=200|model=jc,1,6,high,200,jc,0.333,True,4
ils=high|rep=01|length=200|model=jc,1,6,high,200,jc,0.995,True,3
ils=high|rep=01|length=200|model=jc,1,6,high,200,jc,0.362,False,2
ils=high|rep=01|length=200|model=jc,1,7,high,200,jc,0.333,False,2
ils=high|rep=01|length=200|model=jc,1,7,high,200,jc,0.333,False,3
ils=high|rep=01|length=200|model=jc,1,7,high,200,jc,,False,10
ils=high|rep=01|length=200|model=jc,1,7,high,200,jc,,False,10
ils=high|rep=01|length=200|model=jc,1,7,high,200,jc,,False,9
ils=high|rep=01|length=200|model=jc,1,7,high,200,jc,,False,8
ils=high|rep=01|length=200|model=jc,1,7,high,200,jc,,False,7
ils=high|rep=01|length=200|model=jc,1,7,high,200,jc,,False,6
ils=high|rep=01|length=200|model=jc,1,7,high,200,jc,,False,5
ils=high|rep=01|length=200|model=jc,1,7,high,200,jc,,False,4
ils=high|rep=01|length=200|model=jc,1,7,high,200,jc,,False,3
ils=high|rep=01|length=200|model=jc,1,7,high,200,jc,,False,2
ils=high|rep=01|length=200|model=jc,1,7,high,200,jc,0.333,False,7
ils=high|rep=01|length=200|model=jc,1,7,high,200,jc,0.333,False,3
ils=high|rep=01|length=200|model=jc,1,7,high,200,jc,0.992,True,2
ils=high|rep=01|length=200|model=jc,1,7,high,200,jc,0.333,False,4
ils=high|rep=01|length=200|model=jc,1,7,high,200,jc,1.0,True,3
ils=high|rep=01|length=200|model=jc,1,7,high,200,jc,,False,2
ils=high|rep=01|length=800|model=gtr_g4,1,1,high,800,gtr_g4,0.333,False,3
ils=high|rep=01|length=800|model=gtr_g4,1,1,high,800,gtr_g4,0.333,False,5
ils=high|rep=01|length=800|model=gtr_g4,1,1,high,800,gtr_g4,0.333,False,3
ils=high|rep=01|length=800|model=gtr_g4,1,1,high,800,gtr_g4,0.668,False,2
ils=high|rep=01|length=800|model=gtr_g4,1,1,high,800,gtr_g4,0.333,False,8
ils=high|rep=01|length=800|model=gtr_g4,1,1,high,800,gtr_g4,0.987,True,9
ils=high|rep=01|length=800|model=gtr_g4,1,1,high,800,gtr_g4,0.333,False,10
ils=high|rep=01|length=800|model=gtr_g4,1,1,high,800,gtr_g4,0.333,False,8
ils=high|rep=01|length=800|model=gtr_g4,1,1,high,800,gtr_g4,0.333,False,7
ils=high|rep=01|length=800|model=gtr_g4,1,1,high,800,gtr_g4,1.0,True,6
ils=high|rep=01|length=800|model=gtr_g4,1,1,high,800,gtr_g4,0.333,False,4
ils=high|rep=01|length=800|model=gtr_g4,1,1,high,800,gtr_g4,0.333,False,3
ils=high|rep=01|length=800|model=gtr_g4,1,1,high,800,gtr_g4,0.333,False,2
ils=high|rep=01|length=800|model=gtr_g4,1,1,high,800,gtr_g4,0.998,True,2
ils=high|rep=01|length=800|model=gtr_g4,1,1,high,800,gtr_g4,0.333,False,3
ils=high|rep=01|length=800|model=gtr_g4,1,1,high,800,gtr_g4,1.0,True,2
ils=high|rep=01|length=800|model=gtr_g4,1,1,high,800,gtr_g4,0.956,True,2
ils=high|rep=01|length=800|model=gtr_g4,1,1,high,800,gtr_g4,0.966,True,2
ils=high|rep=01|length=800|model=gtr_g4,1,2,high,800,gtr_g4,0.333,False,2
ils=high|rep=01|length=800|model=gtr_g4,1,2,high,800,gtr_g4,0.99,True,10
ils=high|rep=01|length=800|model=gtr_g4,1,2,high,800,gtr_g4,0.333,False,4
ils=high|rep=01|length=800|model=gtr_g4,1,2,high,800,gtr_g4,0.333,False,2
ils=high|rep=01|length=800|model=gtr_g4,1,2,high,800,gtr_g4,0.333,False,2
ils=high|rep=01|length=800|model=gtr_g4,1,2,high,800,gtr_g4,0.333,False,6
ils=high|rep=01|length=800|model=gtr_g4,1,2,high,800,gtr_g4,0.985,False,5
ils=high|rep=01|length=800|model=gtr_g4,1,2,high,800,gtr_g4,0.333,False,4
ils=high|rep=01|length=800|model=gtr_g4,1,2,high,800,gtr_g4,0.333,True,3
ils=high|rep=01|length=800|model=gtr_g4,1,2,high,800,gtr_g4,0.333,False,2
ils=high|rep=01|length=800|model=gtr_g4,1,2,high,800,gtr_g4,1.0,True,9
ils=high|rep=01|length=800|model=gtr_g4,1,2,high,800,gtr_g4,0.333,False,8
ils=high|rep=01|length=800|model=gtr_g4,1,2,high,800,gtr_g4,0.333,False,6
ils=high|rep=01|length=800|model=gtr_g4,1,2,high,800,gtr_g4,0.333,False,4
ils=high|rep=01|length=800|model=gtr_g4,1,2,high,800,gtr_g4,0.333,False,3
ils=high|rep=01|length=800|model=gtr_g4,1,2,high,800,gtr_g4,0.991,True,2
ils=high|rep=01|length=800|model=gtr_g4,1,2,high,800,gtr_g4,,False,2
ils=high|rep=01|length=800|model=gtr_g4,1,2,high,800,gtr_g4,0.333,False,2
ils=high|rep=01|length=800|model=gtr_g4,1,3,high,800,gtr_g4,1.0,True,2
ils=high|rep=01|length=800|model=gtr_g4,1,3,high,800,gtr_g4,0.333,False,5
ils=high|rep=01|length=800|model=gtr_g4,1,3,high,800,gtr_g4,0.333,False,5
ils=high|rep=01|length=800|model=gtr_g4,1,3,high,800,gtr_g4,0.952,True,4
ils=high|rep=01|length=800|model=gtr_g4,1,3,high,800,gtr_g4,0.917,True,3
ils=high|rep=01|length=800|model=gtr_g4,1,3,high,800,gtr_g4,0.333,False,2
ils=high|rep=01|length=800|model=gtr_g4,1,3,high,800,gtr_g4,0.838,True,10
ils=high|rep=01|length=800|model=gtr_g4,1,3,high,800,gtr_g4,0.851,True,10
ils=high|rep=01|length=800|model=gtr_g4,1,3,high,800,gtr_g4,0.333,False,9
ils=high|rep=01|length=800|model=gtr_g4,1,3,high,800,gtr_g4,0.333,False,6
ils=high|rep=01|length=800|model=gtr_g4,1,3,high,800,gtr_g4,1.0,True,2
ils=high|rep=01|length=800|model=gtr_g4,1,3,high,800,gtr_g4,0.955,True,4
ils=high|rep=01|length=800|model=gtr_g4,1,3,high,800,gtr_g4,0.79,True,3
ils=high|rep=01|length=800|model=gtr_g4,1,3,high,800,gtr_g4,1.0,True,2
ils=high|rep=01|length=800|model=gtr_g4,1,3,high,800,gtr_g4,0.985,True,3
ils=high|rep=01|length=800|model=gtr_g4,1,3,high,800,gtr_g4,0.965,True,2
ils=high|rep=01|length=800|model=gtr_g4,1,3,high,800,gtr_g4,1.0,True,3
ils=high|rep=01|length=800|model=gtr_g4,1,3,high,800,gtr_g4,0.333,False,2
ils=high|rep=01|length=800|model=gtr_g4,1,4,high,800,gtr_g4,0.946,True,2
ils=high|rep=01|length=800|model=gtr_g4,1,4,high,800,gtr_g4,0.333,False,5
ils=high|rep=01|length=800|model=gtr_g4,1,4,high,800,gtr_g4,0.333,False,10
ils=high|rep=01|length=800|model=gtr_g4,1,4,high,800,gtr_g4,0.333,False,5
ils=high|rep=01|length=800|model=gtr_g4,1,4,high,800,gtr_g4,0.333,False,3
ils=high|rep=01|length=800|model=gtr_g4,1,4,high,800,gtr_g4,0.333,False,2
ils=high|rep=01|length=800|model=gtr_g4,1,4,high,800,gtr_g4,0.333,False,2
ils=high|rep=01|length=800|model=gtr_g4,1,4,high,800,gtr_g4,0.333,True,6
ils=high|rep=01|length=800|model=gtr_g4,1,4,high,800,gtr_g4,0.981,True,3
ils=high|rep=01|length=800|model=gtr_g4,1,4,high,800,gtr_g4,0.333,False,2
ils=high|rep=01|length=800|model=gtr_g4,1,4,high,800,gtr_g4,0.988,True,3
ils=high|rep=01|length=800|model=gtr_g4,1,4,high,800,gtr_g4,0.904,True,2
ils=high|rep=01|length=800|model=gtr_g4,1,4,high,800,gtr_g4,0.333,False,5
ils=high|rep=01|length=800|model=gtr_g4,1,4,high,800,gtr_g4,0.992,True,3
ils=high|rep=01|length=800|model=gtr_g4,1,4,high,800,gtr_g4,0.333,False,2
ils=high|rep=01|length=800|model=gtr_g4,1,4,high,800,gtr_g4,0.996,True,2
ils=high|rep=01|length=800|model=gtr_g4,1,4,high,800,gtr_g4,1.0,True,3
ils=high|rep=01|length=800|model=gtr_g4,1,4,high,800,gtr_g4,0.333,False,2
ils=high|rep=01|length=800|model=gtr_g4,1,5,high,800,gtr_g4,0.333,False,3
ils=high|rep=01|length=800|model=gtr_g4,1,5,high,800,gtr_g4,0.998,True,2
ils=high|rep=01|length=800|model=gtr_g4,1,5,high,800,gtr_g4,1.0,True,5
ils=high|rep=01|length=800|model=gtr_g4,1,5,high,800,gtr_g4,0.333,False,6
ils=high|rep=01|length=800|model=gtr_g4,1,5,high,800,gtr_g4,0.333,False,10
ils=high|rep=01|length=800|model=gtr_g4,1,5,high,800,gtr_g4,0.333,False,4
ils=high|rep=01|length=800|model=gtr_g4,1,5,high,800,gtr_g4,0.333,False,2
ils=high|rep=01|length=800|model=gtr_g4,1,5,high,800,gtr_g4,0.775,False,2
ils=high|rep=01|length=800|model=gtr_g4,1,5,high,800,gtr_g4,0.333,False,6
ils=high|rep=01|length=800|model=gtr_g4,1,5,high,800,gtr_g4,0.995,True,5
ils=high|rep=01|length=800|model=gtr_g4,1,5,high,800,gtr_g4,0.333,False,4
ils=high|rep=01|length=800|model=gtr_g4,1,5,high,800,gtr_g4,0.333,False,2
ils=high|rep=01|length=800|model=gtr_g4,1,5,high,800,gtr_g4,0.333,False,2
ils=high|rep=01|length=800|model=gtr_g4,1,5,high,800,gtr_g4,0.333,False,5
ils=high|rep=01|length=800|model=gtr_g4,1,5,high,800,gtr_g4,0.333,False,4
ils=high|rep=01|length=800|model=gtr_g4,1,5,high,800,gtr_g4,0.333,False,2
ils=high|rep=01|length=800|model=gtr_g4,1,5,high,800,gtr_g4,,False,2
ils=high|rep=01|length=800|model=gtr_g4,1,5,high,800,gtr_g4,0.989,True,2
ils=high|rep=01|length=800|model=gtr_g4,1,6,high,800,gtr_g4,0.984,True,2
ils=high|rep=01|length=800|model=gtr_g4,1,6,high,800,gtr_g4,0.98,True,3
ils=high|rep=01|length=800|model=gtr_g4,1,6,high,800,gtr_g4,0.333,True,2
ils=high|rep=01|length=800|model=gtr_g4,1,6,high,800,gtr_g4,0.982,True,5
ils=high|rep=01|length=800|model=gtr_g4,1,6,high,800,gtr_g4,0.333,False,6
ils=high|rep=01|length=800|model=gtr_g4,1,6,high,800,gtr_g4,0.995,True,7
ils=high|rep=01|length=800|model=gtr_g4,1,6,high,800,gtr_g4,0.333,False,8
ils=high|rep=01|length=800|model=gtr_g4,1,6,high,800,gtr_g4,0.333,False,5
ils=high|rep=01|length=800|model=gtr_g4,1,6,high,800,gtr_g4,0.558,True,4
ils=high|rep=01|length=800|model=gtr_g4,1,6,high,800,gtr_g4,0.333,False,3
ils=high|rep=01|length=800|model=gtr_g4,1,6,high,800,gtr_g4,0.333,False,2
ils=high|rep=01|length=800|model=gtr_g4,1,6,high,800,gtr_g4,0.333,False,8
ils=high|rep=01|length=800|model=gtr_g4,1,6,high,800,gtr_g4,0.333,False,6
ils=high|rep=01|length=800|model=gtr_g4,1,6,high,800,gtr_g4,1.0,True,3
ils=high|rep=01|length=800|model=gtr_g4,1,6,high,800,gtr_g4,0.333,True,2
ils=high|rep=01|length=800|model=gtr_g4,1,6,high,800,gtr_g4,0.988,True,3
ils=high|rep=01|length=800|model=gtr_g4,1,6,high,800,gtr_g4,0.333,True,2
ils=high|rep=01|length=800|model=gtr_g4,1,6,high,800,gtr_g4,0.333,False,2
ils=high|rep=01|length=800|model=gtr_g4,1,7,high,800,gtr_g4,1.0,True,2
ils=high|rep=01|length=800|model=gtr_g4,1,7,high,800,gtr_g4,0.879,True,3
ils=high|rep=01|length=800|model=gtr_g4,1,7,high,800,gtr_g4,0.333,False,5
ils=high|rep=01|length=800|model=gtr_g4,1,7,high,800,gtr_g4,0.333,False,7
ils=high|rep=01|length=800|model=gtr_g4,1,7,high,800,gtr_g4,0.333,False,5
ils=high|rep=01|length=800|model=gtr_g4,1,7,high,800,gtr_g4,0.992,False,4
ils=high|rep=01|length=800|model=gtr_g4,1,7,high,800,gtr_g4,0.979,True,3
ils=high|rep=01|length=800|model=gtr_g4,1,7,high,800,gtr_g4,0.973,True,2
ils=high|rep=01|length=800|model=gtr_g4,1,7,high,800,gtr_g4,0.333,False,2
ils=high|rep=01|length=800|model=gtr_g4,1,7,high,800,gtr_g4,0.333,False,9
ils=high|rep=01|length=800|model=gtr_g4,1,7,high,800,gtr_g4,0.333,False,7
ils=high|rep=01|length=800|model=gtr_g4,1,7,high,800,gtr_g4,1.0,True,6
ils=high|rep=01|length=800|model=gtr_g4,1,7,high,800,gtr_g4,0.333,True,5
ils=high|rep=01|length=800|model=gtr_g4,1,7,high,800,gtr_g4,0.999,True,4
ils=high|rep=01|length=800|model=gtr_g4,1,7,high,800,gtr_g4,0.932,True,3
ils=high|rep=01|length=800|model=gtr_g4,1,7,high,800,gtr_g4,0.954,True,2
ils=high|rep=01|length=800|model=gtr_g4,1,7,high,800,gtr_g4,0.333,False,2
ils=high|rep=01|length=800|model=gtr_g4,1,7,high,800,gtr_g4,0.936,True,2
ils=high|rep=01|length=800|model=gtr,1,1,high,800,gtr,0.333,False,3
ils=high|rep=01|length=800|model=gtr,1,1,high,800,gtr,0.333,False,3
ils=high|rep=01|length=800|model=gtr,1,1,high,800,gtr,0.676,False,2
ils=high|rep=01|length=800|model=gtr,1,1,high,800,gtr,0.333,False,6
ils=high|rep=01|length=800|model=gtr,1,1,high,800,gtr,0.333,False,3
ils=high|rep=01|length=800|model=gtr,1,1,high,800,gtr,0.989,True,2
ils=high|rep=01|length=800|model=gtr,1,1,high,800,gtr,1.0,True,9
ils=high|rep=01|length=800|model=gtr,1,1,high,800,gtr,0.333,False,10
ils=high|rep=01|length=800|model=gtr,1,1,high,800,gtr,0.333,False,8
ils=high|rep=01|length=800|model=gtr,1,1,high,800,gtr,0.333,False,7
ils=high|rep=01|length=800|model=gtr,1,1,high,800,gtr,1.0,True,6
ils=high|rep=01|length=800|model=gtr,1,1,high,800,gtr,0.333,False,4
ils=high|rep=01|length=800|model=gtr,1,1,high,800,gtr,0.333,False,3
ils=high|rep=01|length=800|model=gtr,1,1,high,800,gtr,0.333,False,2
ils=high|rep=01|length=800|model=gtr,1,1,high,800,gtr,0.999,True,2
ils=high|rep=01|length=800|model=gtr,1,1,high,800,gtr,0.333,False,3
ils=high|rep=01|length=800|model=gtr,1,1,high,800,gtr,1.0,True,2
ils=high|rep=01|length=800|model=gtr,1,1,high,800,gtr,0.991,True,2
ils=high|rep=01|length=800|model=gtr,1,2,high,800,gtr,0.333,False,2
ils=high|rep=01|length=800|model=gtr,1,2,high,800,gtr,0.998,True,10
ils=high|rep=01|length=800|model=gtr,1,2,high,800,gtr,0.333,False,4
ils=high|rep=01|length=800|model=gtr,1,2,high,800,gtr,0.333,True,3
ils=high|rep=01|length=800|model=gtr,1,2,high,800,gtr,0.333,False,2
ils=high|rep=01|length=800|model=gtr,1,2,high,800,gtr,0.333,False,6
ils=high|rep=01|length=800|model=gtr,1,2,high,800,gtr,0.993,False,5
ils=high|rep=01|length=800|model=gtr,1,2,high,800,gtr,0.333,False,4
ils=high|rep=01|length=800|model=gtr,1,2,high,800,gtr,0.333,False,3
ils=high|rep=01|length=800|model=gtr,1,2,high,800,gtr,0.333,False,2
ils=high|rep=01|length=800|model=gtr,1,2,high,800,gtr,1.0,True,9
ils=high|rep=01|length=800|model=gtr,1,2,high,800,gtr,0.333,False,8
ils=high|rep=01|length=800|model=gtr,1,2,high,800,gtr,0.333,False,2
ils=high|rep=01|length=800|model=gtr,1,2,high,800,gtr,0.333,False,6
ils=high|rep=01|length=800|model=gtr,1,2,high,800,gtr,0.333,False,3
ils=high|rep=01|length=800|model=gtr,1,2,high,800,gtr,,False,2
ils=high|rep=01|length=800|model=gtr,1,2,high,800,gtr,0.333,False,3
ils=high|rep=01|length=800|model=gtr,1,2,high,800,gtr,0.999,True,2
ils=high|rep=01|length=800|model=gtr,1,3,high,800,gtr,1.0,True,2
ils=high|rep=01|length=800|model=gtr,1,3,high,800,gtr,0.333,False,5
ils=high|rep=01|length=800|model=gtr,1,3,high,800,gtr,0.333,False,5
ils=high|rep=01|length=800|model=gtr,1,3,high,800,gtr,0.987,True,4
ils=high|rep=01|length=800|model=gtr,1,3,high,800,gtr,0.977,True,3
ils=high|rep=01|length=800|model=gtr,1,3,high,800,gtr,0.333,False,2
ils=high|rep=01|length=800|model=gtr,1,3,high,800,gtr,0.952,True,10
ils=high|rep=01|length=800|model=gtr,1,3,high,800,gtr,0.956,True,10
ils=high|rep=01|length=800|model=gtr,1,3,high,800,gtr,0.333,False,9
ils=high|rep=01|length=800|model=gtr,1,3,high,800,gtr,0.333,False,6
ils=high|rep=01|length=800|model=gtr,1,3,high,800,gtr,1.0,True,2
ils=high|rep=01|length=800|model=gtr,1,3,high,800,gtr,0.988,True,4
ils=high|rep=01|length=800|model=gtr,1,3,high,800,gtr,0.937,True,3
ils=high|rep=01|length=800|model=gtr,1,3,high,800,gtr,1.0,True,2
ils=high|rep=01|length=800|model=gtr,1,3,high,800,gtr,0.996,True,3
ils=high|rep=01|length=800|model=gtr,1,3,high,800,gtr,0.991,True,2
ils=high|rep=01|length=800|model=gtr,1,3,high,800,gtr,1.0,True,3
ils=high|rep=01|length=800|model=gtr,1,3,high,800,gtr,0.333,False,2
ils=high|rep=01|length=800|model=gtr,1,4,high,800,gtr,0.985,True,2
ils=high|rep=01|length=800|model=gtr,1,4,high,800,gtr,0.333,False,5
ils=high|rep=01|length=800|model=gtr,1,4,high,800,gtr,0.333,False,9
ils=high|rep=01|length=800|model=gtr,1,4,high,800,gtr,0.333,False,5
ils=high|rep=01|length=800|model=gtr,1,4,high,800,gtr,0.333,False,2
ils=high|rep=01|length=800|model=gtr,1,4,high,800,gtr,0.997,True,3
ils=high|rep=01|length=800|model=gtr,1,4,high,800,gtr,0.972,True,2
ils=high|rep=01|length=800|model=gtr,1,4,high,800,gtr,0.333,False,7
ils=high|rep=01|length=800|model=gtr,1,4,high,800,gtr,0.333,False,2
ils=high|rep=01|length=800|model=gtr,1,4,high,800,gtr,0.333,False,5
ils=high|rep=01|length=800|model=gtr,1,4,high,800,gtr,1.0,True,2
ils=high|rep=01|length=800|model=gtr,1,4,high,800,gtr,0.995,True,3
ils=high|rep=01|length=800|model=gtr,1,4,high,800,gtr,0.333,False,2
ils=high|rep=01|length=800|model=gtr,1,4,high,800,gtr,0.333,False,4
ils=high|rep=01|length=800|model=gtr,1,4,high,800,gtr,0.999,True,3
ils=high|rep=01|length=800|model=gtr,1,4,high,800,gtr,0.333,False,2
ils=high|rep=01|length=800|model=gtr,1,4,high,800,gtr,1.0,True,3
ils=high|rep=01|length=800|model=gtr,1,4,high,800,gtr,0.333,False,2
ils=high|rep=01|length=800|model=gtr,1,5,high,800,gtr,0.333,False,3
ils=high|rep=01|length=800|model=gtr,1,5,high,800,gtr,0.999,True,2
ils=high|rep=01|length=800|model=gtr,1,5,high,800,gtr,1.0,True,5
ils=high|rep=01|length=800|model=gtr,1,5,high,800,gtr,0.333,False,6
ils=high|rep=01|length=800|model=gtr,1,5,high,800,gtr,0.333,False,8
ils=high|rep=01|length=800|model=gtr,1,5,high,800,gtr,0.333,False,6
ils=high|rep=01|length=800|model=gtr,1,5,high,800,gtr,0.333,False,4
ils=high|rep=01|length=800|model=gtr,1,5,high,800,gtr,0.333,False,2
ils=high|rep=01|length=800|model=gtr,1,5,high,800,gtr,0.746,False,2
ils=high|rep=01|length=800|model=gtr,1,5,high,800,gtr,0.333,False,2
ils=high|rep=01|length=800|model=gtr,1,5,high,800,gtr,0.333,False,7
ils=high|rep=01|length=800|model=gtr,1,5,high,800,gtr,0.333,False,6
ils=high|rep=01|length=800|model=gtr,1,5,high,800,gtr,0.998,True,5
ils=high|rep=01|length=800|model=gtr,1,5,high,800,gtr,0.333,False,4
ils=high|rep=01|length=800|model=gtr,1,5,high,800,gtr,0.333,False,2
ils=high|rep=01|length=800|model=gtr,1,5,high,800,gtr,0.333,False,2
ils=high|rep=01|length=800|model=gtr,1,5,high,800,gtr,,False,2
ils=high|rep=01|length=800|model=gtr,1,5,high,800,gtr,0.995,True,2
ils=high|rep=01|length=800|model=gtr,1,6,high,800,gtr,0.993,True,2
ils=high|rep=01|length=800|model=gtr,1,6,high,800,gtr,0.992,True,3
ils=high|rep=01|length=800|model=gtr,1,6,high,800,gtr,0.333,True,2
ils=high|rep=01|length=800|model=gtr,1,6,high,800,gtr,0.993,True,5
ils=high|rep=01|length=800|model=gtr,1,6,high,800,gtr,0.333,False,6
ils=high|rep=01|length=800|model=gtr,1,6,high,800,gtr,0.998,True,7
ils=high|rep=01|length=800|model=gtr,1,6,high,800,gtr,0.333,False,8
ils=high|rep=01|length=800|model=gtr,1,6,high,800,gtr,0.333,False,5
ils=high|rep=01|length=800|model=gtr,1,6,high,800,gtr,0.552,True,4
ils=high|rep=01|length=800|model=gtr,1,6,high,800,gtr,0.333,False,3
ils=high|rep=01|length=800|model=gtr,1,6,high,800,gtr,0.333,True,2
ils=high|rep=01|length=800|model=gtr,1,6,high,800,gtr,0.333,False,8
ils=high|rep=01|length=800|model=gtr,1,6,high,800,gtr,0.333,False,4
ils=high|rep=01|length=800|model=gtr,1,6,high,800,gtr,1.0,True,3
ils=high|rep=01|length=800|model=gtr,1,6,high,800,gtr,0.333,True,2
ils=high|rep=01|length=800|model=gtr,1,6,high,800,gtr,0.333,False,4
ils=high|rep=01|length=800|model=gtr,1,6,high,800,gtr,0.995,True,3
ils=high|rep=01|length=800|model=gtr,1,6,high,800,gtr,0.333,True,2
ils=high|rep=01|length=800|model=gtr,1,7,high,800,gtr,1.0,True,2
ils=high|rep=01|length=800|model=gtr,1,7,high,800,gtr,0.963,True,3
ils=high|rep=01|length=800|model=gtr,1,7,high,800,gtr,0.333,False,5
ils=high|rep=01|length=800|model=gtr,1,7,high,800,gtr,0.333,False,7
ils=high|rep=01|length=800|model=gtr,1,7,high,800,gtr,0.333,False,8
ils=high|rep=01|length=800|model=gtr,1,7,high,800,gtr,0.333,False,9
ils=high|rep=01|length=800|model=gtr,1,7,high,800,gtr,0.333,False,5
ils=high|rep=01|length=800|model=gtr,1,7,high,800,gtr,0.997,False,4
ils=high|rep=01|length=800|model=gtr,1,7,high,800,gtr,0.994,True,3
ils=high|rep=01|length=800|model=gtr,1,7,high,800,gtr,0.992,True,2
ils=high|rep=01|length=800|model=gtr,1,7,high,800,gtr,0.333,False,7
ils=high|rep=01|length=800|model=gtr,1,7,high,800,gtr,1.0,True,6
ils=high|rep=01|length=800|model=gtr,1,7,high,800,gtr,0.333,True,5
ils=high|rep=01|length=800|model=gtr,1,7,high,800,gtr,1.0,True,4
ils=high|rep=01|length=800|model=gtr,1,7,high,800,gtr,0.979,True,3
ils=high|rep=01|length=800|model=gtr,1,7,high,800,gtr,0.986,True,2
ils=high|rep=01|length=800|model=gtr,1,7,high,800,gtr,0.333,False,2
ils=high|rep=01|length=800|model=gtr,1,7,high,800,gtr,0.981,True,2
ils=high|rep=01|length=800|model=hky_g4,1,1,high,800,hky_g4,0.333,False,2
ils=high|rep=01|length=800|model=hky_g4,1,1,high,800,hky_g4,0.333,False,7
ils=high|rep=01|length=800|model=hky_g4,1,1,high,800,hky_g4,0.333,False,3
ils=high|rep=01|length=800|model=hky_g4,1,1,high,800,hky_g4,0.615,False,2
ils=high|rep=01|length=800|model=hky_g4,1,1,high,800,hky_g4,0.333,False,4
ils=high|rep=01|length=800|model=hky_g4,1,1,high,800,hky_g4,0.953,True,2
ils=high|rep=01|length=800|model=hky_g4,1,1,high,800,hky_g4,0.966,True,2
ils=high|rep=01|length=800|model=hky_g4,1,1,high,800,hky_g4,0.999,True,9
ils=high|rep=01|length=800|model=hky_g4,1,1,high,800,hky_g4,0.333,False,7
ils=high|rep=01|length=800|model=hky_g4,1,1,high,800,hky_g4,1.0,True,6
ils=high|rep=01|length=800|model=hky_g4,1,1,high,800,hky_g4,0.333,False,4
ils=high|rep=01|length=800|model=hky_g4,1,1,high,800,hky_g4,0.333,False,2
ils=high|rep=01|length=800|model=hky_g4,1,1,high,800,hky_g4,0.333,False,2
ils=high|rep=01|length=800|model=hky_g4,1,1,high,800,hky_g4,0.997,True,2
ils=high|rep=01|length=800|model=hky_g4,1,1,high,800,hky_g4,0.333,False,5
ils=high|rep=01|length=800|model=hky_g4,1,1,high,800,hky_g4,0.333,False,3
ils=high|rep=01|length=800|model=hky_g4,1,1,high,800,hky_g4,1.0,True,2
ils=high|rep=01|length=800|model=hky_g4,1,1,high,800,hky_g4,0.333,True,2
ils=high|rep=01|length=800|model=hky_g4,1,2,high,800,hky_g4,0.333,False,2
ils=high|rep=01|length=800|model=hky_g4,1,2,high,800,hky_g4,0.993,True,10
ils=high|rep=01|length=800|model=hky_g4,1,2,high,800,hky_g4,0.333,False,8
ils=high|rep=01|length=800|model=hky_g4,1,2,high,800,hky_g4,0.333,False,2
ils=high|rep=01|length=800|model=hky_g4,1,2,high,800,hky_g4,0.333,False,6
ils=high|rep=01|length=800|model=hky_g4,1,2,high,800,hky_g4,0.985,False,5
ils=high|rep=01|length=800|model=hky_g4,1,2,high,800,hky_g4,0.333,False,4
ils=high|rep=01|length=800|model=hky_g4,1,2,high,800,hky_g4,0.333,False,3
ils=high|rep=01|length=800|model=hky_g4,1,2,high,800,hky_g4,0.333,False,2
ils=high|rep=01|length=800|model=hky_g4,1,2,high,800,hky_g4,0.333,False,2
ils=high|rep=01|length=800|model=hky_g4,1,2,high,800,hky_g4,1.0,True,9
ils=high|rep=01|length=800|model=hky_g4,1,2,high,800,hky_g4,0.333,False,8
ils=high|rep=01|length=800|model=hky_g4,1,2,high,800,hky_g4,0.333,False,2
ils=high|rep=01|length=800|model=hky_g4,1,2,high,800,hky_g4,0.333,False,6
ils=high|rep=01|length=800|model=hky_g4,1,2,high,800,hky_g4,,False,2
ils=high|rep=01|length=800|model=hky_g4,1,2,high,800,hky_g4,0.333,False,4
ils=high|rep=01|length=800|model=hky_g4,1,2,high,800,hky_g4,0.333,False,3
ils=high|rep=01|length=800|model=hky_g4,1,2,high,800,hky_g4,0.996,True,2
ils=high|rep=01|length=800|model=hky_g4,1,3,high,800,hky_g4,1.0,True,2
ils=high|rep=01|length=800|model=hky_g4,1,3,high,800,hky_g4,0.333,True,3
ils=high|rep=01|length=800|model=hky_g4,1,3,high,800,hky_g4,0.96,True,4
ils=high|rep=01|length=800|model=hky_g4,1,3,high,800,hky_g4,0.927,True,3
ils=high|rep=01|length=800|model=hky_g4,1,3,high,800,hky_g4,0.333,False,2
ils=high|rep=01|length=800|model=hky_g4,1,3,high,800,hky_g4,0.333,True,7
ils=high|rep=01|length=800|model=hky_g4,1,3,high,800,hky_g4,1.0,True,3
ils=high|rep=01|length=800|model=hky_g4,1,3,high,800,hky_g4,0.333,False,2
ils=high|rep=01|length=800|model=hky_g4,1,3,high,800,hky_g4,0.819,True,10
ils=high|rep=01|length=800|model=hky_g4,1,3,high,800,hky_g4,0.867,True,10
ils=high|rep=01|length=800|model=hky_g4,1,3,high,800,hky_g4,0.333,False,9
ils=high|rep=01|length=800|model=hky_g4,1,3,high,800,hky_g4,0.333,False,6
ils=high|rep=01|length=800|model=hky_g4,1,3,high,800,hky_g4,1.0,True,2
ils=high|rep=01|length=800|model=hky_g4,1,3,high,800,hky_g4,0.948,True,4
ils=high|rep=01|length=800|model=hky_g4,1,3,high,800,hky_g4,0.819,True,3
ils=high|rep=01|length=800|model=hky_g4,1,3,high,800,hky_g4,1.0,True,2
ils=high|rep=01|length=800|model=hky_g4,1,3,high,800,hky_g4,0.98,True,3
ils=high|rep=01|length=800|model=hky_g4,1,3,high,800,hky_g4,0.971,True,2
ils=high|rep=01|length=800|model=hky_g4,1,4,high,800,hky_g4,0.961,True,2
ils=high|rep=01|length=800|model=hky_g4,1,4,high,800,hky_g4,0.333,False,5
ils=high|rep=01|length=800|model=hky_g4,1,4,high,800,hky_g4,0.333,False,10
ils=high|rep=01|length=800|model=hky_g4,1,4,high,800,hky_g4,0.333,False,3
ils=high|rep=01|length=800|model=hky_g4,1,4,high,800,hky_g4,0.333,False,2
ils=high|rep=01|length=800|model=hky_g4,1,4,high,800,hky_g4,0.333,False,8
ils=high|rep=01|length=800|model=hky_g4,1,4,high,800,hky_g4,0.333,True,4
ils=high|rep=01|length=800|model=hky_g4,1,4,high,800,hky_g4,0.981,True,3
ils=high|rep=01|length=800|model=hky_g4,1,4,high,800,hky_g4,0.333,False,2
ils=high|rep=01|length=800|model=hky_g4,1,4,high,800,hky_g4,0.333,False,4
ils=high|rep=01|length=800|model=hky_g4,1,4,high,800,hky_g4,1.0,True,3
ils=high|rep=01|length=800|model=hky_g4,1,4,high,800,hky_g4,0.333,False,2
ils=high|rep=01|length=800|model=hky_g4,1,4,high,800,hky_g4,0.333,False,5
ils=high|rep=01|length=800|model=hky_g4,1,4,high,800,hky_g4,0.998,True,2
ils=high|rep=01|length=800|model=hky_g4,1,4,high,800,hky_g4,0.983,True,3
ils=high|rep=01|length=800|model=hky_g4,1,4,high,800,hky_g4,0.333,True,2
ils=high|rep=01|length=800|model=hky_g4,1,4,high,800,hky_g4,0.976,True,3
ils=high|rep=01|length=800|model=hky_g4,1,4,high,800,hky_g4,0.911,True,2
ils=high|rep=01|length=800|model=hky_g4,1,5,high,800,hky_g4,0.333,False,3
ils=high|rep=01|length=800|model=hky_g4,1,5,high,800,hky_g4,0.998,True,2
ils=high|rep=01|length=800|model=hky_g4,1,5,high,800,hky_g4,1.0,True,5
ils=high|rep=01|length=800|model=hky_g4,1,5,high,800,hky_g4,0.333,True,6
ils=high|rep=01|length=800|model=hky_g4,1,5,high,800,hky_g4,0.333,False,4
ils=high|rep=01|length=800|model=hky_g4,1,5,high,800,hky_g4,0.333,False,2
ils=high|rep=01|length=800|model=hky_g4,1,5,high,800,hky_g4,0.639,False,2
ils=high|rep=01|length=800|model=hky_g4,1,5,high,800,hky_g4,0.333,False,10
ils=high|rep=01|length=800|model=hky_g4,1,5,high,800,hky_g4,0.333,False,9
ils=high|rep=01|length=800|model=hky_g4,1,5,high,800,hky_g4,0.333,False,8
ils=high|rep=01|length=800|model=hky_g4,1,5,high,800,hky_g4,0.333,False,2
ils=high|rep=01|length=800|model=hky_g4,1,5,high,800,hky_g4,0.333,False,6
ils=high|rep=01|length=800|model=hky_g4,1,5,high,800,hky_g4,0.995,True,5
ils=high|rep=01|length=800|model=hky_g4,1,5,high,800,hky_g4,0.333,False,4
ils=high|rep=01|length=800|model=hky_g4,1,5,high,800,hky_g4,0.333,False,2
ils=high|rep=01|length=800|model=hky_g4,1,5,high,800,hky_g4,0.333,False,2
ils=high|rep=01|length=800|model=hky_g4,1,5,high,800,hky_g4,,False,2
ils=high|rep=01|length=800|model=hky_g4,1,5,high,800,hky_g4,0.991,True,2
ils=high|rep=01|length=800|model=hky_g4,1,6,high,800,hky_g4,0.985,True,2
ils=high|rep=01|length=800|model=hky_g4,1,6,high,800,hky_g4,0.982,True,3
ils=high|rep=01|length=800|model=hky_g4,1,6,high,800,hky_g4,0.333,True,2
ils=high|rep=01|length=800|model=hky_g4,1,6,high,800,hky_g4,0.978,True,5
ils=high|rep=01|length=800|model=hky_g4,1,6,high,800,hky_g4,0.333,False,6
ils=high|rep=01|length=800|model=hky_g4,1,6,high,800,hky_g4,0.996,True,7
ils=high|rep=01|length=800|model=hky_g4,1,6,high,800,hky_g4,0.333,False,8
ils=high|rep=01|length=800|model=hky_g4,1,6,high,800,hky_g4,0.333,False,5
ils=high|rep=01|length=800|model=hky_g4,1,6,high,800,hky_g4,0.56,True,4
ils=high|rep=01|length=800|model=hky_g4,1,6,high,800,hky_g4,0.333,False,3
ils=high|rep=01|length=800|model=hky_g4,1,6,high,800,hky_g4,0.333,False,2
ils=high|rep=01|length=800|model=hky_g4,1,6,high,800,hky_g4,0.333,False,8
ils=high|rep=01|length=800|model=hky_g4,1,6,high,800,hky_g4,0.333,False,6
ils=high|rep=01|length=800|model=hky_g4,1,6,high,800,hky_g4,1.0,True,3
ils=high|rep=01|length=800|model=hky_g4,1,6,high,800,hky_g4,0.333,False,2
ils=high|rep=01|length=800|model=hky_g4,1,6,high,800,hky_g4,0.989,True,3
ils=high|rep=01|length=800|model=hky_g4,1,6,high,800,hky_g4,0.333,True,2
ils=high|rep=01|length=800|model=hky_g4,1,6,high,800,hky_g4,0.333,False,2
ils=high|rep=01|length=800|model=hky_g4,1,7,high,800,hky_g4,1.0,True,2
ils=high|rep=01|length=800|model=hky_g4,1,7,high,800,hky_g4,0.856,True,3
ils=high|rep=01|length=800|model=hky_g4,1,7,high,800,hky_g4,0.333,False,5
ils=high|rep=01|length=800|model=hky_g4,1,7,high,800,hky_g4,0.333,False,7
ils=high|rep=01|length=800|model=hky_g4,1,7,high,800,hky_g4,0.333,False,5
ils=high|rep=01|length=800|model=hky_g4,1,7,high,800,hky_g4,0.994,False,4
ils=high|rep=01|length=800|model=hky_g4,1,7,high,800,hky_g4,0.975,True,3
ils=high|rep=01|length=800|model=hky_g4,1,7,high,800,hky_g4,0.964,True,2
ils=high|rep=01|length=800|model=hky_g4,1,7,high,800,hky_g4,0.333,False,2
ils=high|rep=01|length=800|model=hky_g4,1,7,high,800,hky_g4,0.333,False,9
ils=high|rep=01|length=800|model=hky_g4,1,7,high,800,hky_g4,0.333,False,7
ils=high|rep=01|length=800|model=hky_g4,1,7,high,800,hky_g4,1.0,True,6
ils=high|rep=01|length=800|model=hky_g4,1,7,high,800,hky_g4,0.333,True,5
ils=high|rep=01|length=800|model=hky_g4,1,7,high,800,hky_g4,1.0,True,4
ils=high|rep=01|length=800|model=hky_g4,1,7,high,800,hky_g4,0.911,True,3
ils=high|rep=01|length=800|model=hky_g4,1,7,high,800,hky_g4,0.966,True,2
ils=high|rep=01|length=800|model=hky_g4,1,7,high,800,hky_g4,0.333,False,2
ils=high|rep=01|length=800|model=hky_g4,1,7,high,800,hky_g4,0.952,True,2
ils=high|rep=01|length=800|model=hky,1,1,high,800,hky,0.333,False,3
ils=high|rep=01|length=800|model=hky,1,1,high,800,hky,0.624,False,2
ils=high|rep=01|length=800|model=hky,1,1,high,800,hky,0.333,False,4
ils=high|rep=01|length=800|model=hky,1,1,high,800,hky,0.333,False,4
ils=high|rep=01|length=800|model=hky,1,1,high,800,hky,0.988,True,2
ils=high|rep=01|length=800|model=hky,1,1,high,800,hky,0.991,True,2
ils=high|rep=01|length=800|model=hky,1,1,high,800,hky,0.333,False,8
ils=high|rep=01|length=800|model=hky,1,1,high,800,hky,0.997,True,9
ils=high|rep=01|length=800|model=hky,1,1,high,800,hky,0.333,False,10
ils=high|rep=01|length=800|model=hky,1,1,high,800,hky,0.333,False,8
ils=high|rep=01|length=800|model=hky,1,1,high,800,hky,0.333,False,7
ils=high|rep=01|length=800|model=hky,1,1,high,800,hky,1.0,True,6
ils=high|rep=01|length=800|model=hky,1,1,high,800,hky,0.333,False,4
ils=high|rep=01|length=800|model=hky,1,1,high,800,hky,0.333,True,3
ils=high|rep=01|length=800|model=hky,1,1,high,800,hky,0.333,True,2
ils=high|rep=01|length=800|model=hky,1,1,high,800,hky,0.999,True,2
ils=high|rep=01|length=800|model=hky,1,1,high,800,hky,0.333,False,3
ils=high|rep=01|length=800|model=hky,1,1,high,800,hky,1.0,True,2
ils=high|rep=01|length=800|model=hky,1,2,high,800,hky,0.333,False,2
ils=high|rep=01|length=800|model=hky,1,2,high,800,hky,0.998,True,10
ils=high|rep=01|length=800|model=hky,1,2,high,800,hky,0.333,False,8
ils=high|rep=01|length=800|model=hky,1,2,high,800,hky,0.333,False,2
ils=high|rep=01|length=800|model=hky,1,2,high,800,hky,0.333,False,6
ils=high|rep=01|length=800|model=hky,1,2,high,800,hky,0.993,False,5
ils=high|rep=01|length=800|model=hky,1,2,high,800,hky,0.333,False,4
ils=high|rep=01|length=800|model=hky,1,2,high,800,hky,0.333,False,3
ils=high|rep=01|length=800|model=hky,1,2,high,800,hky,0.333,False,2
ils=high|rep=01|length=800|model=hky,1,2,high,800,hky,0.333,False,2
ils=high|rep=01|length=800|model=hky,1,2,high,800,hky,1.0,True,9
ils=high|rep=01|length=800|model=hky,1,2,high,800,hky,0.333,False,8
ils=high|rep=01|length=800|model=hky,1,2,high,800,hky,0.333,False,2
ils=high|rep=01|length=800|model=hky,1,2,high,800,hky,0.333,False,6
ils=high|rep=01|length=800|model=hky,1,2,high,800,hky,,False,2
ils=high|rep=01|length=800|model=hky,1,2,high,800,hky,0.333,False,4
ils=high|rep=01|length=800|model=hky,1,2,high,800,hky,0.333,False,3
ils=high|rep=01|length=800|model=hky,1,2,high,800,hky,0.999,True,2
ils=high|rep=01|length=800|model=hky,1,3,high,800,hky,1.0,True,2
ils=high|rep=01|length=800|model=hky,1,3,high,800,hky,0.333,True,3
ils=high|rep=01|length=800|model=hky,1,3,high,800,hky,0.989,True,4
ils=high|rep=01|length=800|model=hky,1,3,high,800,hky,0.98,True,3
ils=high|rep=01|length=800|model=hky,1,3,high,800,hky,0.333,False,2
ils=high|rep=01|length=800|model=hky,1,3,high,800,hky,0.333,True,7
ils=high|rep=01|length=800|model=hky,1,3,high,800,hky,1.0,True,3
ils=high|rep=01|length=800|model=hky,1,3,high,800,hky,0.333,False,2
ils=high|rep=01|length=800|model=hky,1,3,high,800,hky,0.944,True,10
ils=high|rep=01|length=800|model=hky,1,3,high,800,hky,0.961,True,10
ils=high|rep=01|length=800|model=hky,1,3,high,800,hky,0.333,False,9
ils=high|rep=01|length=800|model=hky,1,3,high,800,hky,0.333,False,6
ils=high|rep=01|length=800|model=hky,1,3,high,800,hky,1.0,True,2
ils=high|rep=01|length=800|model=hky,1,3,high,800,hky,0.986,True,4
ils=high|rep=01|length=800|model=hky,1,3,high,800,hky,0.946,True,3
ils=high|rep=01|length=800|model=hky,1,3,high,800,hky,1.0,True,2
ils=high|rep=01|length=800|model=hky,1,3,high,800,hky,0.995,True,3
ils=high|rep=01|length=800|model=hky,1,3,high,800,hky,0.992,True,2
ils=high|rep=01|length=800|model=hky,1,4,high,800,hky,0.99,True,2
ils=high|rep=01|length=800|model=hky,1,4,high,800,hky,0.333,False,3
ils=high|rep=01|length=800|model=hky,1,4,high,800,hky,0.333,False,7
ils=high|rep=01|length=800|model=hky,1,4,high,800,hky,0.333,False,5
ils=high|rep=01|length=800|model=hky,1,4,high,800,hky,0.333,False,2
ils=high|rep=01|length=800|model=hky,1,4,high,800,hky,1.0,True,3
ils=high|rep=01|length=800|model=hky,1,4,high,800,hky,0.333,False,2
ils=high|rep=01|length=800|model=hky,1,4,high,800,hky,0.333,False,9
ils=high|rep=01|length=800|model=hky,1,4,high,800,hky,0.333,False,3
ils=high|rep=01|length=800|model=hky,1,4,high,800,hky,1.0,True,2
ils=high|rep=01|length=800|model=hky,1,4,high,800,hky,0.333,True,6
ils=high|rep=01|length=800|model=hky,1,4,high,800,hky,0.996,True,3
ils=high|rep=01|length=800|model=hky,1,4,high,800,hky,0.333,True,2
ils=high|rep=01|length=800|model=hky,1,4,high,800,hky,0.994,True,3
ils=high|rep=01|length=800|model=hky,1,4,high,800,hky,0.975,True,2
ils=high|rep=01|length=800|model=hky,1,4,high,800,hky,0.333,True,4
ils=high|rep=01|length=800|model=hky,1,4,high,800,hky,0.995,True,3
ils=high|rep=01|length=800|model=hky,1,4,high,800,hky,0.333,False,2
ils=high|rep=01|length=800|model=hky,1,5,high,800,hky,0.333,False,3
ils=high|rep=01|length=800|model=hky,1,5,high,800,hky,0.999,True,2
ils=high|rep=01|length=800|model=hky,1,5,high,800,hky,1.0,True,5
ils=high|rep=01|length=800|model=hky,1,5,high,800,hky,0.333,False,6
ils=high|rep=01|length=800|model=hky,1,5,high,800,hky,0.333,False,7
ils=high|rep=01|length=800|model=hky,1,5,high,800,hky,0.333,False,9
ils=high|rep=01|length=800|model=hky,1,5,high,800,hky,0.333,False,10
ils=high|rep=01|length=800|model=hky,1,5,high,800,hky,0.333,False,4
ils=high|rep=01|length=800|model=hky,1,5,high,800,hky,0.36,False,3
ils=high|rep=01|length=800|model=hky,1,5,high,800,hky,0.36,True,2
ils=high|rep=01|length=800|model=hky,1,5,high,800,hky,0.333,False,6
ils=high|rep=01|length=800|model=hky,1,5,high,800,hky,0.998,True,5
ils=high|rep=01|length=800|model=hky,1,5,high,800,hky,0.333,True,4
ils=high|rep=01|length=800|model=hky,1,5,high,800,hky,0.333,False,2
ils=high|rep=01|length=800|model=hky,1,5,high,800,hky,0.333,False,2
ils=high|rep=01|length=800|model=hky,1,5,high,800,hky,0.333,False,2
ils=high|rep=01|length=800|model=hky,1,5,high,800,hky,,False,2
ils=high|rep=01|length=800|model=hky,1,5,high,800,hky,0.996,True,2
ils=high|rep=01|length=800|model=hky,1,6,high,800,hky,0.994,True,2
ils=high|rep=01|length=800|model=hky,1,6,high,800,hky,0.993,True,3
ils=high|rep=01|length=800|model=hky,1,6,high,800,hky,0.333,True,2
ils=high|rep=01|length=800|model=hky,1,6,high,800,hky,0.991,True,5
ils=high|rep=01|length=800|model=hky,1,6,high,800,hky,0.333,False,6
ils=high|rep=01|length=800|model=hky,1,6,high,800,hky,0.999,True,7
ils=high|rep=01|length=800|model=hky,1,6,high,800,hky,0.333,False,8
ils=high|rep=01|length=800|model=hky,1,6,high,800,hky,0.333,False,9
ils=high|rep=01|length=800|model=hky,1,6,high,800,hky,0.333,False,5
ils=high|rep=01|length=800|model=hky,1,6,high,800,hky,0.548,True,4
ils=high|rep=01|length=800|model=hky,1,6,high,800,hky,0.333,False,3
ils=high|rep=01|length=800|model=hky,1,6,high,800,hky,0.333,False,2
ils=high|rep=01|length=800|model=hky,1,6,high,800,hky,0.333,True,4
ils=high|rep=01|length=800|model=hky,1,6,high,800,hky,0.987,True,3
ils=high|rep=01|length=800|model=hky,1,6,high,800,hky,0.333,True,2
ils=high|rep=01|length=800|model=hky,1,6,high,800,hky,0.333,False,4
ils=high|rep=01|length=800|model=hky,1,6,high,800,hky,1.0,True,3
ils=high|rep=01|length=800|model=hky,1,6,high,800,hky,0.333,False,2
ils=high|rep=01|length=800|model=hky,1,7,high,800,hky,1.0,True,2
ils=high|rep=01|length=800|model=hky,1,7,high,800,hky,0.954,True,3
ils=high|rep=01|length=800|model=hky,1,7,high,800,hky,0.999,False,4
ils=high|rep=01|length=800|model=hky,1,7,high,800,hky,0.993,True,3
ils=high|rep=01|length=800|model=hky,1,7,high,800,hky,0.989,True,2
ils=high|rep=01|length=800|model=hky,1,7,high,800,hky,0.333,False,7
ils=high|rep=01|length=800|model=hky,1,7,high,800,hky,0.333,False,10
ils=high|rep=01|length=800|model=hky,1,7,high,800,hky,0.333,False,10
ils=high|rep=01|length=800|model=hky,1,7,high,800,hky,0.333,False,9
ils=high|rep=01|length=800|model=hky,1,7,high,800,hky,0.333,False,7
ils=high|rep=01|length=800|model=hky,1,7,high,800,hky,1.0,True,6
ils=high|rep=01|length=800|model=hky,1,7,high,800,hky,0.333,True,5
ils=high|rep=01|length=800|model=hky,1,7,high,800,hky,1.0,True,4
ils=high|rep=01|length=800|model=hky,1,7,high,800,hky,0.972,True,3
ils=high|rep=01|length=800|model=hky,1,7,high,800,hky,0.99,True,2
ils=high|rep=01|length=800|model=hky,1,7,high,800,hky,0.333,False,2
ils=high|rep=01|length=800|model=hky,1,7,high,800,hky,0.333,False,3
ils=high|rep=01|length=800|model=hky,1,7,high,800,hky,0.985,True,2
ils=high|rep=01|length=800|model=jc,1,1,high,800,jc,0.333,False,8
ils=high|rep=01|length=800|model=jc,1,1,high,800,jc,0.333,False,3
ils=high|rep=01|length=800|model=jc,1,1,high,800,jc,0.75,False,2
ils=high|rep=01|length=800|model=jc,1,1,high,800,jc,0.333,False,5
ils=high|rep=01|length=800|model=jc,1,1,high,800,jc,0.992,True,2
ils=high|rep=01|length=800|model=jc,1,1,high,800,jc,0.333,False,3
ils=high|rep=01|length=800|model=jc,1,1,high,800,jc,0.992,True,2
ils=high|rep=01|length=800|model=jc,1,1,high,800,jc,0.997,True,9
ils=high|rep=01|length=800|model=jc,1,1,high,800,jc,0.333,False,10
ils=high|rep=01|length=800|model=jc,1,1,high,800,jc,0.333,False,8
ils=high|rep=01|length=800|model=jc,1,1,high,800,jc,0.333,False,7
ils=high|rep=01|length=800|model=jc,1,1,high,800,jc,1.0,True,6
ils=high|rep=01|length=800|model=jc,1,1,high,800,jc,0.333,False,4
ils=high|rep=01|length=800|model=jc,1,1,high,800,jc,0.333,True,3
ils=high|rep=01|length=800|model=jc,1,1,high,800,jc,0.333,True,2
ils=high|rep=01|length=800|model=jc,1,1,high,800,jc,0.999,True,2
ils=high|rep=01|length=800|model=jc,1,1,high,800,jc,0.333,False,3
ils=high|rep=01|length=800|model=jc,1,1,high,800,jc,1.0,True,2
ils=high|rep=01|length=800|model=jc,1,2,high,800,jc,0.333,False,2
ils=high|rep=01|length=800|model=jc,1,2,high,800,jc,0.997,True,10
ils=high|rep=01|length=800|model=jc,1,2,high,800,jc,0.333,False,9
ils=high|rep=01|length=800|model=jc,1,2,high,800,jc,0.333,False,8
ils=high|rep=01|length=800|model=jc,1,2,high,800,jc,0.333,False,7
ils=high|rep=01|length=800|model=jc,1,2,high,800,jc,0.333,False,2
ils=high|rep=01|length=800|model=jc,1,2,high,800,jc,0.998,False,5
ils=high|rep=01|length=800|model=jc,1,2,high,800,jc,0.333,False,4
ils=high|rep=01|length=800|model=jc,1,2,high,800,jc,0.333,False,3
ils=high|rep=01|length=800|model=jc,1,2,high,800,jc,0.333,False,2
ils=high|rep=01|length=800|model=jc,1,2,high,800,jc,1.0,True,9
ils=high|rep=01|length=800|model=jc,1,2,high,800,jc,0.333,False,8
ils=high|rep=01|length=800|model=jc,1,2,high,800,jc,0.333,False,7
ils=high|rep=01|length=800|model=jc,1,2,high,800,jc,0.333,False,5
ils=high|rep=01|length=800|model=jc,1,2,high,800,jc,0.333,False,2
ils=high|rep=01|length=800|model=jc,1,2,high,800,jc,0.333,False,3
ils=high|rep=01|length=800|model=jc,1,2,high,800,jc,0.998,True,2
ils=high|rep=01|length=800|model=jc,1,2,high,800,jc,,False,2
ils=high|rep=01|length=800|model=jc,1,3,high,800,jc,1.0,True,2
ils=high|rep=01|length=800|model=jc,1,3,high,800,jc,0.333,False,5
ils=high|rep=01|length=800|model=jc,1,3,high,800,jc,0.333,False,9
ils=high|rep=01|length=800|model=jc,1,3,high,800,jc,0.969,True,10
ils=high|rep=01|length=800|model=jc,1,3,high,800,jc,0.969,True,10
ils=high|rep=01|length=800|model=jc,1,3,high,800,jc,0.333,False,9
ils=high|rep=01|length=800|model=jc,1,3,high,800,jc,0.333,False,6
ils=high|rep=01|length=800|model=jc,1,3,high,800,jc,1.0,True,2
ils=high|rep=01|length=800|model=jc,1,3,high,800,jc,0.988,True,4
ils=high|rep=01|length=800|model=jc,1,3,high,800,jc,0.942,True,3
ils=high|rep=01|length=800|model=jc,1,3,high,800,jc,1.0,True,2
ils=high|rep=01|length=800|model=jc,1,3,high,800,jc,0.992,True,3
ils=high|rep=01|length=800|model=jc,1,3,high,800,jc,0.992,True,2
ils=high|rep=01|length=800|model=jc,1,3,high,800,jc,0.989,True,4
ils=high|rep=01|length=800|model=jc,1,3,high,800,jc,0.989,True,3
ils=high|rep=01|length=800|model=jc,1,3,high,800,jc,0.333,False,2
ils=high|rep=01|length=800|model=jc,1,3,high,800,jc,1.0,True,3
ils=high|rep=01|length=800|model=jc,1,3,high,800,jc,0.333,True,2
ils=high|rep=01|length=800|model=jc,1,4,high,800,jc,0.981,True,2
ils=high|rep=01|length=800|model=jc,1,4,high,800,jc,0.333,False,2
ils=high|rep=01|length=800|model=jc,1,4,high,800,jc,0.333,False,4
ils=high|rep=01|length=800|model=jc,1,4,high,800,jc,0.333,False,10
ils=high|rep=01|length=800|model=jc,1,4,high,800,jc,0.333,False,7
ils=high|rep=01|length=800|model=jc,1,4,high,800,jc,0.333,False,2
ils=high|rep=01|length=800|model=jc,1,4,high,800,jc,0.333,False,5
ils=high|rep=01|length=800|model=jc,1,4,high,800,jc,1.0,True,2
ils=high|rep=01|length=800|model=jc,1,4,high,800,jc,0.988,True,3
ils=high|rep=01|length=800|model=jc,1,4,high,800,jc,0.989,True,2
ils=high|rep=01|length=800|model=jc,1,4,high,800,jc,0.333,False,4
ils=high|rep=01|length=800|model=jc,1,4,high,800,jc,0.998,True,3
ils=high|rep=01|length=800|model=jc,1,4,high,800,jc,0.333,False,2
ils=high|rep=01|length=800|model=jc,1,4,high,800,jc,0.333,False,6
ils=high|rep=01|length=800|model=jc,1,4,high,800,jc,0.998,True,3
ils=high|rep=01|length=800|model=jc,1,4,high,800,jc,0.333,True,2
ils=high|rep=01|length=800|model=jc,1,4,high,800,jc,1.0,True,3
ils=high|rep=01|length=800|model=jc,1,4,high,800,jc,0.333,False,2
ils=high|rep=01|length=800|model=jc,1,5,high,800,jc,0.998,True,2
ils=high|rep=01|length=800|model=jc,1,5,high,800,jc,0.333,True,3
ils=high|rep=01|length=800|model=jc,1,5,high,800,jc,0.998,True,2
ils=high|rep=01|length=800|model=jc,1,5,high,800,jc,1.0,True,5
ils=high|rep=01|length=800|model=jc,1,5,high,800,jc,0.4,False,3
ils=high|rep=01|length=800|model=jc,1,5,high,800,jc,0.4,True,2
ils=high|rep=01|length=800|model=jc,1,5,high,800,jc,0.333,False,8
ils=high|rep=01|length=800|model=jc,1,5,high,800,jc,0.333,False,7
ils=high|rep=01|length=800|model=jc,1,5,high,800,jc,0.333,False,4
ils=high|rep=01|length=800|model=jc,1,5,high,800,jc,0.333,False,2
ils=high|rep=01|length=800|model=jc,1,5,high,800,jc,0.333,False,2
ils=high|rep=01|length=800|model=jc,1,5,high,800,jc,0.333,False,3
ils=high|rep=01|length=800|model=jc,1,5,high,800,jc,,False,2
ils=high|rep=01|length=800|model=jc,1,5,high,800,jc,0.333,False,6
ils=high|rep=01|length=800|model=jc,1,5,high,800,jc,0.997,True,5
ils=high|rep=01|length=800|model=jc,1,5,high,800,jc,0.333,False,4
ils=high|rep=01|length=800|model=jc,1,5,high,800,jc,0.333,False,2
ils=high|rep=01|length=800|model=jc,1,5,high,800,jc,0.333,False,2
ils=high|rep=01|length=800|model=jc,1,6,high,800,jc,0.995,True,2
ils=high|rep=01|length=800|model=jc,1,6,high,800,jc,0.995,True,3
ils=high|rep=01|length=800|model=jc,1,6,high,800,jc,0.333,True,2
ils=high|rep=01|length=800|model=jc,1,6,high,800,jc,0.995,True,5
ils=high|rep=01|length=800|model=jc,1,6,high,800,jc,0.333,False,6
ils=high|rep=01|length=800|model=jc,1,6,high,800,jc,0.998,True,7
ils=high|rep=01|length=800|model=jc,1,6,high,800,jc,0.333,False,8
ils=high|rep=01|length=800|model=jc,1,6,high,800,jc,0.333,False,6
ils=high|rep=01|length=800|model=jc,1,6,high,800,jc,0.353,False,5
ils=high|rep=01|length=800|model=jc,1,6,high,800,jc,0.353,True,4
ils=high|rep=01|length=800|model=jc,1,6,high,800,jc,0.333,False,3
ils=high|rep=01|length=800|model=jc,1,6,high,800,jc,0.333,True,2
ils=high|rep=01|length=800|model=jc,1,6,high,800,jc,0.333,False,7
ils=high|rep=01|length=800|model=jc,1,6,high,800,jc,0.333,False,4
ils=high|rep=01|length=800|model=jc,1,6,high,800,jc,1.0,True,3
ils=high|rep=01|length=800|model=jc,1,6,high,800,jc,0.333,False,2
ils=high|rep=01|length=800|model=jc,1,6,high,800,jc,0.998,True,3
ils=high|rep=01|length=800|model=jc,1,6,high,800,jc,0.333,False,2
ils=high|rep=01|length=800|model=jc,1,7,high,800,jc,1.0,True,2
ils=high|rep=01|length=800|model=jc,1,7,high,800,jc,0.932,True,3
ils=high|rep=01|length=800|model=jc,1,7,high,800,jc,0.333,False,4
ils=high|rep=01|length=800|model=jc,1,7,high,800,jc,0.333,False,10
ils=high|rep=01|length=800|model=jc,1,7,high,800,jc,0.333,False,8
ils=high|rep=01|length=800|model=jc,1,7,high,800,jc,0.333,False,6
ils=high|rep=01|length=800|model=jc,1,7,high,800,jc,0.999,False,4
ils=high|rep=01|length=800|model=jc,1,7,high,800,jc,0.992,True,3
ils=high|rep=01|length=800|model=jc,1,7,high,800,jc,0.992,True,2
ils=high|rep=01|length=800|model=jc,1,7,high,800,jc,0.992,True,2
ils=high|rep=01|length=800|model=jc,1,7,high,800,jc,0.333,False,2
ils=high|rep=01|length=800|model=jc,1,7,high,800,jc,0.333,False,2
ils=high|rep=01|length=800|model=jc,1,7,high,800,jc,0.333,False,7
ils=high|rep=01|length=800|model=jc,1,7,high,800,jc,1.0,True,6
ils=high|rep=01|length=800|model=jc,1,7,high,800,jc,0.333,True,5
ils=high|rep=01|length=800|model=jc,1,7,high,800,jc,1.0,True,4
ils=high|rep=01|length=800|model=jc,1,7,high,800,jc,0.984,True,3
ils=high|rep=01|length=800|model=jc,1,7,high,800,jc,0.993,True,2
ils=high|rep=02|length=200|model=gtr_g4,2,1,high,200,gtr_g4,0.336,False,2
ils=high|rep=02|length=200|model=gtr_g4,2,1,high,200,gtr_g4,0.414,True,6
ils=high|rep=02|length=200|model=gtr_g4,2,1,high,200,gtr_g4,0.715,True,3
ils=high|rep=02|length=200|model=gtr_g4,2,1,high,200,gtr_g4,0.98,True,2
ils=high|rep=02|length=200|model=gtr_g4,2,1,high,200,gtr_g4,0.985,True,3
ils=high|rep=02|length=200|model=gtr_g4,2,1,high,200,gtr_g4,0.364,True,2
ils=high|rep=02|length=200|model=gtr_g4,2,1,high,200,gtr_g4,0.908,False,8
ils=high|rep=02|length=200|model=gtr_g4,2,1,high,200,gtr_g4,1.0,True,8
ils=high|rep=02|length=200|model=gtr_g4,2,1,high,200,gtr_g4,0.353,False,6
ils=high|rep=02|length=200|model=gtr_g4,2,1,high,200,gtr_g4,0.463,False,3
ils=high|rep=02|length=200|model=gtr_g4,2,1,high,200,gtr_g4,0.406,True,2
ils=high|rep=02|length=200|model=gtr_g4,2,1,high,200,gtr_g4,0.987,True,3
ils=high|rep=02|length=200|model=gtr_g4,2,1,high,200,gtr_g4,0.654,True,2
ils=high|rep=02|length=200|model=gtr_g4,2,1,high,200,gtr_g4,0.997,True,2
ils=high|rep=02|length=200|model=gtr_g4,2,1,high,200,gtr_g4,0.333,False,5
ils=high|rep=02|length=200|model=gtr_g4,2,1,high,200,gtr_g4,0.511,True,3
ils=high|rep=02|length=200|model=gtr_g4,2,1,high,200,gtr_g4,0.518,False,2
ils=high|rep=02|length=200|model=gtr_g4,2,1,high,200,gtr_g4,0.988,True,2
ils=high|rep=02|length=200|model=gtr_g4,2,2,high,200,gtr_g4,0.458,True,2
ils=high|rep=02|length=200|model=gtr_g4,2,2,high,200,gtr_g4,0.333,False,3
ils=high|rep=02|length=200|model=gtr_g4,2,2,high,200,gtr_g4,0.916,False,8
ils=high|rep=02|length=200|model=gtr_g4,2,2,high,200,gtr_g4,0.333,False,9
ils=high|rep=02|length=200|model=gtr_g4,2,2,high,200,gtr_g4,0.894,True,10
ils=high|rep=02|length=200|model=gtr_g4,2,2,high,200,gtr_g4,0.398,True,3
ils=high|rep=02|length=200|model=gtr_g4,2,2,high,200,gtr_g4,1.0,True,2
ils=high|rep=02|length=200|model=gtr_g4,2,2,high,200,gtr_g4,0.592,True,8
ils=high|rep=02|length=200|model=gtr_g4,2,2,high,200,gtr_g4,1.0,True,3
ils=high|rep=02|length=200|model=gtr_g4,2,2,high,200,gtr_g4,0.463,True,2
ils=high|rep=02|length=200|model=gtr_g4,2,2,high,200,gtr_g4,0.915,True,5
ils=high|rep=02|length=200|model=gtr_g4,2,2,high,200,gtr_g4,0.797,False,4
ils=high|rep=02|length=200|model=gtr_g4,2,2,high,200,gtr_g4,0.402,False,2
ils=high|rep=02|length=200|model=gtr_g4,2,2,high,200,gtr_g4,0.333,False,2
ils=high|rep=02|length=200|model=gtr_g4,2,2,high,200,gtr_g4,0.363,False,5
ils=high|rep=02|length=200|model=gtr_g4,2,2,high,200,gtr_g4,0.799,True,2
ils=high|rep=02|length=200|model=gtr_g4,2,2,high,200,gtr_g4,0.988,True,3
ils=high|rep=02|length=200|model=gtr_g4,2,2,high,200,gtr_g4,1.0,True,2
ils=high|rep=02|length=200|model=gtr_g4,2,3,high,200,gtr_g4,0.847,True,2
ils=high|rep=02|length=200|model=gtr_g4,2,3,high,200,gtr_g4,0.333,False,3
ils=high|rep=02|length=200|model=gtr_g4,2,3,high,200,gtr_g4,0.426,False,5
ils=high|rep=02|length=200|model=gtr_g4,2,3,high,200,gtr_g4,0.611,False,9
ils=high|rep=02|length=200|model=gtr_g4,2,3,high,200,gtr_g4,0.333,False,5
ils=high|rep=02|length=200|model=gtr_g4,2,3,high,200,gtr_g4,1.0,True,2
ils=high|rep=02|length=200|model=gtr_g4,2,3,high,200,gtr_g4,0.916,True,3
ils=high|rep=02|length=200|model=gtr_g4,2,3,high,200,gtr_g4,1.0,True,2
ils=high|rep=02|length=200|model=gtr_g4,2,3,high,200,gtr_g4,0.563,False,7
ils=high|rep=02|length=200|model=gtr_g4,2,3,high,200,gtr_g4,0.808,True,5
ils=high|rep=02|length=200|model=gtr_g4,2,3,high,200,gtr_g4,0.999,True,2
ils=high|rep=02|length=200|model=gtr_g4,2,3,high,200,gtr_g4,0.333,False,3
ils=high|rep=02|length=200|model=gtr_g4,2,3,high,200,gtr_g4,0.434,False,2
ils=high|rep=02|length=200|model=gtr_g4,2,3,high,200,gtr_g4,0.866,False,2
ils=high|rep=02|length=200|model=gtr_g4,2,3,high,200,gtr_g4,0.987,False,4
ils=high|rep=02|length=200|model=gtr_g4,2,3,high,200,gtr_g4,0.639,True,2
ils=high|rep=02|length=200|model=gtr_g4,2,3,high,200,gtr_g4,0.789,False,2
ils=high|rep=02|length=200|model=gtr_g4,2,3,high,200,gtr_g4,0.998,True,2
ils=high|rep=02|length=200|model=gtr_g4,2,4,high,200,gtr_g4,0.976,True,10
ils=high|rep=02|length=200|model=gtr_g4,2,4,high,200,gtr_g4,0.999,True,3
ils=high|rep=02|length=200|model=gtr_g4,2,4,high,200,gtr_g4,0.466,True,2
ils=high|rep=02|length=200|model=gtr_g4,2,4,high,200,gtr_g4,0.677,True,7
ils=high|rep=02|length=200|model=gtr_g4,2,4,high,200,gtr_g4,0.333,False,3
ils=high|rep=02|length=200|model=gtr_g4,2,4,high,200,gtr_g4,0.719,True,2
ils=high|rep=02|length=200|model=gtr_g4,2,4,high,200,gtr_g4,0.354,True,4
ils=high|rep=02|length=200|model=gtr_g4,2,4,high,200,gtr_g4,0.994,True,2
ils=high|rep=02|length=200|model=gtr_g4,2,4,high,200,gtr_g4,0.993,True,2
ils=high|rep=02|length=200|model=gtr_g4,2,4,high,200,gtr_g4,0.333,True,10
ils=high|rep=02|length=200|model=gtr_g4,2,4,high,200,gtr_g4,0.949,True,9
ils=high|rep=02|length=200|model=gtr_g4,2,4,high,200,gtr_g4,0.333,False,4
ils=high|rep=02|length=200|model=gtr_g4,2,4,high,200,gtr_g4,0.769,True,3
ils=high|rep=02|length=200|model=gtr_g4,2,4,high,200,gtr_g4,0.931,True,2
ils=high|rep=02|length=200|model=gtr_g4,2,4,high,200,gtr_g4,0.764,False,5
ils=high|rep=02|length=200|model=gtr_g4,2,4,high,200,gtr_g4,0.333,True,4
ils=high|rep=02|length=200|model=gtr_g4,2,4,high,200,gtr_g4,0.643,False,3
ils=high|rep=02|length=200|model=gtr_g4,2,4,high,200,gtr_g4,1.0,True,2
ils=high|rep=02|length=200|model=gtr_g4,2,5,high,200,gtr_g4,0.35,False,2
ils=high|rep=02|length=200|model=gtr_g4,2,5,high,200,gtr_g4,0.443,False,2
ils=high|rep=02|length=200|model=gtr_g4,2,5,high,200,gtr_g4,0.962,True,4
ils=high|rep=02|length=200|model=gtr_g4,2,5,high,200,gtr_g4,0.887,True,8
ils=high|rep=02|length=200|model=gtr_g4,2,5,high,200,gtr_g4,0.68,True,4
ils=high|rep=02|length=200|model=gtr_g4,2,5,high,200,gtr_g4,1.0,True,2
ils=high|rep=02|length=200|model=gtr_g4,2,5,high,200,gtr_g4,1.0,True,2
ils=high|rep=02|length=200|model=gtr_g4,2,5,high,200,gtr_g4,0.338,False,9
ils=high|rep=02|length=200|model=gtr_g4,2,5,high,200,gtr_g4,0.864,True,2
ils=high|rep=02|length=200|model=gtr_g4,2,5,high,200,gtr_g4,0.337,False,7
ils=high|rep=02|length=200|model=gtr_g4,2,5,high,200,gtr_g4,0.943,True,6
ils=high|rep=02|length=200|model=gtr_g4,2,5,high,200,gtr_g4,0.333,False,2
ils=high|rep=02|length=200|model=gtr_g4,2,5,high,200,gtr_g4,0.402,True,4
ils=high|rep=02|length=200|model=gtr_g4,2,5,high,200,gtr_g4,0.817,False,2
ils=high|rep=02|length=200|model=gtr_g4,2,5,high,200,gtr_g4,0.994,True,2
ils=high|rep=02|length=200|model=gtr_g4,2,5,high,200,gtr_g4,1.0,False,4
ils=high|rep=02|length=200|model=gtr_g4,2,5,high,200,gtr_g4,0.356,False,2
ils=high|rep=02|length=200|model=gtr_g4,2,5,high,200,gtr_g4,0.99,True,2
ils=high|rep=02|length=200|model=gtr_g4,2,6,high,200,gtr_g4,0.835,False,2
ils=high|rep=02|length=200|model=gtr_g4,2,6,high,200,gtr_g4,0.689,False,3
ils=high|rep=02|length=200|model=gtr_g4,2,6,high,200,gtr_g4,0.333,False,10
ils=high|rep=02|length=200|model=gtr_g4,2,6,high,200,gtr_g4,0.333,False,4
ils=high|rep=02|length=200|model=gtr_g4,2,6,high,200,gtr_g4,0.817,False,2
ils=high|rep=02|length=200|model=gtr_g4,2,6,high,200,gtr_g4,0.958,True,2
ils=high|rep=02|length=200|model=gtr_g4,2,6,high,200,gtr_g4,0.618,False,7
ils=high|rep=02|length=200|model=gtr_g4,2,6,high,200,gtr_g4,0.727,False,4
ils=high|rep=02|length=200|model=gtr_g4,2,6,high,200,gtr_g4,0.823,False,2
ils=high|rep=02|length=200|model=gtr_g4,2,6,high,200,gtr_g4,1.0,True,2
ils=high|rep=02|length=200|model=gtr_g4,2,6,high,200,gtr_g4,0.333,False,3
ils=high|rep=02|length=200|model=gtr_g4,2,6,high,200,gtr_g4,0.92,True,2
ils=high|rep=02|length=200|model=gtr_g4,2,6,high,200,gtr_g4,0.574,False,7
ils=high|rep=02|length=200|model=gtr_g4,2,6,high,200,gtr_g4,0.999,True,2
ils=high|rep=02|length=200|model=gtr_g4,2,6,high,200,gtr_g4,0.999,True,5
ils=high|rep=02|length=200|model=gtr_g4,2,6,high,200,gtr_g4,0.704,False,2
ils=high|rep=02|length=200|model=gtr_g4,2,6,high,200,gtr_g4,0.333,False,3
ils=high|rep=02|length=200|model=gtr_g4,2,6,high,200,gtr_g4,0.409,False,2
ils=high|rep=02|length=200|model=gtr_g4,2,7,high,200,gtr_g4,0.522,False,2
ils=high|rep=02|length=200|model=gtr_g4,2,7,high,200,gtr_g4,0.364,False,4
ils=high|rep=02|length=200|model=gtr_g4,2,7,high,200,gtr_g4,0.904,False,6
ils=high|rep=02|length=200|model=gtr_g4,2,7,high,200,gtr_g4,0.365,True,7
ils=high|rep=02|length=200|model=gtr_g4,2,7,high,200,gtr_g4,0.938,False,8
ils=high|rep=02|length=200|model=gtr_g4,2,7,high,200,gtr_g4,0.42,False,9
ils=high|rep=02|length=200|model=gtr_g4,2,7,high,200,gtr_g4,0.993,True,3
ils=high|rep=02|length=200|model=gtr_g4,2,7,high,200,gtr_g4,0.753,True,2
ils=high|rep=02|length=200|model=gtr_g4,2,7,high,200,gtr_g4,0.414,False,9
ils=high|rep=02|length=200|model=gtr_g4,2,7,high,200,gtr_g4,0.512,False,2
ils=high|rep=02|length=200|model=gtr_g4,2,7,high,200,gtr_g4,0.333,False,7
ils=high|rep=02|length=200|model=gtr_g4,2,7,high,200,gtr_g4,0.999,True,2
ils=high|rep=02|length=200|model=gtr_g4,2,7,high,200,gtr_g4,0.356,False,5
ils=high|rep=02|length=200|model=gtr_g4,2,7,high,200,gtr_g4,1.0,True,4
ils=high|rep=02|length=200|model=gtr_g4,2,7,high,200,gtr_g4,0.582,False,3
ils=high|rep=02|length=200|model=gtr_g4,2,7,high,200,gtr_g4,0.418,True,2
ils=high|rep=02|length=200|model=gtr_g4,2,7,high,200,gtr_g4,1.0,True,2
ils=high|rep=02|length=200|model=gtr_g4,2,7,high,200,gtr_g4,0.981,True,2
ils=high|rep=02|length=200|model=gtr,2,1,high,200,gtr,0.973,False,2
ils=high|rep=02|length=200|model=gtr,2,1,high,200,gtr,0.96,True,3
ils=high|rep=02|length=200|model=gtr,2,1,high,200,gtr,0.64,False,7
ils=high|rep=02|length=200|model=gtr,2,1,high,200,gtr,0.708,False,4
ils=high|rep=02|length=200|model=gtr,2,1,high,200,gtr,0.914,False,2
ils=high|rep=02|length=200|model=gtr,2,1,high,200,gtr,0.999,True,2
ils=high|rep=02|length=200|model=gtr,2,1,high,200,gtr,0.989,False,3
ils=high|rep=02|length=200|model=gtr,2,1,high,200,gtr,0.851,False,2
ils=high|rep=02|length=200|model=gtr,2,1,high,200,gtr,0.758,False,10
ils=high|rep=02|length=200|model=gtr,2,1,high,200,gtr,0.935,False,3
ils=high|rep=02|length=200|model=gtr,2,1,high,200,gtr,0.975,False,2
ils=high|rep=02|length=200|model=gtr,2,1,high,200,gtr,0.994,True,8
ils=high|rep=02|length=200|model=gtr,2,1,high,200,gtr,0.471,True,7
ils=high|rep=02|length=200|model=gtr,2,1,high,200,gtr,0.783,True,5
ils=high|rep=02|length=200|model=gtr,2,1,high,200,gtr,0.934,True,2
ils=high|rep=02|length=200|model=gtr,2,1,high,200,gtr,0.952,True,3
ils=high|rep=02|length=200|model=gtr,2,1,high,200,gtr,0.719,True,2
ils=high|rep=02|length=200|model=gtr,2,1,high,200,gtr,1.0,True,2
ils=high|rep=02|length=200|model=gtr,2,2,high,200,gtr,0.994,False,2
ils=high|rep=02|length=200|model=gtr,2,2,high,200,gtr,0.795,False,4
ils=high|rep=02|length=200|model=gtr,2,2,high,200,gtr,0.666,False,5
ils=high|rep=02|length=200|model=gtr,2,2,high,200,gtr,0.848,False,8
ils=high|rep=02|length=200|model=gtr,2,2,high,200,gtr,0.92,True,10
ils=high|rep=02|length=200|model=gtr,2,2,high,200,gtr,0.349,True,3
ils=high|rep=02|length=200|model=gtr,2,2,high,200,gtr,1.0,True,2
ils=high|rep=02|length=200|model=gtr,2,2,high,200,gtr,1.0,True,8
ils=high|rep=02|length=200|model=gtr,2,2,high,200,gtr,0.969,False,7
ils=high|rep=02|length=200|model=gtr,2,2,high,200,gtr,0.654,False,6
ils=high|rep=02|length=200|model=gtr,2,2,high,200,gtr,1.0,True,3
ils=high|rep=02|length=200|model=gtr,2,2,high,200,gtr,0.843,True,2
ils=high|rep=02|length=200|model=gtr,2,2,high,200,gtr,0.85,False,3
ils=high|rep=02|length=200|model=gtr,2,2,high,200,gtr,0.48,False,2
ils=high|rep=02|length=200|model=gtr,2,2,high,200,gtr,0.929,True,2
ils=high|rep=02|length=200|model=gtr,2,2,high,200,gtr,0.962,True,3
ils=high|rep=02|length=200|model=gtr,2,2,high,200,gtr,0.995,True,2
ils=high|rep=02|length=200|model=gtr,2,2,high,200,gtr,0.926,False,2
ils=high|rep=02|length=200|model=gtr,2,3,high,200,gtr,0.934,True,2
ils=high|rep=02|length=200|model=gtr,2,3,high,200,gtr,0.997,False,3
ils=high|rep=02|length=200|model=gtr,2,3,high,200,gtr,0.466,False,7
ils=high|rep=02|length=200|model=gtr,2,3,high,200,gtr,0.992,False,8
ils=high|rep=02|length=200|model=gtr,2,3,high,200,gtr,0.349,False,9
ils=high|rep=02|length=200|model=gtr,2,3,high,200,gtr,0.973,False,10
ils=high|rep=02|length=200|model=gtr,2,3,high,200,gtr,0.498,False,8
ils=high|rep=02|length=200|model=gtr,2,3,high,200,gtr,0.792,False,7
ils=high|rep=02|length=200|model=gtr,2,3,high,200,gtr,0.938,False,6
ils=high|rep=02|length=200|model=gtr,2,3,high,200,gtr,0.907,False,3
ils=high|rep=02|length=200|model=gtr,2,3,high,200,gtr,1.0,True,2
ils=high|rep=02|length=200|model=gtr,2,3,high,200,gtr,1.0,True,3
ils=high|rep=02|length=200|model=gtr,2,3,high,200,gtr,0.998,True,2
ils=high|rep=02|length=200|model=gtr,2,3,high,200,gtr,1.0,True,2
ils=high|rep=02|length=200|model=gtr,2,3,high,200,gtr,1.0,True,2
ils=high|rep=02|length=200|model=gtr,2,3,high,200,gtr,0.883,False,4
ils=high|rep=02|length=200|model=gtr,2,3,high,200,gtr,0.998,False,3
ils=high|rep=02|length=200|model=gtr,2,3,high,200,gtr,0.999,True,2
ils=high|rep=02|length=200|model=gtr,2,4,high,200,gtr,0.843,False,3
ils=high|rep=02|length=200|model=gtr,2,4,high,200,gtr,0.959,False,4
ils=high|rep=02|length=200|model=gtr,2,4,high,200,gtr,0.98,False,6
ils=high|rep=02|length=200|model=gtr,2,4,high,200,gtr,0.832,False,7
ils=high|rep=02|length=200|model=gtr,2,4,high,200,gtr,0.993,False,8
ils=high|rep=02|length=200|model=gtr,2,4,high,200,gtr,0.979,False,9
ils=high|rep=02|length=200|model=gtr,2,4,high,200,gtr,1.0,True,10
ils=high|rep=02|length=200|model=gtr,2,4,high,200,gtr,1.0,True,3
ils=high|rep=02|length=200|model=gtr,2,4,high,200,gtr,1.0,True,2
ils=high|rep=02|length=200|model=gtr,2,4,high,200,gtr,0.651,True,7
ils=high|rep=02|length=200|model=gtr,2,4,high,200,gtr,0.961,False,5
ils=high|rep=02|length=200|model=gtr,2,4,high,200,gtr,0.621,True,2
ils=high|rep=02|length=200|model=gtr,2,4,high,200,gtr,0.938,False,3
ils=high|rep=02|length=200|model=gtr,2,4,high,200,gtr,0.996,True,2
ils=high|rep=02|length=200|model=gtr,2,4,high,200,gtr,0.959,True,2
ils=high|rep=02|length=200|model=gtr,2,4,high,200,gtr,0.626,False,2
ils=high|rep=02|length=200|model=gtr,2,4,high,200,gtr,0.866,False,2
ils=high|rep=02|length=200|model=gtr,2,4,high,200,gtr,0.971,True,2
ils=high|rep=02|length=200|model=gtr,2,5,high,200,gtr,0.843,False,3
ils=high|rep=02|length=200|model=gtr,2,5,high,200,gtr,0.945,True,4
ils=high|rep=02|length=200|model=gtr,2,5,high,200,gtr,0.829,False,5
ils=high|rep=02|length=200|model=gtr,2,5,high,200,gtr,0.947,True,9
ils=high|rep=02|length=200|model=gtr,2,5,high,200,gtr,0.676,True,6
ils=high|rep=02|length=200|model=gtr,2,5,high,200,gtr,1.0,True,2
ils=high|rep=02|length=200|model=gtr,2,5,high,200,gtr,0.723,False,4
ils=high|rep=02|length=200|model=gtr,2,5,high,200,gtr,1.0,True,2
ils=high|rep=02|length=200|model=gtr,2,5,high,200,gtr,0.489,True,2
ils=high|rep=02|length=200|model=gtr,2,5,high,200,gtr,0.951,True,6
ils=high|rep=02|length=200|model=gtr,2,5,high,200,gtr,0.923,False,5
ils=high|rep=02|length=200|model=gtr,2,5,high,200,gtr,0.356,False,2
ils=high|rep=02|length=200|model=gtr,2,5,high,200,gtr,0.81,False,3
ils=high|rep=02|length=200|model=gtr,2,5,high,200,gtr,0.878,True,2
ils=high|rep=02|length=200|model=gtr,2,5,high,200,gtr,0.984,False,4
ils=high|rep=02|length=200|model=gtr,2,5,high,200,gtr,0.893,True,3
ils=high|rep=02|length=200|model=gtr,2,5,high,200,gtr,0.965,True,2
ils=high|rep=02|length=200|model=gtr,2,5,high,200,gtr,0.387,False,2
ils=high|rep=02|length=200|model=gtr,2,6,high,200,gtr,0.982,False,3
ils=high|rep=02|length=200|model=gtr,2,6,high,200,gtr,0.855,False,7
ils=high|rep=02|length=200|model=gtr,2,6,high,200,gtr,0.965,False,8
ils=high|rep=02|length=200|model=gtr,2,6,high,200,gtr,0.965,False,2
ils=high|rep=02|length=200|model=gtr,2,6,high,200,gtr,0.451,False,6
ils=high|rep=02|length=200|model=gtr,2,6,high,200,gtr,0.916,True,5
ils=high|rep=02|length=200|model=gtr,2,6,high,200,gtr,0.973,False,4
ils=high|rep=02|length=200|model=gtr,2,6,high,200,gtr,0.476,False,2
ils=high|rep=02|length=200|model=gtr,2,6,high,200,gtr,0.988,False,2
ils=high|rep=02|length=200|model=gtr,2,6,high,200,gtr,0.995,False,6
ils=high|rep=02|length=200|model=gtr,2,6,high,200,gtr,0.999,False,4
ils=high|rep=02|length=200|model=gtr,2,6,high,200,gtr,0.503,False,3
ils=high|rep=02|length=200|model=gtr,2,6,high,200,gtr,0.641,True,2
ils=high|rep=02|length=200|model=gtr,2,6,high,200,gtr,0.56,False,2
ils=high|rep=02|length=200|model=gtr,2,6,high,200,gtr,0.672,False,4
ils=high|rep=02|length=200|model=gtr,2,6,high,200,gtr,1.0,True,2
ils=high|rep=02|length=200|model=gtr,2,6,high,200,gtr,0.97,True,2
ils=high|rep=02|length=200|model=gtr,2,6,high,200,gtr,0.817,False,2
ils=high|rep=02|length=200|model=gtr,2,7,high,200,gtr,0.838,False,4
ils=high|rep=02|length=200|model=gtr,2,7,high,200,gtr,0.854,False,3
ils=high|rep=02|length=200|model=gtr,2,7,high,200,gtr,0.89,False,2
ils=high|rep=02|length=200|model=gtr,2,7,high,200,gtr,0.647,False,5
ils=high|rep=02|length=200|model=gtr,2,7,high,200,gtr,1.0,True,2
ils=high|rep=02|length=200|model=gtr,2,7,high,200,gtr,1.0,True,7
ils=high|rep=02|length=200|model=gtr,2,7,high,200,gtr,0.6,False,9
ils=high|rep=02|length=200|model=gtr,2,7,high,200,gtr,0.622,False,8
ils=high|rep=02|length=200|model=gtr,2,7,high,200,gtr,0.849,False,3
ils=high|rep=02|length=200|model=gtr,2,7,high,200,gtr,0.987,False,2
ils=high|rep=02|length=200|model=gtr,2,7,high,200,gtr,0.702,False,5
ils=high|rep=02|length=200|model=gtr,2,7,high,200,gtr,1.0,True,4
ils=high|rep=02|length=200|model=gtr,2,7,high,200,gtr,0.632,False,3
ils=high|rep=02|length=200|model=gtr,2,7,high,200,gtr,0.644,True,2
ils=high|rep=02|length=200|model=gtr,2,7,high,200,gtr,0.943,False,4
ils=high|rep=02|length=200|model=gtr,2,7,high,200,gtr,0.821,False,3
ils=high|rep=02|length=200|model=gtr,2,7,high,200,gtr,0.357,False,2
ils=high|rep=02|length=200|model=gtr,2,7,high,200,gtr,0.96,True,2
ils=high|rep=02|length=200|model=hky_g4,2,1,high,200,hky_g4,0.335,False,2
ils=high|rep=02|length=200|model=hky_g4,2,1,high,200,hky_g4,0.441,True,6
ils=high|rep=02|length=200|model=hky_g4,2,1,high,200,hky_g4,0.686,True,3
ils=high|rep=02|length=200|model=hky_g4,2,1,high,200,hky_g4,0.983,True,2
ils=high|rep=02|length=200|model=hky_g4,2,1,high,200,hky_g4,0.986,True,3
ils=high|rep=02|length=200|model=hky_g4,2,1,high,200,hky_g4,0.372,True,2
ils=high|rep=02|length=200|model=hky_g4,2,1,high,200,hky_g4,0.907,False,8
ils=high|rep=02|length=200|model=hky_g4,2,1,high,200,hky_g4,1.0,True,8
ils=high|rep=02|length=200|model=hky_g4,2,1,high,200,hky_g4,0.365,False,6
ils=high|rep=02|length=200|model=hky_g4,2,1,high,200,hky_g4,0.497,False,3
ils=high|rep=02|length=200|model=hky_g4,2,1,high,200,hky_g4,0.388,True,2
ils=high|rep=02|length=200|model=hky_g4,2,1,high,200,hky_g4,0.986,True,3
ils=high|rep=02|length=200|model=hky_g4,2,1,high,200,hky_g4,0.708,True,2
ils=high|rep=02|length=200|model=hky_g4,2,1,high,200,hky_g4,0.996,True,2
ils=high|rep=02|length=200|model=hky_g4,2,1,high,200,hky_g4,0.333,False,5
ils=high|rep=02|length=200|model=hky_g4,2,1,high,200,hky_g4,0.539,True,3
ils=high|rep=02|length=200|model=hky_g4,2,1,high,200,hky_g4,0.474,False,2
ils=high|rep=02|length=200|model=hky_g4,2,1,high,200,hky_g4,0.992,True,2
ils=high|rep=02|length=200|model=hky_g4,2,2,high,200,hky_g4,0.63,False,2
ils=high|rep=02|length=200|model=hky_g4,2,2,high,200,hky_g4,0.333,False,3
ils=high|rep=02|length=200|model=hky_g4,2,2,high,200,hky_g4,0.959,False,8
ils=high|rep=02|length=200|model=hky_g4,2,2,high,200,hky_g4,0.982,True,10
ils=high|rep=02|length=200|model=hky_g4,2,2,high,200,hky_g4,0.384,True,3
ils=high|rep=02|length=200|model=hky_g4,2,2,high,200,hky_g4,1.0,True,2
ils=high|rep=02|length=200|model=hky_g4,2,2,high,200,hky_g4,0.594,True,8
ils=high|rep=02|length=200|model=hky_g4,2,2,high,200,hky_g4,1.0,True,3
ils=high|rep=02|length=200|model=hky_g4,2,2,high,200,hky_g4,0.488,True,2
ils=high|rep=02|length=200|model=hky_g4,2,2,high,200,hky_g4,0.917,True,5
ils=high|rep=02|length=200|model=hky_g4,2,2,high,200,hky_g4,0.702,False,4
ils=high|rep=02|length=200|model=hky_g4,2,2,high,200,hky_g4,0.383,False,2
ils=high|rep=02|length=200|model=hky_g4,2,2,high,200,hky_g4,0.333,False,2
ils=high|rep=02|length=200|model=hky_g4,2,2,high,200,hky_g4,0.333,False,2
ils=high|rep=02|length=200|model=hky_g4,2,2,high,200,hky_g4,0.349,False,5
ils=high|rep=02|length=200|model=hky_g4,2,2,high,200,hky_g4,0.806,True,2
ils=high|rep=02|length=200|model=hky_g4,2,2,high,200,hky_g4,0.985,True,3
ils=high|rep=02|length=200|model=hky_g4,2,2,high,200,hky_g4,1.0,True,2
ils=high|rep=02|length=200|model=hky_g4,2,3,high,200,hky_g4,0.765,True,2
ils=high|rep=02|length=200|model=hky_g4,2,3,high,200,hky_g4,0.333,False,4
ils=high|rep=02|length=200|model=hky_g4,2,3,high,200,hky_g4,0.997,True,2
ils=high|rep=02|length=200|model=hky_g4,2,3,high,200,hky_g4,0.588,False,6
ils=high|rep=02|length=200|model=hky_g4,2,3,high,200,hky_g4,1.0,True,2
ils=high|rep=02|length=200|model=hky_g4,2,3,high,200,hky_g4,0.445,False,8
ils=high|rep=02|length=200|model=hky_g4,2,3,high,200,hky_g4,1.0,True,3
ils=high|rep=02|length=200|model=hky_g4,2,3,high,200,hky_g4,0.95,True,2
ils=high|rep=02|length=200|model=hky_g4,2,3,high,200,hky_g4,0.333,False,10
ils=high|rep=02|length=200|model=hky_g4,2,3,high,200,hky_g4,0.955,True,3
ils=high|rep=02|length=200|model=hky_g4,2,3,high,200,hky_g4,1.0,True,2
ils=high|rep=02|length=200|model=hky_g4,2,3,high,200,hky_g4,0.474,False,7
ils=high|rep=02|length=200|model=hky_g4,2,3,high,200,hky_g4,0.875,True,5
ils=high|rep=02|length=200|model=hky_g4,2,3,high,200,hky_g4,0.333,False,4
ils=high|rep=02|length=200|model=hky_g4,2,3,high,200,hky_g4,1.0,True,2
ils=high|rep=02|length=200|model=hky_g4,2,3,high,200,hky_g4,0.49,False,2
ils=high|rep=02|length=200|model=hky_g4,2,3,high,200,hky_g4,0.836,False,2
ils=high|rep=02|length=200|model=hky_g4,2,3,high,200,hky_g4,0.984,True,2
ils=high|rep=02|length=200|model=hky_g4,2,4,high,200,hky_g4,0.988,True,10
ils=high|rep=02|length=200|model=hky_g4,2,4,high,200,hky_g4,0.999,True,3
ils=high|rep=02|length=200|model=hky_g4,2,4,high,200,hky_g4,0.425,True,2
ils=high|rep=02|length=200|model=hky_g4,2,4,high,200,hky_g4,0.689,True,7
ils=high|rep=02|length=200|model=hky_g4,2,4,high,200,hky_g4,0.333,False,3
ils=high|rep=02|length=200|model=hky_g4,2,4,high,200,hky_g4,0.765,True,2
ils=high|rep=02|length=200|model=hky_g4,2,4,high,200,hky_g4,0.383,True,4
ils=high|rep=02|length=200|model=hky_g4,2,4,high,200,hky_g4,0.99,True,2
ils=high|rep=02|length=200|model=hky_g4,2,4,high,200,hky_g4,0.995,True,2
ils=high|rep=02|length=200|model=hky_g4,2,4,high,200,hky_g4,0.333,True,10
ils=high|rep=02|length=200|model=hky_g4,2,4,high,200,hky_g4,0.941,True,9
ils=high|rep=02|length=200|model=hky_g4,2,4,high,200,hky_g4,0.333,False,4
ils=high|rep=02|length=200|model=hky_g4,2,4,high,200,hky_g4,0.6,True,3
ils=high|rep=02|length=200|model=hky_g4,2,4,high,200,hky_g4,0.923,True,2
ils=high|rep=02|length=200|model=hky_g4,2,4,high,200,hky_g4,0.721,False,5
ils=high|rep=02|length=200|model=hky_g4,2,4,high,200,hky_g4,0.333,True,4
ils=high|rep=02|length=200|model=hky_g4,2,4,high,200,hky_g4,0.677,False,3
ils=high|rep=02|length=200|model=hky_g4,2,4,high,200,hky_g4,1.0,True,2
ils=high|rep=02|length=200|model=hky_g4,2,5,high,200,hky_g4,0.358,False,2
ils=high|rep=02|length=200|model=hky_g4,2,5,high,200,hky_g4,0.506,False,2
ils=high|rep=02|length=200|model=hky_g4,2,5,high,200,hky_g4,0.943,True,4
ils=high|rep=02|length=200|model=hky_g4,2,5,high,200,hky_g4,0.8,True,8
ils=high|rep=02|length=200|model=hky_g4,2,5,high,200,hky_g4,1.0,True,2
ils=high|rep=02|length=200|model=hky_g4,2,5,high,200,hky_g4,0.568,False,10
ils=high|rep=02|length=200|model=hky_g4,2,5,high,200,hky_g4,0.334,False,9
ils=high|rep=02|length=200|model=hky_g4,2,5,high,200,hky_g4,0.445,False,8
ils=high|rep=02|length=200|model=hky_g4,2,5,high,200,hky_g4,1.0,True,2
ils=high|rep=02|length=200|model=hky_g4,2,5,high,200,hky_g4,0.994,True,6
ils=high|rep=02|length=200|model=hky_g4,2,5,high,200,hky_g4,0.333,False,3
ils=high|rep=02|length=200|model=hky_g4,2,5,high,200,hky_g4,0.995,True,2
ils=high|rep=02|length=200|model=hky_g4,2,5,high,200,hky_g4,0.389,False,3
ils=high|rep=02|length=200|model=hky_g4,2,5,high,200,hky_g4,0.788,False,2
ils=high|rep=02|length=200|model=hky_g4,2,5,high,200,hky_g4,0.906,True,2
ils=high|rep=02|length=200|model=hky_g4,2,5,high,200,hky_g4,1.0,False,4
ils=high|rep=02|length=200|model=hky_g4,2,5,high,200,hky_g4,0.4,False,2
ils=high|rep=02|length=200|model=hky_g4,2,5,high,200,hky_g4,0.99,True,2
ils=high|rep=02|length=200|model=hky_g4,2,6,high,200,hky_g4,0.951,False,2
ils=high|rep=02|length=200|model=hky_g4,2,6,high,200,hky_g4,0.335,False,5
ils=high|rep=02|length=200|model=hky_g4,2,6,high,200,hky_g4,0.333,False,10
ils=high|rep=02|length=200|model=hky_g4,2,6,high,200,hky_g4,0.333,False,9
ils=high|rep=02|length=200|model=hky_g4,2,6,high,200,hky_g4,0.761,False,2
ils=high|rep=02|length=200|model=hky_g4,2,6,high,200,hky_g4,0.67,False,7
ils=high|rep=02|length=200|model=hky_g4,2,6,high,200,hky_g4,1.0,True,2
ils=high|rep=02|length=200|model=hky_g4,2,6,high,200,hky_g4,0.689,True,5
ils=high|rep=02|length=200|model=hky_g4,2,6,high,200,hky_g4,0.46,False,4
ils=high|rep=02|length=200|model=hky_g4,2,6,high,200,hky_g4,0.833,False,2
ils=high|rep=02|length=200|model=hky_g4,2,6,high,200,hky_g4,0.333,False,2
ils=high|rep=02|length=200|model=hky_g4,2,6,high,200,hky_g4,0.959,False,2
ils=high|rep=02|length=200|model=hky_g4,2,6,high,200,hky_g4,0.771,False,5
ils=high|rep=02|length=200|model=hky_g4,2,6,high,200,hky_g4,0.333,True,4
ils=high|rep=02|length=200|model=hky_g4,2,6,high,200,hky_g4,0.812,True,2
ils=high|rep=02|length=200|model=hky_g4,2,6,high,200,hky_g4,0.907,True,2
ils=high|rep=02|length=200|model=hky_g4,2,6,high,200,hky_g4,0.803,False,3
ils=high|rep=02|length=200|model=hky_g4,2,6,high,200,hky_g4,1.0,True,2
ils=high|rep=02|length=200|model=hky_g4,2,7,high,200,hky_g4,0.432,False,2
ils=high|rep=02|length=200|model=hky_g4,2,7,high,200,hky_g4,0.36,False,4
ils=high|rep=02|length=200|model=hky_g4,2,7,high,200,hky_g4,0.809,False,6
ils=high|rep=02|length=200|model=hky_g4,2,7,high,200,hky_g4,0.528,True,7
ils=high|rep=02|length=200|model=hky_g4,2,7,high,200,hky_g4,0.924,False,8
ils=high|rep=02|length=200|model=hky_g4,2,7,high,200,hky_g4,0.334,False,9
ils=high|rep=02|length=200|model=hky_g4,2,7,high,200,hky_g4,0.996,True,3
ils=high|rep=02|length=200|model=hky_g4,2,7,high,200,hky_g4,0.763,True,2
ils=high|rep=02|length=200|model=hky_g4,2,7,high,200,hky_g4,0.514,False,9
ils=high|rep=02|length=200|model=hky_g4,2,7,high,200,hky_g4,0.549,False,2
ils=high|rep=02|length=200|model=hky_g4,2,7,high,200,hky_g4,0.333,False,7
ils=high|rep=02|length=200|model=hky_g4,2,7,high,200,hky_g4,0.999,True,2
ils=high|rep=02|length=200|model=hky_g4,2,7,high,200,hky_g4,0.352,False,5
ils=high|rep=02|length=200|model=hky_g4,2,7,high,200,hky_g4,1.0,True,4
ils=high|rep=02|length=200|model=hky_g4,2,7,high,200,hky_g4,0.495,False,3
ils=high|rep=02|length=200|model=hky_g4,2,7,high,200,hky_g4,0.456,True,2
ils=high|rep=02|length=200|model=hky_g4,2,7,high,200,hky_g4,1.0,True,2
ils=high|rep=02|length=200|model=hky_g4,2,7,high,200,hky_g4,0.987,True,2
ils=high|rep=02|length=200|model=hky,2,1,high,200,hky,0.987,False,2
ils=high|rep=02|length=200|model=hky,2,1,high,200,hky,0.976,True,3
ils=high|rep=02|length=200|model=hky,2,1,high,200,hky,0.585,False,5
ils=high|rep=02|length=200|model=hky,2,1,high,200,hky,0.759,False,6
ils=high|rep=02|length=200|model=hky,2,1,high,200,hky,0.837,False,7
ils=high|rep=02|length=200|model=hky,2,1,high,200,hky,0.83,True,6
ils=high|rep=02|length=200|model=hky,2,1,high,200,hky,0.999,True,3
ils=high|rep=02|length=200|model=hky,2,1,high,200,hky,0.958,True,2
ils=high|rep=02|length=200|model=hky,2,1,high,200,hky,0.635,True,3
ils=high|rep=02|length=200|model=hky,2,1,high,200,hky,0.493,True,2
ils=high|rep=02|length=200|model=hky,2,1,high,200,hky,0.996,True,8
ils=high|rep=02|length=200|model=hky,2,1,high,200,hky,0.56,True,7
ils=high|rep=02|length=200|model=hky,2,1,high,200,hky,0.483,True,5
ils=high|rep=02|length=200|model=hky,2,1,high,200,hky,0.971,True,2
ils=high|rep=02|length=200|model=hky,2,1,high,200,hky,0.94,True,3
ils=high|rep=02|length=200|model=hky,2,1,high,200,hky,0.896,True,2
ils=high|rep=02|length=200|model=hky,2,1,high,200,hky,1.0,True,2
ils=high|rep=02|length=200|model=hky,2,1,high,200,hky,0.542,True,2
ils=high|rep=02|length=200|model=hky,2,2,high,200,hky,0.991,False,2
ils=high|rep=02|length=200|model=hky,2,2,high,200,hky,0.773,False,4
ils=high|rep=02|length=200|model=hky,2,2,high,200,hky,0.655,False,5
ils=high|rep=02|length=200|model=hky,2,2,high,200,hky,0.853,False,8
ils=high|rep=02|length=200|model=hky,2,2,high,200,hky,0.838,True,10
ils=high|rep=02|length=200|model=hky,2,2,high,200,hky,0.377,True,3
ils=high|rep=02|length=200|model=hky,2,2,high,200,hky,1.0,True,2
ils=high|rep=02|length=200|model=hky,2,2,high,200,hky,1.0,True,8
ils=high|rep=02|length=200|model=hky,2,2,high,200,hky,0.922,False,7
ils=high|rep=02|length=200|model=hky,2,2,high,200,hky,0.817,False,6
ils=high|rep=02|length=200|model=hky,2,2,high,200,hky,0.71,False,5
ils=high|rep=02|length=200|model=hky,2,2,high,200,hky,0.682,False,4
ils=high|rep=02|length=200|model=hky,2,2,high,200,hky,1.0,True,3
ils=high|rep=02|length=200|model=hky,2,2,high,200,hky,0.778,True,2
ils=high|rep=02|length=200|model=hky,2,2,high,200,hky,0.894,True,2
ils=high|rep=02|length=200|model=hky,2,2,high,200,hky,0.972,True,3
ils=high|rep=02|length=200|model=hky,2,2,high,200,hky,0.998,True,2
ils=high|rep=02|length=200|model=hky,2,2,high,200,hky,0.914,False,2
ils=high|rep=02|length=200|model=hky,2,3,high,200,hky,0.912,True,2
ils=high|rep=02|length=200|model=hky,2,3,high,200,hky,0.997,False,3
ils=high|rep=02|length=200|model=hky,2,3,high,200,hky,0.534,False,7
ils=high|rep=02|length=200|model=hky,2,3,high,200,hky,0.98,False,8
ils=high|rep=02|length=200|model=hky,2,3,high,200,hky,0.983,False,10
ils=high|rep=02|length=200|model=hky,2,3,high,200,hky,0.717,False,7
ils=high|rep=02|length=200|model=hky,2,3,high,200,hky,0.942,False,6
ils=high|rep=02|length=200|model=hky,2,3,high,200,hky,0.93,False,3
ils=high|rep=02|length=200|model=hky,2,3,high,200,hky,1.0,True,2
ils=high|rep=02|length=200|model=hky,2,3,high,200,hky,1.0,True,3
ils=high|rep=02|length=200|model=hky,2,3,high,200,hky,0.998,True,2
ils=high|rep=02|length=200|model=hky,2,3,high,200,hky,0.424,True,3
ils=high|rep=02|length=200|model=hky,2,3,high,200,hky,1.0,True,2
ils=high|rep=02|length=200|model=hky,2,3,high,200,hky,0.428,False,3
ils=high|rep=02|length=200|model=hky,2,3,high,200,hky,1.0,True,2
ils=high|rep=02|length=200|model=hky,2,3,high,200,hky,0.882,False,4
ils=high|rep=02|length=200|model=hky,2,3,high,200,hky,0.999,False,3
ils=high|rep=02|length=200|model=hky,2,3,high,200,hky,0.999,True,2
ils=high|rep=02|length=200|model=hky,2,4,high,200,hky,0.9,False,3
ils=high|rep=02|length=200|model=hky,2,4,high,200,hky,0.946,False,4
ils=high|rep=02|length=200|model=hky,2,4,high,200,hky,0.945,False,6
ils=high|rep=02|length=200|model=hky,2,4,high,200,hky,0.856,False,7
ils=high|rep=02|length=200|model=hky,2,4,high,200,hky,0.997,False,8
ils=high|rep=02|length=200|model=hky,2,4,high,200,hky,0.887,False,9
ils=high|rep=02|length=200|model=hky,2,4,high,200,hky,1.0,True,10
ils=high|rep=02|length=200|model=hky,2,4,high,200,hky,1.0,True,3
ils=high|rep=02|length=200|model=hky,2,4,high,200,hky,1.0,True,2
ils=high|rep=02|length=200|model=hky,2,4,high,200,hky,0.745,True,7
ils=high|rep=02|length=200|model=hky,2,4,high,200,hky,0.906,False,5
ils=high|rep=02|length=200|model=hky,2,4,high,200,hky,0.765,True,2
ils=high|rep=02|length=200|model=hky,2,4,high,200,hky,0.923,False,3
ils=high|rep=02|length=200|model=hky,2,4,high,200,hky,0.999,True,2
ils=high|rep=02|length=200|model=hky,2,4,high,200,hky,0.994,True,2
ils=high|rep=02|length=200|model=hky,2,4,high,200,hky,0.734,False,2
ils=high|rep=02|length=200|model=hky,2,4,high,200,hky,0.864,False,2
ils=high|rep=02|length=200|model=hky,2,4,high,200,hky,0.97,True,2
ils=high|rep=02|length=200|model=hky,2,5,high,200,hky,0.823,False,3
ils=high|rep=02|length=200|model=hky,2,5,high,200,hky,0.927,True,4
ils=high|rep=02|length=200|model=hky,2,5,high,200,hky,0.681,False,5
ils=high|rep=02|length=200|model=hky,2,5,high,200,hky,0.876,True,9
ils=high|rep=02|length=200|model=hky,2,5,high,200,hky,1.0,True,2
ils=high|rep=02|length=200|model=hky,2,5,high,200,hky,0.855,False,10
ils=high|rep=02|length=200|model=hky,2,5,high,200,hky,0.805,False,4
ils=high|rep=02|length=200|model=hky,2,5,high,200,hky,1.0,True,2
ils=high|rep=02|length=200|model=hky,2,5,high,200,hky,0.596,True,2
ils=high|rep=02|length=200|model=hky,2,5,high,200,hky,0.985,True,6
ils=high|rep=02|length=200|model=hky,2,5,high,200,hky,0.527,False,3
ils=high|rep=02|length=200|model=hky,2,5,high,200,hky,0.999,True,2
ils=high|rep=02|length=200|model=hky,2,5,high,200,hky,0.477,False,3
ils=high|rep=02|length=200|model=hky,2,5,high,200,hky,0.836,False,2
ils=high|rep=02|length=200|model=hky,2,5,high,200,hky,0.982,False,4
ils=high|rep=02|length=200|model=hky,2,5,high,200,hky,0.806,True,3
ils=high|rep=02|length=200|model=hky,2,5,high,200,hky,0.916,True,2
ils=high|rep=02|length=200|model=hky,2,5,high,200,hky,0.432,False,2
ils=high|rep=02|length=200|model=hky,2,6,high,200,hky,0.98,False,2
ils=high|rep=02|length=200|model=hky,2,6,high,200,hky,0.443,False,3
ils=high|rep=02|length=200|model=hky,2,6,high,200,hky,0.767,False,6
ils=high|rep=02|length=200|model=hky,2,6,high,200,hky,0.412,False,9
ils=high|rep=02|length=200|model=hky,2,6,high,200,hky,0.952,False,10
ils=high|rep=02|length=200|model=hky,2,6,high,200,hky,0.952,False,8
ils=high|rep=02|length=200|model=hky,2,6,high,200,hky,0.917,False,3
ils=high|rep=02|length=200|model=hky,2,6,high,200,hky,0.578,False,2
ils=high|rep=02|length=200|model=hky,2,6,high,200,hky,1.0,True,5
ils=high|rep=02|length=200|model=hky,2,6,high,200,hky,0.755,False,3
ils=high|rep=02|length=200|model=hky,2,6,high,200,hky,0.882,False,2
ils=high|rep=02|length=200|model=hky,2,6,high,200,hky,0.716,False,2
ils=high|rep=02|length=200|model=hky,2,6,high,200,hky,0.999,True,2
ils=high|rep=02|length=200|model=hky,2,6,high,200,hky,0.999,True,2
ils=high|rep=02|length=200|model=hky,2,6,high,200,hky,0.999,False,3
ils=high|rep=02|length=200|model=hky,2,6,high,200,hky,0.998,True,2
ils=high|rep=02|length=200|model=hky,2,6,high,200,hky,0.969,False,3
ils=high|rep=02|length=200|model=hky,2,6,high,200,hky,0.996,True,2
ils=high|rep=02|length=200|model=hky,2,7,high,200,hky,0.962,False,2
ils=high|rep=02|length=200|model=hky,2,7,high,200,hky,0.813,False,3
ils=high|rep=02|length=200|model=hky,2,7,high,200,hky,0.727,False,4
ils=high|rep=02|length=200|model=hky,2,7,high,200,hky,0.804,False,5
ils=high|rep=02|length=200|model=hky,2,7,high,200,hky,0.847,False,6
ils=high|rep=02|length=200|model=hky,2,7,high,200,hky,0.636,False,10
ils=high|rep=02|length=200|model=hky,2,7,high,200,hky,0.388,False,8
ils=high|rep=02|length=200|model=hky,2,7,high,200,hky,1.0,True,6
ils=high|rep=02|length=200|model=hky,2,7,high,200,hky,0.951,False,4
ils=high|rep=02|length=200|model=hky,2,7,high,200,hky,0.903,False,3
ils=high|rep=02|length=200|model=hky,2,7,high,200,hky,0.938,False,2
ils=high|rep=02|length=200|model=hky,2,7,high,200,hky,1.0,True,2
ils=high|rep=02|length=200|model=hky,2,7,high,200,hky,0.996,False,2
ils=high|rep=02|length=200|model=hky,2,7,high,200,hky,0.988,True,2
ils=high|rep=02|length=200|model=hky,2,7,high,200,hky,0.784,False,5
ils=high|rep=02|length=200|model=hky,2,7,high,200,hky,1.0,True,4
ils=high|rep=02|length=200|model=hky,2,7,high,200,hky,0.819,False,3
ils=high|rep=02|length=200|model=hky,2,7,high,200,hky,0.656,True,2
ils=high|rep=02|length=200|model=jc,2,1,high,200,jc,0.989,False,2
ils=high|rep=02|length=200|model=jc,2,1,high,200,jc,0.997,True,3
ils=high|rep=02|length=200|model=jc,2,1,high,200,jc,0.829,False,7
ils=high|rep=02|length=200|model=jc,2,1,high,200,jc,0.674,True,6
ils=high|rep=02|length=200|model=jc,2,1,high,200,jc,0.999,True,3
ils=high|rep=02|length=200|model=jc,2,1,high,200,jc,0.963,True,2
ils=high|rep=02|length=200|model=jc,2,1,high,200,jc,0.644,True,3
ils=high|rep=02|length=200|model=jc,2,1,high,200,jc,0.66,True,2
ils=high|rep=02|length=200|model=jc,2,1,high,200,jc,0.618,False,10
ils=high|rep=02|length=200|model=jc,2,1,high,200,jc,0.999,True,8
ils=high|rep=02|length=200|model=jc,2,1,high,200,jc,0.625,True,7
ils=high|rep=02|length=200|model=jc,2,1,high,200,jc,0.651,True,5
ils=high|rep=02|length=200|model=jc,2,1,high,200,jc,0.973,True,2
ils=high|rep=02|length=200|model=jc,2,1,high,200,jc,0.889,True,3
ils=high|rep=02|length=200|model=jc,2,1,high,200,jc,0.894,True,2
ils=high|rep=02|length=200|model=jc,2,1,high,200,jc,1.0,True,2
ils=high|rep=02|length=200|model=jc,2,1,high,200,jc,0.676,False,3
ils=high|rep=02|length=200|model=jc,2,1,high,200,jc,0.786,True,2
ils=high|rep=02|length=200|model=jc,2,2,high,200,jc,0.995,False,2
ils=high|rep=02|length=200|model=jc,2,2,high,200,jc,0.472,False,4
ils=high|rep=02|length=200|model=jc,2,2,high,200,jc,0.827,False,5
ils=high|rep=02|length=200|model=jc,2,2,high,200,jc,0.906,False,8
ils=high|rep=02|length=200|model=jc,2,2,high,200,jc,0.6,False,5
ils=high|rep=02|length=200|model=jc,2,2,high,200,jc,0.561,False,4
ils=high|rep=02|length=200|model=jc,2,2,high,200,jc,1.0,True,2
ils=high|rep=02|length=200|model=jc,2,2,high,200,jc,0.905,True,2
ils=high|rep=02|length=200|model=jc,2,2,high,200,jc,1.0,True,8
ils=high|rep=02|length=200|model=jc,2,2,high,200,jc,0.918,False,7
ils=high|rep=02|length=200|model=jc,2,2,high,200,jc,0.911,False,6
ils=high|rep=02|length=200|model=jc,2,2,high,200,jc,0.555,False,5
ils=high|rep=02|length=200|model=jc,2,2,high,200,jc,0.593,False,4
ils=high|rep=02|length=200|model=jc,2,2,high,200,jc,1.0,True,3
ils=high|rep=02|length=200|model=jc,2,2,high,200,jc,0.811,True,2
ils=high|rep=02|length=200|model=jc,2,2,high,200,jc,0.962,True,3
ils=high|rep=02|length=200|model=jc,2,2,high,200,jc,0.998,True,2
ils=high|rep=02|length=200|model=jc,2,2,high,200,jc,0.938,False,2
ils=high|rep=02|length=200|model=jc,2,3,high,200,jc,0.991,False,2
ils=high|rep=02|length=200|model=jc,2,3,high,200,jc,0.995,False,3
ils=high|rep=02|length=200|model=jc,2,3,high,200,jc,0.999,False,4
ils=high|rep=02|length=200|model=jc,2,3,high,200,jc,1.0,True,2
ils=high|rep=02|length=200|model=jc,2,3,high,200,jc,0.918,False,6
ils=high|rep=02|length=200|model=jc,2,3,high,200,jc,0.641,False,7
ils=high|rep=02|length=200|model=jc,2,3,high,200,jc,0.983,False,10
ils=high|rep=02|length=200|model=jc,2,3,high,200,jc,0.945,False,9
ils=high|rep=02|length=200|model=jc,2,3,high,200,jc,0.87,False,3
ils=high|rep=02|length=200|model=jc,2,3,high,200,jc,1.0,True,2
ils=high|rep=02|length=200|model=jc,2,3,high,200,jc,0.673,False,6
ils=high|rep=02|length=200|model=jc,2,3,high,200,jc,0.97,False,5
ils=high|rep=02|length=200|model=jc,2,3,high,200,jc,1.0,False,3
ils=high|rep=02|length=200|model=jc,2,3,high,200,jc,1.0,True,2
ils=high|rep=02|length=200|model=jc,2,3,high,200,jc,0.935,False,2
ils=high|rep=02|length=200|model=jc,2,3,high,200,jc,0.923,False,2
ils=high|rep=02|length=200|model=jc,2,3,high,200,jc,0.798,True,3
ils=high|rep=02|length=200|model=jc,2,3,high,200,jc,1.0,True,2
ils=high|rep=02|length=200|model=jc,2,4,high,200,jc,0.919,False,3
ils=high|rep=02|length=200|model=jc,2,4,high,200,jc,0.964,False,4
ils=high|rep=02|length=200|model=jc,2,4,high,200,jc,0.926,False,6
ils=high|rep=02|length=200|model=jc,2,4,high,200,jc,0.886,False,7
ils=high|rep=02|length=200|model=jc,2,4,high,200,jc,0.998,False,8
ils=high|rep=02|length=200|model=jc,2,4,high,200,jc,0.833,False,9
ils=high|rep=02|length=200|model=jc,2,4,high,200,jc,1.0,True,10
ils=high|rep=02|length=200|model=jc,2,4,high,200,jc,1.0,True,3
ils=high|rep=02|length=200|model=jc,2,4,high,200,jc,1.0,True,2
ils=high|rep=02|length=200|model=jc,2,4,high,200,jc,0.706,True,7
ils=high|rep=02|length=200|model=jc,2,4,high,200,jc,0.94,False,5
ils=high|rep=02|length=200|model=jc,2,4,high,200,jc,0.735,True,2
ils=high|rep=02|length=200|model=jc,2,4,high,200,jc,0.895,False,3
ils=high|rep=02|length=200|model=jc,2,4,high,200,jc,0.999,True,2
ils=high|rep=02|length=200|model=jc,2,4,high,200,jc,0.999,True,2
ils=high|rep=02|length=200|model=jc,2,4,high,200,jc,0.851,False,2
ils=high|rep=02|length=200|model=jc,2,4,high,200,jc,0.937,False,2
ils=high|rep=02|length=200|model=jc,2,4,high,200,jc,0.971,True,2
ils=high|rep=02|length=200|model=jc,2,5,high,200,jc,0.829,False,3
ils=high|rep=02|length=200|model=jc,2,5,high,200,jc,0.942,True,4
ils=high|rep=02|length=200|model=jc,2,5,high,200,jc,0.659,False,5
ils=high|rep=02|length=200|model=jc,2,5,high,200,jc,0.915,True,9
ils=high|rep=02|length=200|model=jc,2,5,high,200,jc,1.0,True,2
ils=high|rep=02|length=200|model=jc,2,5,high,200,jc,0.883,False,10
ils=high|rep=02|length=200|model=jc,2,5,high,200,jc,0.695,False,4
ils=high|rep=02|length=200|model=jc,2,5,high,200,jc,1.0,True,2
ils=high|rep=02|length=200|model=jc,2,5,high,200,jc,0.677,True,2
ils=high|rep=02|length=200|model=jc,2,5,high,200,jc,0.998,True,6
ils=high|rep=02|length=200|model=jc,2,5,high,200,jc,0.549,False,3
ils=high|rep=02|length=200|model=jc,2,5,high,200,jc,0.999,True,2
ils=high|rep=02|length=200|model=jc,2,5,high,200,jc,0.52,False,3
ils=high|rep=02|length=200|model=jc,2,5,high,200,jc,0.824,False,2
ils=high|rep=02|length=200|model=jc,2,5,high,200,jc,0.984,False,4
ils=high|rep=02|length=200|model=jc,2,5,high,200,jc,0.602,True,3
ils=high|rep=02|length=200|model=jc,2,5,high,200,jc,0.948,True,2
ils=high|rep=02|length=200|model=jc,2,5,high,200,jc,0.543,False,2
ils=high|rep=02|length=200|model=jc,2,6,high,200,jc,0.987,False,3
ils=high|rep=02|length=200|model=jc,2,6,high,200,jc,0.873,False,7
ils=high|rep=02|length=200|model=jc,2,6,high,200,jc,0.909,False,8
ils=high|rep=02|length=200|model=jc,2,6,high,200,jc,0.913,False,2
ils=high|rep=02|length=200|model=jc,2,6,high,200,jc,0.352,False,6
ils=high|rep=02|length=200|model=jc,2,6,high,200,jc,0.942,True,5
ils=high|rep=02|length=200|model=jc,2,6,high,200,jc,0.539,False,2
ils=high|rep=02|length=200|model=jc,2,6,high,200,jc,0.788,True,3
ils=high|rep=02|length=200|model=jc,2,6,high,200,jc,0.951,False,2
ils=high|rep=02|length=200|model=jc,2,6,high,200,jc,1.0,False,6
ils=high|rep=02|length=200|model=jc,2,6,high,200,jc,0.578,False,5
ils=high|rep=02|length=200|model=jc,2,6,high,200,jc,0.986,False,4
ils=high|rep=02|length=200|model=jc,2,6,high,200,jc,0.743,False,3
ils=high|rep=02|length=200|model=jc,2,6,high,200,jc,0.639,True,2
ils=high|rep=02|length=200|model=jc,2,6,high,200,jc,0.82,False,4
ils=high|rep=02|length=200|model=jc,2,6,high,200,jc,1.0,True,2
ils=high|rep=02|length=200|model=jc,2,6,high,200,jc,0.982,True,2
ils=high|rep=02|length=200|model=jc,2,6,high,200,jc,0.852,False,2
ils=high|rep=02|length=200|model=jc,2,7,high,200,jc,0.997,False,2
ils=high|rep=02|length=200|model=jc,2,7,high,200,jc,0.548,False,3
ils=high|rep=02|length=200|model=jc,2,7,high,200,jc,0.966,False,4
ils=high|rep=02|length=200|model=jc,2,7,high,200,jc,1.0,True,6
ils=high|rep=02|length=200|model=jc,2,7,high,200,jc,0.986,False,4
ils=high|rep=02|length=200|model=jc,2,7,high,200,jc,0.871,False,3
ils=high|rep=02|length=200|model=jc,2,7,high,200,jc,0.943,False,2
ils=high|rep=02|length=200|model=jc,2,7,high,200,jc,1.0,True,2
ils=high|rep=02|length=200|model=jc,2,7,high,200,jc,0.451,False,10
ils=high|rep=02|length=200|model=jc,2,7,high,200,jc,0.458,False,9
ils=high|rep=02|length=200|model=jc,2,7,high,200,jc,0.845,False,4
ils=high|rep=02|length=200|model=jc,2,7,high,200,jc,0.908,False,3
ils=high|rep=02|length=200|model=jc,2,7,high,200,jc,0.359,False,2
ils=high|rep=02|length=200|model=jc,2,7,high,200,jc,0.835,False,5
ils=high|rep=02|length=200|model=jc,2,7,high,200,jc,1.0,True,4
ils=high|rep=02|length=200|model=jc,2,7,high,200,jc,0.894,False,3
ils=high|rep=02|length=200|model=jc,2,7,high,200,jc,0.603,True,2
ils=high|rep=02|length=200|model=jc,2,7,high,200,jc,0.991,True,2
ils=high|rep=02|length=800|model=gtr_g4,2,1,high,800,gtr_g4,0.79,True,3
ils=high|rep=02|length=800|model=gtr_g4,2,1,high,800,gtr_g4,0.828,True,6
ils=high|rep=02|length=800|model=gtr_g4,2,1,high,800,gtr_g4,0.333,True,3
ils=high|rep=02|length=800|model=gtr_g4,2,1,high,800,gtr_g4,1.0,True,2
ils=high|rep=02|length=800|model=gtr_g4,2,1,high,800,gtr_g4,1.0,True,3
ils=high|rep=02|length=800|model=gtr_g4,2,1,high,800,gtr_g4,0.333,True,2
ils=high|rep=02|length=800|model=gtr_g4,2,1,high,800,gtr_g4,1.0,True,9
ils=high|rep=02|length=800|model=gtr_g4,2,1,high,800,gtr_g4,0.737,True,9
ils=high|rep=02|length=800|model=gtr_g4,2,1,high,800,gtr_g4,0.93,True,8
ils=high|rep=02|length=800|model=gtr_g4,2,1,high,800,gtr_g4,1.0,True,7
ils=high|rep=02|length=800|model=gtr_g4,2,1,high,800,gtr_g4,0.365,False,4
ils=high|rep=02|length=800|model=gtr_g4,2,1,high,800,gtr_g4,0.998,True,2
ils=high|rep=02|length=800|model=gtr_g4,2,1,high,800,gtr_g4,1.0,True,2
ils=high|rep=02|length=800|model=gtr_g4,2,1,high,800,gtr_g4,0.903,True,3
ils=high|rep=02|length=800|model=gtr_g4,2,1,high,800,gtr_g4,0.703,False,2
ils=high|rep=02|length=800|model=gtr_g4,2,1,high,800,gtr_g4,1.0,True,3
ils=high|rep=02|length=800|model=gtr_g4,2,1,high,800,gtr_g4,0.684,True,2
ils=high|rep=02|length=800|model=gtr_g4,2,1,high,800,gtr_g4,1.0,True,2
ils=high|rep=02|length=800|model=gtr_g4,2,2,high,800,gtr_g4,0.997,True,2
ils=high|rep=02|length=800|model=gtr_g4,2,2,high,800,gtr_g4,0.333,False,7
ils=high|rep=02|length=800|model=gtr_g4,2,2,high,800,gtr_g4,1.0,True,9
ils=high|rep=02|length=800|model=gtr_g4,2,2,high,800,gtr_g4,0.931,True,10
ils=high|rep=02|length=800|model=gtr_g4,2,2,high,800,gtr_g4,0.954,True,3
ils=high|rep=02|length=800|model=gtr_g4,2,2,high,800,gtr_g4,1.0,True,2
ils=high|rep=02|length=800|model=gtr_g4,2,2,high,800,gtr_g4,0.775,True,8
ils=high|rep=02|length=800|model=gtr_g4,2,2,high,800,gtr_g4,1.0,True,3
ils=high|rep=02|length=800|model=gtr_g4,2,2,high,800,gtr_g4,0.916,True,2
ils=high|rep=02|length=800|model=gtr_g4,2,2,high,800,gtr_g4,1.0,True,5
ils=high|rep=02|length=800|model=gtr_g4,2,2,high,800,gtr_g4,0.334,False,2
ils=high|rep=02|length=800|model=gtr_g4,2,2,high,800,gtr_g4,0.904,True,3
ils=high|rep=02|length=800|model=gtr_g4,2,2,high,800,gtr_g4,0.806,True,2
ils=high|rep=02|length=800|model=gtr_g4,2,2,high,800,gtr_g4,1.0,True,2
ils=high|rep=02|length=800|model=gtr_g4,2,2,high,800,gtr_g4,0.333,False,5
ils=high|rep=02|length=800|model=gtr_g4,2,2,high,800,gtr_g4,0.588,True,2
ils=high|rep=02|length=800|model=gtr_g4,2,2,high,800,gtr_g4,0.998,True,3
ils=high|rep=02|length=800|model=gtr_g4,2,2,high,800,gtr_g4,1.0,True,2
ils=high|rep=02|length=800|model=gtr_g4,2,3,high,800,gtr_g4,0.539,True,4
ils=high|rep=02|length=800|model=gtr_g4,2,3,high,800,gtr_g4,1.0,True,2
ils=high|rep=02|length=800|model=gtr_g4,2,3,high,800,gtr_g4,1.0,True,2
ils=high|rep=02|length=800|model=gtr_g4,2,3,high,800,gtr_g4,0.577,False,5
ils=high|rep=02|length=800|model=gtr_g4,2,3,high,800,gtr_g4,0.754,False,5
ils=high|rep=02|length=800|model=gtr_g4,2,3,high,800,gtr_g4,1.0,True,3
ils=high|rep=02|length=800|model=gtr_g4,2,3,high,800,gtr_g4,0.999,True,2
ils=high|rep=02|length=800|model=gtr_g4,2,3,high,800,gtr_g4,0.817,False,2
ils=high|rep=02|length=800|model=gtr_g4,2,3,high,800,gtr_g4,0.976,True,10
ils=high|rep=02|length=800|model=gtr_g4,2,3,high,800,gtr_g4,0.897,True,9
ils=high|rep=02|length=800|model=gtr_g4,2,3,high,800,gtr_g4,0.998,True,3
ils=high|rep=02|length=800|model=gtr_g4,2,3,high,800,gtr_g4,0.992,True,2
ils=high|rep=02|length=800|model=gtr_g4,2,3,high,800,gtr_g4,1.0,True,6
ils=high|rep=02|length=800|model=gtr_g4,2,3,high,800,gtr_g4,0.333,True,5
ils=high|rep=02|length=800|model=gtr_g4,2,3,high,800,gtr_g4,1.0,True,3
ils=high|rep=02|length=800|model=gtr_g4,2,3,high,800,gtr_g4,1.0,True,2
ils=high|rep=02|length=800|model=gtr_g4,2,3,high,800,gtr_g4,1.0,True,2
ils=high|rep=02|length=800|model=gtr_g4,2,3,high,800,gtr_g4,1.0,True,2
ils=high|rep=02|length=800|model=gtr_g4,2,4,high,800,gtr_g4,0.751,True,10
ils=high|rep=02|length=800|model=gtr_g4,2,4,high,800,gtr_g4,1.0,True,3
ils=high|rep=02|length=800|model=gtr_g4,2,4,high,800,gtr_g4,0.994,True,2
ils=high|rep=02|length=800|model=gtr_g4,2,4,high,800,gtr_g4,0.334,True,7
ils=high|rep=02|length=800|model=gtr_g4,2,4,high,800,gtr_g4,0.998,True,2
ils=high|rep=02|length=800|model=gtr_g4,2,4,high,800,gtr_g4,0.754,True,5
ils=high|rep=02|length=800|model=gtr_g4,2,4,high,800,gtr_g4,0.964,True,4
ils=high|rep=02|length=800|model=gtr_g4,2,4,high,800,gtr_g4,0.993,True,2
ils=high|rep=02|length=800|model=gtr_g4,2,4,high,800,gtr_g4,1.0,True,2
ils=high|rep=02|length=800|model=gtr_g4,2,4,high,800,gtr_g4,1.0,True,10
ils=high|rep=02|length=800|model=gtr_g4,2,4,high,800,gtr_g4,1.0,True,6
ils=high|rep=02|length=800|model=gtr_g4,2,4,high,800,gtr_g4,0.756,True,5
ils=high|rep=02|length=800|model=gtr_g4,2,4,high,800,gtr_g4,0.335,False,4
ils=high|rep=02|length=800|model=gtr_g4,2,4,high,800,gtr_g4,0.793,True,3
ils=high|rep=02|length=800|model=gtr_g4,2,4,high,800,gtr_g4,1.0,True,2
ils=high|rep=02|length=800|model=gtr_g4,2,4,high,800,gtr_g4,0.559,False,4
ils=high|rep=02|length=800|model=gtr_g4,2,4,high,800,gtr_g4,1.0,True,3
ils=high|rep=02|length=800|model=gtr_g4,2,4,high,800,gtr_g4,0.981,True,2
ils=high|rep=02|length=800|model=gtr_g4,2,5,high,800,gtr_g4,0.586,False,2
ils=high|rep=02|length=800|model=gtr_g4,2,5,high,800,gtr_g4,0.333,True,3
ils=high|rep=02|length=800|model=gtr_g4,2,5,high,800,gtr_g4,0.48,False,4
ils=high|rep=02|length=800|model=gtr_g4,2,5,high,800,gtr_g4,1.0,True,5
ils=high|rep=02|length=800|model=gtr_g4,2,5,high,800,gtr_g4,0.92,True,8
ils=high|rep=02|length=800|model=gtr_g4,2,5,high,800,gtr_g4,0.432,True,9
ils=high|rep=02|length=800|model=gtr_g4,2,5,high,800,gtr_g4,0.41,False,10
ils=high|rep=02|length=800|model=gtr_g4,2,5,high,800,gtr_g4,0.96,True,4
ils=high|rep=02|length=800|model=gtr_g4,2,5,high,800,gtr_g4,1.0,True,2
ils=high|rep=02|length=800|model=gtr_g4,2,5,high,800,gtr_g4,1.0,True,2
ils=high|rep=02|length=800|model=gtr_g4,2,5,high,800,gtr_g4,1.0,True,6
ils=high|rep=02|length=800|model=gtr_g4,2,5,high,800,gtr_g4,0.901,True,5
ils=high|rep=02|length=800|model=gtr_g4,2,5,high,800,gtr_g4,0.927,False,2
ils=high|rep=02|length=800|model=gtr_g4,2,5,high,800,gtr_g4,0.996,True,3
ils=high|rep=02|length=800|model=gtr_g4,2,5,high,800,gtr_g4,1.0,True,2
ils=high|rep=02|length=800|model=gtr_g4,2,5,high,800,gtr_g4,1.0,True,2
ils=high|rep=02|length=800|model=gtr_g4,2,5,high,800,gtr_g4,1.0,True,3
ils=high|rep=02|length=800|model=gtr_g4,2,5,high,800,gtr_g4,1.0,True,2
ils=high|rep=02|length=800|model=gtr_g4,2,6,high,800,gtr_g4,0.42,False,5
ils=high|rep=02|length=800|model=gtr_g4,2,6,high,800,gtr_g4,0.788,True,3
ils=high|rep=02|length=800|model=gtr_g4,2,6,high,800,gtr_g4,1.0,True,2
ils=high|rep=02|length=800|model=gtr_g4,2,6,high,800,gtr_g4,0.863,False,2
ils=high|rep=02|length=800|model=gtr_g4,2,6,high,800,gtr_g4,0.378,False,6
ils=high|rep=02|length=800|model=gtr_g4,2,6,high,800,gtr_g4,0.98,True,7
ils=high|rep=02|length=800|model=gtr_g4,2,6,high,800,gtr_g4,0.521,False,3
ils=high|rep=02|length=800|model=gtr_g4,2,6,high,800,gtr_g4,0.333,False,2
ils=high|rep=02|length=800|model=gtr_g4,2,6,high,800,gtr_g4,0.438,True,4
ils=high|rep=02|length=800|model=gtr_g4,2,6,high,800,gtr_g4,1.0,True,2
ils=high|rep=02|length=800|model=gtr_g4,2,6,high,800,gtr_g4,0.999,True,2
ils=high|rep=02|length=800|model=gtr_g4,2,6,high,800,gtr_g4,0.719,True,8
ils=high|rep=02|length=800|model=gtr_g4,2,6,high,800,gtr_g4,0.888,True,7
ils=high|rep=02|length=800|model=gtr_g4,2,6,high,800,gtr_g4,1.0,True,2
ils=high|rep=02|length=800|model=gtr_g4,2,6,high,800,gtr_g4,0.973,True,5
ils=high|rep=02|length=800|model=gtr_g4,2,6,high,800,gtr_g4,0.977,True,4
ils=high|rep=02|length=800|model=gtr_g4,2,6,high,800,gtr_g4,1.0,True,3
ils=high|rep=02|length=800|model=gtr_g4,2,6,high,800,gtr_g4,0.601,True,2
ils=high|rep=02|length=800|model=gtr_g4,2,7,high,800,gtr_g4,0.788,False,2
ils=high|rep=02|length=800|model=gtr_g4,2,7,high,800,gtr_g4,0.988,False,3
ils=high|rep=02|length=800|model=gtr_g4,2,7,high,800,gtr_g4,0.716,False,6
ils=high|rep=02|length=800|model=gtr_g4,2,7,high,800,gtr_g4,0.366,False,7
ils=high|rep=02|length=800|model=gtr_g4,2,7,high,800,gtr_g4,0.333,False,8
ils=high|rep=02|length=800|model=gtr_g4,2,7,high,800,gtr_g4,1.0,True,6
ils=high|rep=02|length=800|model=gtr_g4,2,7,high,800,gtr_g4,0.333,True,5
ils=high|rep=02|length=800|model=gtr_g4,2,7,high,800,gtr_g4,0.766,True,4
ils=high|rep=02|length=800|model=gtr_g4,2,7,high,800,gtr_g4,1.0,True,2
ils=high|rep=02|length=800|model=gtr_g4,2,7,high,800,gtr_g4,1.0,True,2
ils=high|rep=02|length=800|model=gtr_g4,2,7,high,800,gtr_g4,1.0,True,2
ils=high|rep=02|length=800|model=gtr_g4,2,7,high,800,gtr_g4,0.969,True,6
ils=high|rep=02|length=800|model=gtr_g4,2,7,high,800,gtr_g4,1.0,True,4
ils=high|rep=02|length=800|model=gtr_g4,2,7,high,800,gtr_g4,0.722,True,2
ils=high|rep=02|length=800|model=gtr_g4,2,7,high,800,gtr_g4,0.857,True,2
ils=high|rep=02|length=800|model=gtr_g4,2,7,high,800,gtr_g4,0.915,True,2
ils=high|rep=02|length=800|model=gtr_g4,2,7,high,800,gtr_g4,1.0,True,3
ils=high|rep=02|length=800|model=gtr_g4,2,7,high,800,gtr_g4,0.593,True,2
ils=high|rep=02|length=800|model=gtr,2,1,high,800,gtr,0.729,True,3
ils=high|rep=02|length=800|model=gtr,2,1,high,800,gtr,0.996,False,6
ils=high|rep=02|length=800|model=gtr,2,1,high,800,gtr,0.972,True,3
ils=high|rep=02|length=800|model=gtr,2,1,high,800,gtr,0.984,True,2
ils=high|rep=02|length=800|model=gtr,2,1,high,800,gtr,1.0,True,9
ils=high|rep=02|length=800|model=gtr,2,1,high,800,gtr,1.0,True,9
ils=high|rep=02|length=800|model=gtr,2,1,high,800,gtr,1.0,True,8
ils=high|rep=02|length=800|model=gtr,2,1,high,800,gtr,1.0,True,7
ils=high|rep=02|length=800|model=gtr,2,1,high,800,gtr,0.851,False,4
ils=high|rep=02|length=800|model=gtr,2,1,high,800,gtr,0.99,True,2
ils=high|rep=02|length=800|model=gtr,2,1,high,800,gtr,1.0,True,2
ils=high|rep=02|length=800|model=gtr,2,1,high,800,gtr,0.79,True,3
ils=high|rep=02|length=800|model=gtr,2,1,high,800,gtr,0.996,False,2
ils=high|rep=02|length=800|model=gtr,2,1,high,800,gtr,1.0,True,3
ils=high|rep=02|length=800|model=gtr,2,1,high,800,gtr,0.579,True,2
ils=high|rep=02|length=800|model=gtr,2,1,high,800,gtr,1.0,True,3
ils=high|rep=02|length=800|model=gtr,2,1,high,800,gtr,0.81,False,2
ils=high|rep=02|length=800|model=gtr,2,1,high,800,gtr,1.0,True,2
ils=high|rep=02|length=800|model=gtr,2,2,high,800,gtr,0.506,False,2
ils=high|rep=02|length=800|model=gtr,2,2,high,800,gtr,1.0,False,3
ils=high|rep=02|length=800|model=gtr,2,2,high,800,gtr,0.612,False,5
ils=high|rep=02|length=800|model=gtr,2,2,high,800,gtr,0.985,False,9
ils=high|rep=02|length=800|model=gtr,2,2,high,800,gtr,1.0,True,10
ils=high|rep=02|length=800|model=gtr,2,2,high,800,gtr,0.657,True,3
ils=high|rep=02|length=800|model=gtr,2,2,high,800,gtr,1.0,True,2
ils=high|rep=02|length=800|model=gtr,2,2,high,800,gtr,0.879,True,8
ils=high|rep=02|length=800|model=gtr,2,2,high,800,gtr,1.0,True,3
ils=high|rep=02|length=800|model=gtr,2,2,high,800,gtr,0.96,True,2
ils=high|rep=02|length=800|model=gtr,2,2,high,800,gtr,1.0,True,5
ils=high|rep=02|length=800|model=gtr,2,2,high,800,gtr,0.995,False,4
ils=high|rep=02|length=800|model=gtr,2,2,high,800,gtr,0.553,True,3
ils=high|rep=02|length=800|model=gtr,2,2,high,800,gtr,0.99,True,2
ils=high|rep=02|length=800|model=gtr,2,2,high,800,gtr,0.999,False,4
ils=high|rep=02|length=800|model=gtr,2,2,high,800,gtr,0.984,True,3
ils=high|rep=02|length=800|model=gtr,2,2,high,800,gtr,1.0,True,2
ils=high|rep=02|length=800|model=gtr,2,2,high,800,gtr,1.0,True,2
ils=high|rep=02|length=800|model=gtr,2,3,high,800,gtr,1.0,True,2
ils=high|rep=02|length=800|model=gtr,2,3,high,800,gtr,1.0,False,3
ils=high|rep=02|length=800|model=gtr,2,3,high,800,gtr,0.998,True,4
ils=high|rep=02|length=800|model=gtr,2,3,high,800,gtr,1.0,True,2
ils=high|rep=02|length=800|model=gtr,2,3,high,800,gtr,1.0,True,2
ils=high|rep=02|length=800|model=gtr,2,3,high,800,gtr,0.966,True,7
ils=high|rep=02|length=800|model=gtr,2,3,high,800,gtr,1.0,True,3
ils=high|rep=02|length=800|model=gtr,2,3,high,800,gtr,1.0,True,2
ils=high|rep=02|length=800|model=gtr,2,3,high,800,gtr,0.598,True,10
ils=high|rep=02|length=800|model=gtr,2,3,high,800,gtr,0.941,True,9
ils=high|rep=02|length=800|model=gtr,2,3,high,800,gtr,1.0,True,3
ils=high|rep=02|length=800|model=gtr,2,3,high,800,gtr,0.949,True,2
ils=high|rep=02|length=800|model=gtr,2,3,high,800,gtr,1.0,True,6
ils=high|rep=02|length=800|model=gtr,2,3,high,800,gtr,0.964,True,5
ils=high|rep=02|length=800|model=gtr,2,3,high,800,gtr,1.0,True,3
ils=high|rep=02|length=800|model=gtr,2,3,high,800,gtr,1.0,True,2
ils=high|rep=02|length=800|model=gtr,2,3,high,800,gtr,1.0,True,2
ils=high|rep=02|length=800|model=gtr,2,3,high,800,gtr,1.0,True,2
ils=high|rep=02|length=800|model=gtr,2,4,high,800,gtr,0.997,True,3
ils=high|rep=02|length=800|model=gtr,2,4,high,800,gtr,1.0,True,2
ils=high|rep=02|length=800|model=gtr,2,4,high,800,gtr,0.872,False,4
ils=high|rep=02|length=800|model=gtr,2,4,high,800,gtr,1.0,True,2
ils=high|rep=02|length=800|model=gtr,2,4,high,800,gtr,0.641,False,6
ils=high|rep=02|length=800|model=gtr,2,4,high,800,gtr,1.0,True,5
ils=high|rep=02|length=800|model=gtr,2,4,high,800,gtr,1.0,True,2
ils=high|rep=02|length=800|model=gtr,2,4,high,800,gtr,0.774,False,3
ils=high|rep=02|length=800|model=gtr,2,4,high,800,gtr,1.0,True,2
ils=high|rep=02|length=800|model=gtr,2,4,high,800,gtr,1.0,True,10
ils=high|rep=02|length=800|model=gtr,2,4,high,800,gtr,0.984,False,7
ils=high|rep=02|length=800|model=gtr,2,4,high,800,gtr,1.0,True,6
ils=high|rep=02|length=800|model=gtr,2,4,high,800,gtr,0.985,True,5
ils=high|rep=02|length=800|model=gtr,2,4,high,800,gtr,0.996,False,4
ils=high|rep=02|length=800|model=gtr,2,4,high,800,gtr,0.702,False,3
ils=high|rep=02|length=800|model=gtr,2,4,high,800,gtr,1.0,True,2
ils=high|rep=02|length=800|model=gtr,2,4,high,800,gtr,1.0,True,3
ils=high|rep=02|length=800|model=gtr,2,4,high,800,gtr,1.0,True,2
ils=high|rep=02|length=800|model=gtr,2,5,high,800,gtr,1.0,False,2
ils=high|rep=02|length=800|model=gtr,2,5,high,800,gtr,0.864,False,3
ils=high|rep=02|length=800|model=gtr,2,5,high,800,gtr,0.959,False,4
ils=high|rep=02|length=800|model=gtr,2,5,high,800,gtr,0.998,True,5
ils=high|rep=02|length=800|model=gtr,2,5,high,800,gtr,0.955,True,8
ils=high|rep=02|length=800|model=gtr,2,5,high,800,gtr,0.849,True,9
ils=high|rep=02|length=800|model=gtr,2,5,high,800,gtr,0.977,False,10
ils=high|rep=02|length=800|model=gtr,2,5,high,800,gtr,1.0,True,4
ils=high|rep=02|length=800|model=gtr,2,5,high,800,gtr,1.0,True,2
ils=high|rep=02|length=800|model=gtr,2,5,high,800,gtr,1.0,True,2
ils=high|rep=02|length=800|model=gtr,2,5,high,800,gtr,1.0,True,6
ils=high|rep=02|length=800|model=gtr,2,5,high,800,gtr,0.996,True,5
ils=high|rep=02|length=800|model=gtr,2,5,high,800,gtr,1.0,False,2
ils=high|rep=02|length=800|model=gtr,2,5,high,800,gtr,1.0,True,3
ils=high|rep=02|length=800|model=gtr,2,5,high,800,gtr,1.0,True,2
ils=high|rep=02|length=800|model=gtr,2,5,high,800,gtr,1.0,True,2
ils=high|rep=02|length=800|model=gtr,2,5,high,800,gtr,1.0,True,3
ils=high|rep=02|length=800|model=gtr,2,5,high,800,gtr,1.0,True,2
ils=high|rep=02|length=800|model=gtr,2,6,high,800,gtr,0.981,False,3
ils=high|rep=02|length=800|model=gtr,2,6,high,800,gtr,0.996,False,5
ils=high|rep=02|length=800|model=gtr,2,6,high,800,gtr,0.995,True,3
ils=high|rep=02|length=800|model=gtr,2,6,high,800,gtr,1.0,True,2
ils=high|rep=02|length=800|model=gtr,2,6,high,800,gtr,0.865,False,2
ils=high|rep=02|length=800|model=gtr,2,6,high,800,gtr,0.996,False,8
ils=high|rep=02|length=800|model=gtr,2,6,high,800,gtr,0.999,True,4
ils=high|rep=02|length=800|model=gtr,2,6,high,800,gtr,1.0,True,2
ils=high|rep=02|length=800|model=gtr,2,6,high,800,gtr,0.963,True,2
ils=high|rep=02|length=800|model=gtr,2,6,high,800,gtr,1.0,False,9
ils=high|rep=02|length=800|model=gtr,2,6,high,800,gtr,0.991,False,5
ils=high|rep=02|length=800|model=gtr,2,6,high,800,gtr,0.687,False,3
ils=high|rep=02|length=800|model=gtr,2,6,high,800,gtr,1.0,True,2
ils=high|rep=02|length=800|model=gtr,2,6,high,800,gtr,1.0,False,2
ils=high|rep=02|length=800|model=gtr,2,6,high,800,gtr,1.0,True,4
ils=high|rep=02|length=800|model=gtr,2,6,high,800,gtr,1.0,True,3
ils=high|rep=02|length=800|model=gtr,2,6,high,800,gtr,0.999,True,2
ils=high|rep=02|length=800|model=gtr,2,6,high,800,gtr,1.0,False,2
ils=high|rep=02|length=800|model=gtr,2,7,high,800,gtr,1.0,False,2
ils=high|rep=02|length=800|model=gtr,2,7,high,800,gtr,0.657,False,10
ils=high|rep=02|length=800|model=gtr,2,7,high,800,gtr,0.931,False,8
ils=high|rep=02|length=800|model=gtr,2,7,high,800,gtr,0.712,False,7
ils=high|rep=02|length=800|model=gtr,2,7,high,800,gtr,1.0,True,6
ils=high|rep=02|length=800|model=gtr,2,7,high,800,gtr,0.685,False,4
ils=high|rep=02|length=800|model=gtr,2,7,high,800,gtr,0.98,False,3
ils=high|rep=02|length=800|model=gtr,2,7,high,800,gtr,1.0,True,2
ils=high|rep=02|length=800|model=gtr,2,7,high,800,gtr,1.0,True,2
ils=high|rep=02|length=800|model=gtr,2,7,high,800,gtr,1.0,True,2
ils=high|rep=02|length=800|model=gtr,2,7,high,800,gtr,0.989,False,9
ils=high|rep=02|length=800|model=gtr,2,7,high,800,gtr,1.0,True,3
ils=high|rep=02|length=800|model=gtr,2,7,high,800,gtr,1.0,True,2
ils=high|rep=02|length=800|model=gtr,2,7,high,800,gtr,0.901,True,6
ils=high|rep=02|length=800|model=gtr,2,7,high,800,gtr,1.0,True,4
ils=high|rep=02|length=800|model=gtr,2,7,high,800,gtr,0.934,True,2
ils=high|rep=02|length=800|model=gtr,2,7,high,800,gtr,0.999,True,2
ils=high|rep=02|length=800|model=gtr,2,7,high,800,gtr,1.0,True,2
ils=high|rep=02|length=800|model=hky_g4,2,1,high,800,hky_g4,0.784,True,3
ils=high|rep=02|length=800|model=hky_g4,2,1,high,800,hky_g4,0.821,True,6
ils=high|rep=02|length=800|model=hky_g4,2,1,high,800,hky_g4,0.333,True,3
ils=high|rep=02|length=800|model=hky_g4,2,1,high,800,hky_g4,1.0,True,2
ils=high|rep=02|length=800|model=hky_g4,2,1,high,800,hky_g4,1.0,True,3
ils=high|rep=02|length=800|model=hky_g4,2,1,high,800,hky_g4,0.333,True,2
ils=high|rep=02|length=800|model=hky_g4,2,1,high,800,hky_g4,1.0,True,9
ils=high|rep=02|length=800|model=hky_g4,2,1,high,800,hky_g4,0.756,True,9
ils=high|rep=02|length=800|model=hky_g4,2,1,high,800,hky_g4,0.934,True,8
ils=high|rep=02|length=800|model=hky_g4,2,1,high,800,hky_g4,1.0,True,7
ils=high|rep=02|length=800|model=hky_g4,2,1,high,800,hky_g4,0.37,False,4
ils=high|rep=02|length=800|model=hky_g4,2,1,high,800,hky_g4,0.999,True,2
ils=high|rep=02|length=800|model=hky_g4,2,1,high,800,hky_g4,1.0,True,2
ils=high|rep=02|length=800|model=hky_g4,2,1,high,800,hky_g4,0.915,True,3
ils=high|rep=02|length=800|model=hky_g4,2,1,high,800,hky_g4,0.698,False,2
ils=high|rep=02|length=800|model=hky_g4,2,1,high,800,hky_g4,1.0,True,3
ils=high|rep=02|length=800|model=hky_g4,2,1,high,800,hky_g4,0.705,True,2
ils=high|rep=02|length=800|model=hky_g4,2,1,high,800,hky_g4,1.0,True,2
ils=high|rep=02|length=800|model=hky_g4,2,2,high,800,hky_g4,0.998,True,2
ils=high|rep=02|length=800|model=hky_g4,2,2,high,800,hky_g4,0.333,False,7
ils=high|rep=02|length=800|model=hky_g4,2,2,high,800,hky_g4,1.0,True,9
ils=high|rep=02|length=800|model=hky_g4,2,2,high,800,hky_g4,0.911,True,10
ils=high|rep=02|length=800|model=hky_g4,2,2,high,800,hky_g4,0.945,True,3
ils=high|rep=02|length=800|model=hky_g4,2,2,high,800,hky_g4,1.0,True,2
ils=high|rep=02|length=800|model=hky_g4,2,2,high,800,hky_g4,0.797,True,8
ils=high|rep=02|length=800|model=hky_g4,2,2,high,800,hky_g4,1.0,True,3
ils=high|rep=02|length=800|model=hky_g4,2,2,high,800,hky_g4,0.925,True,2
ils=high|rep=02|length=800|model=hky_g4,2,2,high,800,hky_g4,1.0,True,5
ils=high|rep=02|length=800|model=hky_g4,2,2,high,800,hky_g4,0.335,False,2
ils=high|rep=02|length=800|model=hky_g4,2,2,high,800,hky_g4,0.906,True,3
ils=high|rep=02|length=800|model=hky_g4,2,2,high,800,hky_g4,0.782,True,2
ils=high|rep=02|length=800|model=hky_g4,2,2,high,800,hky_g4,1.0,True,2
ils=high|rep=02|length=800|model=hky_g4,2,2,high,800,hky_g4,0.335,False,5
ils=high|rep=02|length=800|model=hky_g4,2,2,high,800,hky_g4,0.623,True,2
ils=high|rep=02|length=800|model=hky_g4,2,2,high,800,hky_g4,0.998,True,3
ils=high|rep=02|length=800|model=hky_g4,2,2,high,800,hky_g4,1.0,True,2
ils=high|rep=02|length=800|model=hky_g4,2,3,high,800,hky_g4,0.562,True,4
ils=high|rep=02|length=800|model=hky_g4,2,3,high,800,hky_g4,1.0,True,2
ils=high|rep=02|length=800|model=hky_g4,2,3,high,800,hky_g4,1.0,True,2
ils=high|rep=02|length=800|model=hky_g4,2,3,high,800,hky_g4,0.562,False,5
ils=high|rep=02|length=800|model=hky_g4,2,3,high,800,hky_g4,0.739,False,5
ils=high|rep=02|length=800|model=hky_g4,2,3,high,800,hky_g4,1.0,True,3
ils=high|rep=02|length=800|model=hky_g4,2,3,high,800,hky_g4,0.999,True,2
ils=high|rep=02|length=800|model=hky_g4,2,3,high,800,hky_g4,0.816,False,2
ils=high|rep=02|length=800|model=hky_g4,2,3,high,800,hky_g4,0.977,True,10
ils=high|rep=02|length=800|model=hky_g4,2,3,high,800,hky_g4,0.9,True,9
ils=high|rep=02|length=800|model=hky_g4,2,3,high,800,hky_g4,0.998,True,3
ils=high|rep=02|length=800|model=hky_g4,2,3,high,800,hky_g4,0.992,True,2
ils=high|rep=02|length=800|model=hky_g4,2,3,high,800,hky_g4,1.0,True,6
ils=high|rep=02|length=800|model=hky_g4,2,3,high,800,hky_g4,0.333,True,5
ils=high|rep=02|length=800|model=hky_g4,2,3,high,800,hky_g4,1.0,True,3
ils=high|rep=02|length=800|model=hky_g4,2,3,high,800,hky_g4,1.0,True,2
ils=high|rep=02|length=800|model=hky_g4,2,3,high,800,hky_g4,1.0,True,2
ils=high|rep=02|length=800|model=hky_g4,2,3,high,800,hky_g4,1.0,True,2
ils=high|rep=02|length=800|model=hky_g4,2,4,high,800,hky_g4,0.76,True,10
ils=high|rep=02|length=800|model=hky_g4,2,4,high,800,hky_g4,1.0,True,3
ils=high|rep=02|length=800|model=hky_g4,2,4,high,800,hky_g4,0.994,True,2
ils=high|rep=02|length=800|model=hky_g4,2,4,high,800,hky_g4,0.335,True,7
ils=high|rep=02|length=800|model=hky_g4,2,4,high,800,hky_g4,0.998,True,2
ils=high|rep=02|length=800|model=hky_g4,2,4,high,800,hky_g4,0.784,True,5
ils=high|rep=02|length=800|model=hky_g4,2,4,high,800,hky_g4,0.964,True,4
ils=high|rep=02|length=800|model=hky_g4,2,4,high,800,hky_g4,0.992,True,2
ils=high|rep=02|length=800|model=hky_g4,2,4,high,800,hky_g4,1.0,True,2
ils=high|rep=02|length=800|model=hky_g4,2,4,high,800,hky_g4,1.0,True,10
ils=high|rep=02|length=800|model=hky_g4,2,4,high,800,hky_g4,1.0,True,6
ils=high|rep=02|length=800|model=hky_g4,2,4,high,800,hky_g4,0.741,True,5
ils=high|rep=02|length=800|model=hky_g4,2,4,high,800,hky_g4,0.337,False,4
ils=high|rep=02|length=800|model=hky_g4,2,4,high,800,hky_g4,0.799,True,3
ils=high|rep=02|length=800|model=hky_g4,2,4,high,800,hky_g4,1.0,True,2
ils=high|rep=02|length=800|model=hky_g4,2,4,high,800,hky_g4,0.585,False,4
ils=high|rep=02|length=800|model=hky_g4,2,4,high,800,hky_g4,1.0,True,3
ils=high|rep=02|length=800|model=hky_g4,2,4,high,800,hky_g4,0.98,True,2
ils=high|rep=02|length=800|model=hky_g4,2,5,high,800,hky_g4,0.609,False,2
ils=high|rep=02|length=800|model=hky_g4,2,5,high,800,hky_g4,0.333,True,3
ils=high|rep=02|length=800|model=hky_g4,2,5,high,800,hky_g4,0.466,False,4
ils=high|rep=02|length=800|model=hky_g4,2,5,high,800,hky_g4,1.0,True,5
ils=high|rep=02|length=800|model=hky_g4,2,5,high,800,hky_g4,0.929,True,8
ils=high|rep=02|length=800|model=hky_g4,2,5,high,800,hky_g4,0.458,True,9
ils=high|rep=02|length=800|model=hky_g4,2,5,high,800,hky_g4,0.394,False,10
ils=high|rep=02|length=800|model=hky_g4,2,5,high,800,hky_g4,0.958,True,4
ils=high|rep=02|length=800|model=hky_g4,2,5,high,800,hky_g4,1.0,True,2
ils=high|rep=02|length=800|model=hky_g4,2,5,high,800,hky_g4,1.0,True,2
ils=high|rep=02|length=800|model=hky_g4,2,5,high,800,hky_g4,1.0,True,6
ils=high|rep=02|length=800|model=hky_g4,2,5,high,800,hky_g4,0.909,True,5
ils=high|rep=02|length=800|model=hky_g4,2,5,high,800,hky_g4,0.897,False,2
ils=high|rep=02|length=800|model=hky_g4,2,5,high,800,hky_g4,0.997,True,3
ils=high|rep=02|length=800|model=hky_g4,2,5,high,800,hky_g4,1.0,True,2
ils=high|rep=02|length=800|model=hky_g4,2,5,high,800,hky_g4,1.0,True,2
ils=high|rep=02|length=800|model=hky_g4,2,5,high,800,hky_g4,1.0,True,3
ils=high|rep=02|length=800|model=hky_g4,2,5,high,800,hky_g4,1.0,True,2
ils=high|rep=02|length=800|model=hky_g4,2,6,high,800,hky_g4,0.392,False,5
ils=high|rep=02|length=800|model=hky_g4,2,6,high,800,hky_g4,0.82,True,3
ils=high|rep=02|length=800|model=hky_g4,2,6,high,800,hky_g4,1.0,True,2
ils=high|rep=02|length=800|model=hky_g4,2,6,high,800,hky_g4,0.899,False,2
ils=high|rep=02|length=800|model=hky_g4,2,6,high,800,hky_g4,0.446,False,6
ils=high|rep=02|length=800|model=hky_g4,2,6,high,800,hky_g4,0.996,False,6
ils=high|rep=02|length=800|model=hky_g4,2,6,high,800,hky_g4,0.613,False,3
ils=high|rep=02|length=800|model=hky_g4,2,6,high,800,hky_g4,0.997,True,2
ils=high|rep=02|length=800|model=hky_g4,2,6,high,800,hky_g4,0.333,False,3
ils=high|rep=02|length=800|model=hky_g4,2,6,high,800,hky_g4,1.0,True,2
ils=high|rep=02|length=800|model=hky_g4,2,6,high,800,hky_g4,0.414,False,9
ils=high|rep=02|length=800|model=hky_g4,2,6,high,800,hky_g4,0.381,True,8
ils=high|rep=02|length=800|model=hky_g4,2,6,high,800,hky_g4,0.934,True,7
ils=high|rep=02|length=800|model=hky_g4,2,6,high,800,hky_g4,1.0,True,2
ils=high|rep=02|length=800|model=hky_g4,2,6,high,800,hky_g4,0.974,True,5
ils=high|rep=02|length=800|model=hky_g4,2,6,high,800,hky_g4,0.974,True,4
ils=high|rep=02|length=800|model=hky_g4,2,6,high,800,hky_g4,1.0,True,3
ils=high|rep=02|length=800|model=hky_g4,2,6,high,800,hky_g4,0.653,True,2
ils=high|rep=02|length=800|model=hky_g4,2,7,high,800,hky_g4,0.804,False,2
ils=high|rep=02|length=800|model=hky_g4,2,7,high,800,hky_g4,0.985,False,3
ils=high|rep=02|length=800|model=hky_g4,2,7,high,800,hky_g4,0.715,False,6
ils=high|rep=02|length=800|model=hky_g4,2,7,high,800,hky_g4,0.367,False,7
ils=high|rep=02|length=800|model=hky_g4,2,7,high,800,hky_g4,0.333,False,8
ils=high|rep=02|length=800|model=hky_g4,2,7,high,800,hky_g4,1.0,True,6
ils=high|rep=02|length=800|model=hky_g4,2,7,high,800,hky_g4,0.333,True,5
ils=high|rep=02|length=800|model=hky_g4,2,7,high,800,hky_g4,0.758,True,4
ils=high|rep=02|length=800|model=hky_g4,2,7,high,800,hky_g4,1.0,True,2
ils=high|rep=02|length=800|model=hky_g4,2,7,high,800,hky_g4,1.0,True,2
ils=high|rep=02|length=800|model=hky_g4,2,7,high,800,hky_g4,1.0,True,2
ils=high|rep=02|length=800|model=hky_g4,2,7,high,800,hky_g4,0.972,True,6
ils=high|rep=02|length=800|model=hky_g4,2,7,high,800,hky_g4,1.0,True,4
ils=high|rep=02|length=800|model=hky_g4,2,7,high,800,hky_g4,0.718,True,2
ils=high|rep=02|length=800|model=hky_g4,2,7,high,800,hky_g4,0.845,True,2
ils=high|rep=02|length=800|model=hky_g4,2,7,high,800,hky_g4,0.922,True,2
ils=high|rep=02|length=800|model=hky_g4,2,7,high,800,hky_g4,1.0,True,3
ils=high|rep=02|length=800|model=hky_g4,2,7,high,800,hky_g4,0.611,True,2
ils=high|rep=02|length=800|model=hky,2,1,high,800,hky,0.778,True,3
ils=high|rep=02|length=800|model=hky,2,1,high,800,hky,0.994,False,6
ils=high|rep=02|length=800|model=hky,2,1,high,800,hky,0.971,True,3
ils=high|rep=02|length=800|model=hky,2,1,high,800,hky,0.983,True,2
ils=high|rep=02|length=800|model=hky,2,1,high,800,hky,1.0,True,9
ils=high|rep=02|length=800|model=hky,2,1,high,800,hky,0.999,True,9
ils=high|rep=02|length=800|model=hky,2,1,high,800,hky,1.0,True,8
ils=high|rep=02|length=800|model=hky,2,1,high,800,hky,1.0,True,7
ils=high|rep=02|length=800|model=hky,2,1,high,800,hky,0.849,False,4
ils=high|rep=02|length=800|model=hky,2,1,high,800,hky,0.989,True,2
ils=high|rep=02|length=800|model=hky,2,1,high,800,hky,1.0,True,2
ils=high|rep=02|length=800|model=hky,2,1,high,800,hky,0.857,True,3
ils=high|rep=02|length=800|model=hky,2,1,high,800,hky,0.995,False,2
ils=high|rep=02|length=800|model=hky,2,1,high,800,hky,1.0,True,3
ils=high|rep=02|length=800|model=hky,2,1,high,800,hky,0.583,True,2
ils=high|rep=02|length=800|model=hky,2,1,high,800,hky,1.0,True,3
ils=high|rep=02|length=800|model=hky,2,1,high,800,hky,0.803,False,2
ils=high|rep=02|length=800|model=hky,2,1,high,800,hky,1.0,True,2
ils=high|rep=02|length=800|model=hky,2,2,high,800,hky,0.502,False,2
ils=high|rep=02|length=800|model=hky,2,2,high,800,hky,1.0,False,3
ils=high|rep=02|length=800|model=hky,2,2,high,800,hky,0.651,False,5
ils=high|rep=02|length=800|model=hky,2,2,high,800,hky,0.994,False,9
ils=high|rep=02|length=800|model=hky,2,2,high,800,hky,1.0,True,10
ils=high|rep=02|length=800|model=hky,2,2,high,800,hky,0.617,True,3
ils=high|rep=02|length=800|model=hky,2,2,high,800,hky,1.0,True,2
ils=high|rep=02|length=800|model=hky,2,2,high,800,hky,0.819,True,8
ils=high|rep=02|length=800|model=hky,2,2,high,800,hky,1.0,True,3
ils=high|rep=02|length=800|model=hky,2,2,high,800,hky,0.944,True,2
ils=high|rep=02|length=800|model=hky,2,2,high,800,hky,1.0,True,5
ils=high|rep=02|length=800|model=hky,2,2,high,800,hky,0.996,False,4
ils=high|rep=02|length=800|model=hky,2,2,high,800,hky,0.624,True,3
ils=high|rep=02|length=800|model=hky,2,2,high,800,hky,0.991,True,2
ils=high|rep=02|length=800|model=hky,2,2,high,800,hky,0.999,False,4
ils=high|rep=02|length=800|model=hky,2,2,high,800,hky,0.982,True,3
ils=high|rep=02|length=800|model=hky,2,2,high,800,hky,1.0,True,2
ils=high|rep=02|length=800|model=hky,2,2,high,800,hky,1.0,True,2
ils=high|rep=02|length=800|model=hky,2,3,high,800,hky,1.0,True,2
ils=high|rep=02|length=800|model=hky,2,3,high,800,hky,0.999,False,3
ils=high|rep=02|length=800|model=hky,2,3,high,800,hky,1.0,True,4
ils=high|rep=02|length=800|model=hky,2,3,high,800,hky,1.0,True,2
ils=high|rep=02|length=800|model=hky,2,3,high,800,hky,1.0,True,2
ils=high|rep=02|length=800|model=hky,2,3,high,800,hky,0.977,True,7
ils=high|rep=02|length=800|model=hky,2,3,high,800,hky,0.55,False,9
ils=high|rep=02|length=800|model=hky,2,3,high,800,hky,1.0,True,3
ils=high|rep=02|length=800|model=hky,2,3,high,800,hky,1.0,True,2
ils=high|rep=02|length=800|model=hky,2,3,high,800,hky,0.957,True,9
ils=high|rep=02|length=800|model=hky,2,3,high,800,hky,1.0,True,3
ils=high|rep=02|length=800|model=hky,2,3,high,800,hky,0.925,True,2
ils=high|rep=02|length=800|model=hky,2,3,high,800,hky,1.0,True,6
ils=high|rep=02|length=800|model=hky,2,3,high,800,hky,0.979,True,5
ils=high|rep=02|length=800|model=hky,2,3,high,800,hky,1.0,True,3
ils=high|rep=02|length=800|model=hky,2,3,high,800,hky,1.0,True,2
ils=high|rep=02|length=800|model=hky,2,3,high,800,hky,1.0,True,2
ils=high|rep=02|length=800|model=hky,2,3,high,800,hky,1.0,True,2
ils=high|rep=02|length=800|model=hky,2,4,high,800,hky,0.998,True,3
ils=high|rep=02|length=800|model=hky,2,4,high,800,hky,1.0,True,2
ils=high|rep=02|length=800|model=hky,2,4,high,800,hky,0.932,False,4
ils=high|rep=02|length=800|model=hky,2,4,high,800,hky,1.0,True,2
ils=high|rep=02|length=800|model=hky,2,4,high,800,hky,0.653,False,6
ils=high|rep=02|length=800|model=hky,2,4,high,800,hky,1.0,True,5
ils=high|rep=02|length=800|model=hky,2,4,high,800,hky,1.0,True,2
ils=high|rep=02|length=800|model=hky,2,4,high,800,hky,0.767,False,3
ils=high|rep=02|length=800|model=hky,2,4,high,800,hky,1.0,True,2
ils=high|rep=02|length=800|model=hky,2,4,high,800,hky,1.0,True,10
ils=high|rep=02|length=800|model=hky,2,4,high,800,hky,0.982,False,7
ils=high|rep=02|length=800|model=hky,2,4,high,800,hky,1.0,True,6
ils=high|rep=02|length=800|model=hky,2,4,high,800,hky,0.993,True,5
ils=high|rep=02|length=800|model=hky,2,4,high,800,hky,0.995,False,4
ils=high|rep=02|length=800|model=hky,2,4,high,800,hky,0.665,False,3
ils=high|rep=02|length=800|model=hky,2,4,high,800,hky,1.0,True,2
ils=high|rep=02|length=800|model=hky,2,4,high,800,hky,1.0,True,3
ils=high|rep=02|length=800|model=hky,2,4,high,800,hky,1.0,True,2
ils=high|rep=02|length=800|model=hky,2,5,high,800,hky,1.0,False,2
ils=high|rep=02|length=800|model=hky,2,5,high,800,hky,0.907,False,3
ils=high|rep=02|length=800|model=hky,2,5,high,800,hky,0.94,False,4
ils=high|rep=02|length=800|model=hky,2,5,high,800,hky,0.997,True,5
ils=high|rep=02|length=800|model=hky,2,5,high,800,hky,0.971,True,8
ils=high|rep=02|length=800|model=hky,2,5,high,800,hky,0.879,True,9
ils=high|rep=02|length=800|model=hky,2,5,high,800,hky,0.974,False,10
ils=high|rep=02|length=800|model=hky,2,5,high,800,hky,1.0,True,4
ils=high|rep=02|length=800|model=hky,2,5,high,800,hky,1.0,True,2
ils=high|rep=02|length=800|model=hky,2,5,high,800,hky,1.0,True,2
ils=high|rep=02|length=800|model=hky,2,5,high,800,hky,1.0,True,6
ils=high|rep=02|length=800|model=hky,2,5,high,800,hky,0.997,True,5
ils=high|rep=02|length=800|model=hky,2,5,high,800,hky,1.0,False,2
ils=high|rep=02|length=800|model=hky,2,5,high,800,hky,1.0,True,3
ils=high|rep=02|length=800|model=hky,2,5,high,800,hky,1.0,True,2
ils=high|rep=02|length=800|model=hky,2,5,high,800,hky,1.0,True,2
ils=high|rep=02|length=800|model=hky,2,5,high,800,hky,1.0,True,3
ils=high|rep=02|length=800|model=hky,2,5,high,800,hky,1.0,True,2
ils=high|rep=02|length=800|model=hky,2,6,high,800,hky,0.967,False,3
ils=high|rep=02|length=800|model=hky,2,6,high,800,hky,0.997,False,5
ils=high|rep=02|length=800|model=hky,2,6,high,800,hky,0.995,True,3
ils=high|rep=02|length=800|model=hky,2,6,high,800,hky,1.0,True,2
ils=high|rep=02|length=800|model=hky,2,6,high,800,hky,0.862,False,2
ils=high|rep=02|length=800|model=hky,2,6,high,800,hky,0.998,False,8
ils=high|rep=02|length=800|model=hky,2,6,high,800,hky,0.999,True,4
ils=high|rep=02|length=800|model=hky,2,6,high,800,hky,1.0,True,2
ils=high|rep=02|length=800|model=hky,2,6,high,800,hky,0.957,True,2
ils=high|rep=02|length=800|model=hky,2,6,high,800,hky,1.0,False,9
ils=high|rep=02|length=800|model=hky,2,6,high,800,hky,0.995,False,5
ils=high|rep=02|length=800|model=hky,2,6,high,800,hky,0.741,False,3
ils=high|rep=02|length=800|model=hky,2,6,high,800,hky,1.0,True,2
ils=high|rep=02|length=800|model=hky,2,6,high,800,hky,1.0,False,2
ils=high|rep=02|length=800|model=hky,2,6,high,800,hky,1.0,True,4
ils=high|rep=02|length=800|model=hky,2,6,high,800,hky,1.0,True,3
ils=high|rep=02|length=800|model=hky,2,6,high,800,hky,0.999,True,2
ils=high|rep=02|length=800|model=hky,2,6,high,800,hky,1.0,False,2
ils=high|rep=02|length=800|model=hky,2,7,high,800,hky,1.0,False,2
ils=high|rep=02|length=800|model=hky,2,7,high,800,hky,0.677,False,10
ils=high|rep=02|length=800|model=hky,2,7,high,800,hky,0.9,False,8
ils=high|rep=02|length=800|model=hky,2,7,high,800,hky,0.801,False,7
ils=high|rep=02|length=800|model=hky,2,7,high,800,hky,1.0,True,6
ils=high|rep=02|length=800|model=hky,2,7,high,800,hky,0.59,False,4
ils=high|rep=02|length=800|model=hky,2,7,high,800,hky,0.984,False,3
ils=high|rep=02|length=800|model=hky,2,7,high,800,hky,1.0,True,2
ils=high|rep=02|length=800|model=hky,2,7,high,800,hky,1.0,True,2
ils=high|rep=02|length=800|model=hky,2,7,high,800,hky,1.0,True,2
ils=high|rep=02|length=800|model=hky,2,7,high,800,hky,0.992,False,9
ils=high|rep=02|length=800|model=hky,2,7,high,800,hky,1.0,True,3
ils=high|rep=02|length=800|model=hky,2,7,high,800,hky,1.0,True,2
ils=high|rep=02|length=800|model=hky,2,7,high,800,hky,0.915,True,6
ils=high|rep=02|length=800|model=hky,2,7,high,800,hky,1.0,True,4
ils=high|rep=02|length=800|model=hky,2,7,high,800,hky,0.907,True,2
ils=high|rep=02|length=800|model=hky,2,7,high,800,hky,0.999,True,2
ils=high|rep=02|length=800|model=hky,2,7,high,800,hky,1.0,True,2
ils=high|rep=02|length=800|model=jc,2,1,high,800,jc,0.634,True,3
ils=high|rep=02|length=800|model=jc,2,1,high,800,jc,0.997,False,6
ils=high|rep=02|length=800|model=jc,2,1,high,800,jc,0.887,True,3
ils=high|rep=02|length=800|model=jc,2,1,high,800,jc,0.995,True,2
ils=high|rep=02|length=800|model=jc,2,1,high,800,jc,1.0,True,9
ils=high|rep=02|length=800|model=jc,2,1,high,800,jc,0.999,True,9
ils=high|rep=02|length=800|model=jc,2,1,high,800,jc,1.0,True,8
ils=high|rep=02|length=800|model=jc,2,1,high,800,jc,1.0,True,7
ils=high|rep=02|length=800|model=jc,2,1,high,800,jc,0.598,True,5
ils=high|rep=02|length=800|model=jc,2,1,high,800,jc,0.999,True,2
ils=high|rep=02|length=800|model=jc,2,1,high,800,jc,0.988,True,3
ils=high|rep=02|length=800|model=jc,2,1,high,800,jc,0.997,False,2
ils=high|rep=02|length=800|model=jc,2,1,high,800,jc,1.0,True,2
ils=high|rep=02|length=800|model=jc,2,1,high,800,jc,1.0,True,3
ils=high|rep=02|length=800|model=jc,2,1,high,800,jc,0.566,False,2
ils=high|rep=02|length=800|model=jc,2,1,high,800,jc,1.0,True,3
ils=high|rep=02|length=800|model=jc,2,1,high,800,jc,0.781,False,2
ils=high|rep=02|length=800|model=jc,2,1,high,800,jc,1.0,True,2
ils=high|rep=02|length=800|model=jc,2,2,high,800,jc,0.651,False,2
ils=high|rep=02|length=800|model=jc,2,2,high,800,jc,1.0,False,3
ils=high|rep=02|length=800|model=jc,2,2,high,800,jc,0.478,False,5
ils=high|rep=02|length=800|model=jc,2,2,high,800,jc,1.0,False,9
ils=high|rep=02|length=800|model=jc,2,2,high,800,jc,1.0,True,10
ils=high|rep=02|length=800|model=jc,2,2,high,800,jc,1.0,True,2
ils=high|rep=02|length=800|model=jc,2,2,high,800,jc,0.877,False,9
ils=high|rep=02|length=800|model=jc,2,2,high,800,jc,0.5,False,6
ils=high|rep=02|length=800|model=jc,2,2,high,800,jc,1.0,True,5
ils=high|rep=02|length=800|model=jc,2,2,high,800,jc,0.865,False,4
ils=high|rep=02|length=800|model=jc,2,2,high,800,jc,0.85,False,3
ils=high|rep=02|length=800|model=jc,2,2,high,800,jc,0.999,True,2
ils=high|rep=02|length=800|model=jc,2,2,high,800,jc,1.0,True,3
ils=high|rep=02|length=800|model=jc,2,2,high,800,jc,0.84,True,2
ils=high|rep=02|length=800|model=jc,2,2,high,800,jc,0.999,False,4
ils=high|rep=02|length=800|model=jc,2,2,high,800,jc,0.977,True,3
ils=high|rep=02|length=800|model=jc,2,2,high,800,jc,1.0,True,2
ils=high|rep=02|length=800|model=jc,2,2,high,800,jc,1.0,True,2
ils=high|rep=02|length=800|model=jc,2,3,high,800,jc,0.998,True,2
ils=high|rep=02|length=800|model=jc,2,3,high,800,jc,1.0,False,4
ils=high|rep=02|length=800|model=jc,2,3,high,800,jc,0.983,False,7
ils=high|rep=02|length=800|model=jc,2,3,high,800,jc,0.997,False,8
ils=high|rep=02|length=800|model=jc,2,3,high,800,jc,0.876,False,5
ils=high|rep=02|length=800|model=jc,2,3,high,800,jc,0.99,False,3
ils=high|rep=02|length=800|model=jc,2,3,high,800,jc,1.0,True,2
ils=high|rep=02|length=800|model=jc,2,3,high,800,jc,1.0,True,2
ils=high|rep=02|length=800|model=jc,2,3,high,800,jc,0.98,True,3
ils=high|rep=02|length=800|model=jc,2,3,high,800,jc,0.996,True,2
ils=high|rep=02|length=800|model=jc,2,3,high,800,jc,1.0,True,6
ils=high|rep=02|length=800|model=jc,2,3,high,800,jc,0.941,True,5
ils=high|rep=02|length=800|model=jc,2,3,high,800,jc,1.0,True,3
ils=high|rep=02|length=800|model=jc,2,3,high,800,jc,1.0,True,2
ils=high|rep=02|length=800|model=jc,2,3,high,800,jc,1.0,True,2
ils=high|rep=02|length=800|model=jc,2,3,high,800,jc,1.0,True,3
ils=high|rep=02|length=800|model=jc,2,3,high,800,jc,1.0,True,2
ils=high|rep=02|length=800|model=jc,2,3,high,800,jc,1.0,True,2
ils=high|rep=02|length=800|model=jc,2,4,high,800,jc,0.997,True,3
ils=high|rep=02|length=800|model=jc,2,4,high,800,jc,1.0,True,2
ils=high|rep=02|length=800|model=jc,2,4,high,800,jc,0.926,False,4
ils=high|rep=02|length=800|model=jc,2,4,high,800,jc,1.0,True,2
ils=high|rep=02|length=800|model=jc,2,4,high,800,jc,0.65,False,6
ils=high|rep=02|length=800|model=jc,2,4,high,800,jc,1.0,True,5
ils=high|rep=02|length=800|model=jc,2,4,high,800,jc,1.0,True,2
ils=high|rep=02|length=800|model=jc,2,4,high,800,jc,0.644,False,3
ils=high|rep=02|length=800|model=jc,2,4,high,800,jc,1.0,True,2
ils=high|rep=02|length=800|model=jc,2,4,high,800,jc,1.0,True,10
ils=high|rep=02|length=800|model=jc,2,4,high,800,jc,0.991,False,7
ils=high|rep=02|length=800|model=jc,2,4,high,800,jc,1.0,True,6
ils=high|rep=02|length=800|model=jc,2,4,high,800,jc,0.984,True,5
ils=high|rep=02|length=800|model=jc,2,4,high,800,jc,0.983,False,4
ils=high|rep=02|length=800|model=jc,2,4,high,800,jc,0.746,False,3
ils=high|rep=02|length=800|model=jc,2,4,high,800,jc,1.0,True,2
ils=high|rep=02|length=800|model=jc,2,4,high,800,jc,1.0,True,3
ils=high|rep=02|length=800|model=jc,2,4,high,800,jc,1.0,True,2
ils=high|rep=02|length=800|model=jc,2,5,high,800,jc,1.0,False,2
ils=high|rep=02|length=800|model=jc,2,5,high,800,jc,0.939,False,3
ils=high|rep=02|length=800|model=jc,2,5,high,800,jc,0.932,False,4
ils=high|rep=02|length=800|model=jc,2,5,high,800,jc,0.997,True,5
ils=high|rep=02|length=800|model=jc,2,5,high,800,jc,0.985,True,8
ils=high|rep=02|length=800|model=jc,2,5,high,800,jc,0.71,True,9
ils=high|rep=02|length=800|model=jc,2,5,high,800,jc,0.975,False,10
ils=high|rep=02|length=800|model=jc,2,5,high,800,jc,1.0,True,4
ils=high|rep=02|length=800|model=jc,2,5,high,800,jc,1.0,True,2
ils=high|rep=02|length=800|model=jc,2,5,high,800,jc,1.0,True,2
ils=high|rep=02|length=800|model=jc,2,5,high,800,jc,1.0,True,6
ils=high|rep=02|length=800|model=jc,2,5,high,800,jc,0.999,True,5
ils=high|rep=02|length=800|model=jc,2,5,high,800,jc,1.0,False,2
ils=high|rep=02|length=800|model=jc,2,5,high,800,jc,1.0,True,3
ils=high|rep=02|length=800|model=jc,2,5,high,800,jc,1.0,True,2
ils=high|rep=02|length=800|model=jc,2,5,high,800,jc,1.0,True,2
ils=high|rep=02|length=800|model=jc,2,5,high,800,jc,1.0,True,3
ils=high|rep=02|length=800|model=jc,2,5,high,800,jc,1.0,True,2
ils=high|rep=02|length=800|model=jc,2,6,high,800,jc,0.996,False,3
ils=high|rep=02|length=800|model=jc,2,6,high,800,jc,0.985,False,5
ils=high|rep=02|length=800|model=jc,2,6,high,800,jc,1.0,True,3
ils=high|rep=02|length=800|model=jc,2,6,high,800,jc,1.0,True,2
ils=high|rep=02|length=800|model=jc,2,6,high,800,jc,0.936,False,2
ils=high|rep=02|length=800|model=jc,2,6,high,800,jc,0.999,False,8
ils=high|rep=02|length=800|model=jc,2,6,high,800,jc,1.0,True,4
ils=high|rep=02|length=800|model=jc,2,6,high,800,jc,1.0,True,2
ils=high|rep=02|length=800|model=jc,2,6,high,800,jc,0.97,True,2
ils=high|rep=02|length=800|model=jc,2,6,high,800,jc,1.0,False,9
ils=high|rep=02|length=800|model=jc,2,6,high,800,jc,1.0,False,5
ils=high|rep=02|length=800|model=jc,2,6,high,800,jc,0.738,False,3
ils=high|rep=02|length=800|model=jc,2,6,high,800,jc,1.0,True,2
ils=high|rep=02|length=800|model=jc,2,6,high,800,jc,1.0,False,2
ils=high|rep=02|length=800|model=jc,2,6,high,800,jc,1.0,True,4
ils=high|rep=02|length=800|model=jc,2,6,high,800,jc,1.0,True,3
ils=high|rep=02|length=800|model=jc,2,6,high,800,jc,0.999,True,2
ils=high|rep=02|length=800|model=jc,2,6,high,800,jc,0.999,False,2
ils=high|rep=02|length=800|model=jc,2,7,high,800,jc,0.721,False,2
ils=high|rep=02|length=800|model=jc,2,7,high,800,jc,0.945,False,3
ils=high|rep=02|length=800|model=jc,2,7,high,800,jc,0.955,False,9
ils=high|rep=02|length=800|model=jc,2,7,high,800,jc,0.977,False,7
ils=high|rep=02|length=800|model=jc,2,7,high,800,jc,1.0,True,6
ils=high|rep=02|length=800|model=jc,2,7,high,800,jc,0.541,False,4
ils=high|rep=02|length=800|model=jc,2,7,high,800,jc,0.935,False,3
ils=high|rep=02|length=800|model=jc,2,7,high,800,jc,1.0,True,2
ils=high|rep=02|length=800|model=jc,2,7,high,800,jc,1.0,True,2
ils=high|rep=02|length=800|model=jc,2,7,high,800,jc,0.994,True,2
ils=high|rep=02|length=800|model=jc,2,7,high,800,jc,1.0,False,9
ils=high|rep=02|length=800|model=jc,2,7,high,800,jc,1.0,True,3
ils=high|rep=02|length=800|model=jc,2,7,high,800,jc,1.0,True,2
ils=high|rep=02|length=800|model=jc,2,7,high,800,jc,0.978,True,6
ils=high|rep=02|length=800|model=jc,2,7,high,800,jc,1.0,True,4
ils=high|rep=02|length=800|model=jc,2,7,high,800,jc,0.866,True,2
ils=high|rep=02|length=800|model=jc,2,7,high,800,jc,1.0,True,2
ils=high|rep=02|length=800|model=jc,2,7,high,800,jc,1.0,True,2
