condition,replicate,locus,ils,sequence_length,analysis_model,support,correct,split_size
ils=low|rep=01|length=1600|model=gtr_g4,1,1,low,1600,gtr_g4,0.333,False,3
ils=low|rep=01|length=1600|model=gtr_g4,1,1,low,1600,gtr_g4,1.0,True,4
ils=low|rep=01|length=1600|model=gtr_g4,1,1,low,1600,gtr_g4,0.758,True,5
ils=low|rep=01|length=1600|model=gtr_g4,1,1,low,1600,gtr_g4,0.333,False,8
ils=low|rep=01|length=1600|model=gtr_g4,1,1,low,1600,gtr_g4,0.916,True,7
ils=low|rep=01|length=1600|model=gtr_g4,1,1,low,1600,gtr_g4,0.961,True,6
ils=low|rep=01|length=1600|model=gtr_g4,1,1,low,1600,gtr_g4,0.333,True,4
ils=low|rep=01|length=1600|model=gtr_g4,1,1,low,1600,gtr_g4,0.333,False,3
ils=low|rep=01|length=1600|model=gtr_g4,1,1,low,1600,gtr_g4,1.0,True,2
ils=low|rep=01|length=1600|model=gtr_g4,1,1,low,1600,gtr_g4,0.333,False,2
ils=low|rep=01|length=1600|model=gtr_g4,1,1,low,1600,gtr_g4,0.333,False,8
ils=low|rep=01|length=1600|model=gtr_g4,1,1,low,1600,gtr_g4,1.0,True,2
ils=low|rep=01|length=1600|model=gtr_g4,1,1,low,1600,gtr_g4,0.993,True,6
ils=low|rep=01|length=1600|model=gtr_g4,1,1,low,1600,gtr_g4,0.333,False,3
ils=low|rep=01|length=1600|model=gtr_g4,1,1,low,1600,gtr_g4,1.0,True,2
ils=low|rep=01|length=1600|model=gtr_g4,1,1,low,1600,gtr_g4,0.333,False,3
ils=low|rep=01|length=1600|model=gtr_g4,1,1,low,1600,gtr_g4,0.997,True,2
ils=low|rep=01|length=1600|model=gtr_g4,1,1,low,1600,gtr_g4,0.997,True,2
ils=low|rep=01|length=1600|model=gtr_g4,1,2,low,1600,gtr_g4,0.333,False,2
ils=low|rep=01|length=1600|model=gtr_g4,1,2,low,1600,gtr_g4,0.333,False,5
ils=low|rep=01|length=1600|model=gtr_g4,1,2,low,1600,gtr_g4,0.999,True,6
ils=low|rep=01|length=1600|model=gtr_g4,1,2,low,1600,gtr_g4,0.334,False,7
ils=low|rep=01|length=1600|model=gtr_g4,1,2,low,1600,gtr_g4,0.333,False,3
ils=low|rep=01|length=1600|model=gtr_g4,1,2,low,1600,gtr_g4,0.985,True,2
ils=low|rep=01|length=1600|model=gtr_g4,1,2,low,1600,gtr_g4,0.333,False,10
ils=low|rep=01|length=1600|model=gtr_g4,1,2,low,1600,gtr_g4,0.991,True,10
ils=low|rep=01|length=1600|model=gtr_g4,1,2,low,1600,gtr_g4,1.0,True,4
ils=low|rep=01|length=1600|model=gtr_g4,1,2,low,1600,gtr_g4,0.986,True,3
ils=low|rep=01|length=1600|model=gtr_g4,1,2,low,1600,gtr_g4,1.0,True,2
ils=low|rep=01|length=1600|model=gtr_g4,1,2,low,1600,gtr_g4,0.996,True,6
ils=low|rep=01|length=1600|model=gtr_g4,1,2,low,1600,gtr_g4,0.333,False,2
ils=low|rep=01|length=1600|model=gtr_g4,1,2,low,1600,gtr_g4,0.997,True,4
ils=low|rep=01|length=1600|model=gtr_g4,1,2,low,1600,gtr_g4,0.986,True,2
ils=low|rep=01|length=1600|model=gtr_g4,1,2,low,1600,gtr_g4,0.995,True,2
ils=low|rep=01|length=1600|model=gtr_g4,1,2,low,1600,gtr_g4,1.0,True,3
ils=low|rep=01|length=1600|model=gtr_g4,1,2,low,1600,gtr_g4,1.0,True,2
ils=low|rep=01|length=1600|model=gtr_g4,1,3,low,1600,gtr_g4,0.333,False,2
ils=low|rep=01|length=1600|model=gtr_g4,1,3,low,1600,gtr_g4,0.333,False,3
ils=low|rep=01|length=1600|model=gtr_g4,1,3,low,1600,gtr_g4,1.0,True,4
ils=low|rep=01|length=1600|model=gtr_g4,1,3,low,1600,gtr_g4,0.333,False,8
ils=low|rep=01|length=1600|model=gtr_g4,1,3,low,1600,gtr_g4,0.968,True,7
ils=low|rep=01|length=1600|model=gtr_g4,1,3,low,1600,gtr_g4,0.979,True,6
ils=low|rep=01|length=1600|model=gtr_g4,1,3,low,1600,gtr_g4,0.333,False,5
ils=low|rep=01|length=1600|model=gtr_g4,1,3,low,1600,gtr_g4,0.333,False,2
ils=low|rep=01|length=1600|model=gtr_g4,1,3,low,1600,gtr_g4,0.333,False,3
ils=low|rep=01|length=1600|model=gtr_g4,1,3,low,1600,gtr_g4,1.0,True,2
ils=low|rep=01|length=1600|model=gtr_g4,1,3,low,1600,gtr_g4,0.333,False,9
ils=low|rep=01|length=1600|model=gtr_g4,1,3,low,1600,gtr_g4,0.992,True,6
ils=low|rep=01|length=1600|model=gtr_g4,1,3,low,1600,gtr_g4,0.333,True,5
ils=low|rep=01|length=1600|model=gtr_g4,1,3,low,1600,gtr_g4,0.994,True,3
ils=low|rep=01|length=1600|model=gtr_g4,1,3,low,1600,gtr_g4,0.98,True,2
ils=low|rep=01|length=1600|model=gtr_g4,1,3,low,1600,gtr_g4,0.333,True,2
ils=low|rep=01|length=1600|model=gtr_g4,1,3,low,1600,gtr_g4,1.0,True,3
ils=low|rep=01|length=1600|model=gtr_g4,1,3,low,1600,gtr_g4,0.983,True,2
ils=low|rep=01|length=1600|model=gtr_g4,1,4,low,1600,gtr_g4,0.333,False,2
ils=low|rep=01|length=1600|model=gtr_g4,1,4,low,1600,gtr_g4,0.333,True,3
ils=low|rep=01|length=1600|model=gtr_g4,1,4,low,1600,gtr_g4,0.992,True,4
ils=low|rep=01|length=1600|model=gtr_g4,1,4,low,1600,gtr_g4,1.0,True,6
ils=low|rep=01|length=1600|model=gtr_g4,1,4,low,1600,gtr_g4,0.333,False,5
ils=low|rep=01|length=1600|model=gtr_g4,1,4,low,1600,gtr_g4,0.333,False,2
ils=low|rep=01|length=1600|model=gtr_g4,1,4,low,1600,gtr_g4,0.333,False,3
ils=low|rep=01|length=1600|model=gtr_g4,1,4,low,1600,gtr_g4,1.0,True,2
ils=low|rep=01|length=1600|model=gtr_g4,1,4,low,1600,gtr_g4,0.333,False,10
ils=low|rep=01|length=1600|model=gtr_g4,1,4,low,1600,gtr_g4,0.97,True,10
ils=low|rep=01|length=1600|model=gtr_g4,1,4,low,1600,gtr_g4,0.333,False,9
ils=low|rep=01|length=1600|model=gtr_g4,1,4,low,1600,gtr_g4,0.333,False,8
ils=low|rep=01|length=1600|model=gtr_g4,1,4,low,1600,gtr_g4,0.333,False,6
ils=low|rep=01|length=1600|model=gtr_g4,1,4,low,1600,gtr_g4,0.333,False,4
ils=low|rep=01|length=1600|model=gtr_g4,1,4,low,1600,gtr_g4,0.998,True,3
ils=low|rep=01|length=1600|model=gtr_g4,1,4,low,1600,gtr_g4,0.999,True,2
ils=low|rep=01|length=1600|model=gtr_g4,1,4,low,1600,gtr_g4,0.333,False,2
ils=low|rep=01|length=1600|model=gtr_g4,1,4,low,1600,gtr_g4,0.333,False,2
ils=low|rep=01|length=1600|model=gtr_g4,1,5,low,1600,gtr_g4,0.333,False,2
ils=low|rep=01|length=1600|model=gtr_g4,1,5,low,1600,gtr_g4,0.333,False,7
ils=low|rep=01|length=1600|model=gtr_g4,1,5,low,1600,gtr_g4,0.333,False,5
ils=low|rep=01|length=1600|model=gtr_g4,1,5,low,1600,gtr_g4,1.0,True,4
ils=low|rep=01|length=1600|model=gtr_g4,1,5,low,1600,gtr_g4,0.333,True,3
ils=low|rep=01|length=1600|model=gtr_g4,1,5,low,1600,gtr_g4,0.333,False,2
ils=low|rep=01|length=1600|model=gtr_g4,1,5,low,1600,gtr_g4,0.333,False,9
ils=low|rep=01|length=1600|model=gtr_g4,1,5,low,1600,gtr_g4,0.333,False,2
ils=low|rep=01|length=1600|model=gtr_g4,1,5,low,1600,gtr_g4,0.333,False,7
ils=low|rep=01|length=1600|model=gtr_g4,1,5,low,1600,gtr_g4,0.995,True,6
ils=low|rep=01|length=1600|model=gtr_g4,1,5,low,1600,gtr_g4,0.333,True,5
ils=low|rep=01|length=1600|model=gtr_g4,1,5,low,1600,gtr_g4,0.998,True,4
ils=low|rep=01|length=1600|model=gtr_g4,1,5,low,1600,gtr_g4,0.333,False,3
ils=low|rep=01|length=1600|model=gtr_g4,1,5,low,1600,gtr_g4,0.333,False,2
ils=low|rep=01|length=1600|model=gtr_g4,1,5,low,1600,gtr_g4,0.333,False,5
ils=low|rep=01|length=1600|model=gtr_g4,1,5,low,1600,gtr_g4,0.894,True,3
ils=low|rep=01|length=1600|model=gtr_g4,1,5,low,1600,gtr_g4,1.0,True,2
ils=low|rep=01|length=1600|model=gtr_g4,1,5,low,1600,gtr_g4,1.0,True,2
ils=low|rep=01|length=1600|model=gtr_g4,1,6,low,1600,gtr_g4,0.985,True,4
ils=low|rep=01|length=1600|model=gtr_g4,1,6,low,1600,gtr_g4,0.333,False,2
ils=low|rep=01|length=1600|model=gtr_g4,1,6,low,1600,gtr_g4,0.333,True,2
ils=low|rep=01|length=1600|model=gtr_g4,1,6,low,1600,gtr_g4,0.333,False,5
ils=low|rep=01|length=1600|model=gtr_g4,1,6,low,1600,gtr_g4,0.998,True,10
ils=low|rep=01|length=1600|model=gtr_g4,1,6,low,1600,gtr_g4,1.0,True,6
ils=low|rep=01|length=1600|model=gtr_g4,1,6,low,1600,gtr_g4,0.333,False,3
ils=low|rep=01|length=1600|model=gtr_g4,1,6,low,1600,gtr_g4,0.333,False,2
ils=low|rep=01|length=1600|model=gtr_g4,1,6,low,1600,gtr_g4,0.981,True,3
ils=low|rep=01|length=1600|model=gtr_g4,1,6,low,1600,gtr_g4,0.991,True,2
ils=low|rep=01|length=1600|model=gtr_g4,1,6,low,1600,gtr_g4,0.333,False,4
ils=low|rep=01|length=1600|model=gtr_g4,1,6,low,1600,gtr_g4,1.0,True,3
ils=low|rep=01|length=1600|model=gtr_g4,1,6,low,1600,gtr_g4,0.966,True,2
ils=low|rep=01|length=1600|model=gtr_g4,1,6,low,1600,gtr_g4,1.0,True,6
ils=low|rep=01|length=1600|model=gtr_g4,1,6,low,1600,gtr_g4,0.333,True,2
ils=low|rep=01|length=1600|model=gtr_g4,1,6,low,1600,gtr_g4,0.964,True,4
ils=low|rep=01|length=1600|model=gtr_g4,1,6,low,1600,gtr_g4,1.0,True,2
ils=low|rep=01|length=1600|model=gtr_g4,1,6,low,1600,gtr_g4,1.0,True,2
ils=low|rep=01|length=1600|model=gtr_g4,1,7,low,1600,gtr_g4,0.892,True,10
ils=low|rep=01|length=1600|model=gtr_g4,1,7,low,1600,gtr_g4,0.333,False,9
ils=low|rep=01|length=1600|model=gtr_g4,1,7,low,1600,gtr_g4,1.0,True,3
ils=low|rep=01|length=1600|model=gtr_g4,1,7,low,1600,gtr_g4,0.333,True,2
ils=low|rep=01|length=1600|model=gtr_g4,1,7,low,1600,gtr_g4,1.0,True,6
ils=low|rep=01|length=1600|model=gtr_g4,1,7,low,1600,gtr_g4,0.333,False,5
ils=low|rep=01|length=1600|model=gtr_g4,1,7,low,1600,gtr_g4,0.333,False,2
ils=low|rep=01|length=1600|model=gtr_g4,1,7,low,1600,gtr_g4,0.999,True,3
ils=low|rep=01|length=1600|model=gtr_g4,1,7,low,1600,gtr_g4,0.997,True,2
ils=low|rep=01|length=1600|model=gtr_g4,1,7,low,1600,gtr_g4,0.884,True,10
ils=low|rep=01|length=1600|model=gtr_g4,1,7,low,1600,gtr_g4,1.0,True,4
ils=low|rep=01|length=1600|model=gtr_g4,1,7,low,1600,gtr_g4,0.999,True,2
ils=low|rep=01|length=1600|model=gtr_g4,1,7,low,1600,gtr_g4,0.999,True,2
ils=low|rep=01|length=1600|model=gtr_g4,1,7,low,1600,gtr_g4,0.969,True,6
ils=low|rep=01|length=1600|model=gtr_g4,1,7,low,1600,gtr_g4,0.971,True,5
ils=low|rep=01|length=1600|model=gtr_g4,1,7,low,1600,gtr_g4,0.333,False,3
ils=low|rep=01|length=1600|model=gtr_g4,1,7,low,1600,gtr_g4,0.333,False,2
ils=low|rep=01|length=1600|model=gtr_g4,1,7,low,1600,gtr_g4,0.989,False,2
ils=low|rep=01|length=1600|model=gtr,1,1,low,1600,gtr,0.333,False,3
ils=low|rep=01|length=1600|model=gtr,1,1,low,1600,gtr,1.0,True,4
ils=low|rep=01|length=1600|model=gtr,1,1,low,1600,gtr,0.915,True,5
ils=low|rep=01|length=1600|model=gtr,1,1,low,1600,gtr,0.333,False,8
ils=low|rep=01|length=1600|model=gtr,1,1,low,1600,gtr,0.976,True,7
ils=low|rep=01|length=1600|model=gtr,1,1,low,1600,gtr,0.988,True,6
ils=low|rep=01|length=1600|model=gtr,1,1,low,1600,gtr,0.333,False,2
ils=low|rep=01|length=1600|model=gtr,1,1,low,1600,gtr,0.333,False,4
ils=low|rep=01|length=1600|model=gtr,1,1,low,1600,gtr,0.333,False,3
ils=low|rep=01|length=1600|model=gtr,1,1,low,1600,gtr,1.0,True,2
ils=low|rep=01|length=1600|model=gtr,1,1,low,1600,gtr,0.333,False,8
ils=low|rep=01|length=1600|model=gtr,1,1,low,1600,gtr,1.0,True,2
ils=low|rep=01|length=1600|model=gtr,1,1,low,1600,gtr,1.0,True,6
ils=low|rep=01|length=1600|model=gtr,1,1,low,1600,gtr,0.333,False,3
ils=low|rep=01|length=1600|model=gtr,1,1,low,1600,gtr,1.0,True,2
ils=low|rep=01|length=1600|model=gtr,1,1,low,1600,gtr,0.333,False,3
ils=low|rep=01|length=1600|model=gtr,1,1,low,1600,gtr,1.0,True,2
ils=low|rep=01|length=1600|model=gtr,1,1,low,1600,gtr,0.999,True,2
ils=low|rep=01|length=1600|model=gtr,1,2,low,1600,gtr,0.333,False,2
ils=low|rep=01|length=1600|model=gtr,1,2,low,1600,gtr,0.333,False,5
ils=low|rep=01|length=1600|model=gtr,1,2,low,1600,gtr,0.999,True,6
ils=low|rep=01|length=1600|model=gtr,1,2,low,1600,gtr,0.334,False,7
ils=low|rep=01|length=1600|model=gtr,1,2,low,1600,gtr,0.333,False,3
ils=low|rep=01|length=1600|model=gtr,1,2,low,1600,gtr,0.989,True,2
ils=low|rep=01|length=1600|model=gtr,1,2,low,1600,gtr,0.333,False,10
ils=low|rep=01|length=1600|model=gtr,1,2,low,1600,gtr,0.993,True,10
ils=low|rep=01|length=1600|model=gtr,1,2,low,1600,gtr,1.0,True,4
ils=low|rep=01|length=1600|model=gtr,1,2,low,1600,gtr,0.989,True,3
ils=low|rep=01|length=1600|model=gtr,1,2,low,1600,gtr,1.0,True,2
ils=low|rep=01|length=1600|model=gtr,1,2,low,1600,gtr,0.997,True,6
ils=low|rep=01|length=1600|model=gtr,1,2,low,1600,gtr,0.333,False,2
ils=low|rep=01|length=1600|model=gtr,1,2,low,1600,gtr,0.997,True,4
ils=low|rep=01|length=1600|model=gtr,1,2,low,1600,gtr,0.99,True,2
ils=low|rep=01|length=1600|model=gtr,1,2,low,1600,gtr,0.996,True,2
ils=low|rep=01|length=1600|model=gtr,1,2,low,1600,gtr,1.0,True,3
ils=low|rep=01|length=1600|model=gtr,1,2,low,1600,gtr,1.0,True,2
ils=low|rep=01|length=1600|model=gtr,1,3,low,1600,gtr,0.333,True,3
ils=low|rep=01|length=1600|model=gtr,1,3,low,1600,gtr,0.333,False,2
ils=low|rep=01|length=1600|model=gtr,1,3,low,1600,gtr,1.0,True,4
ils=low|rep=01|length=1600|model=gtr,1,3,low,1600,gtr,0.333,False,8
ils=low|rep=01|length=1600|model=gtr,1,3,low,1600,gtr,0.979,True,7
ils=low|rep=01|length=1600|model=gtr,1,3,low,1600,gtr,0.986,True,6
ils=low|rep=01|length=1600|model=gtr,1,3,low,1600,gtr,0.333,False,5
ils=low|rep=01|length=1600|model=gtr,1,3,low,1600,gtr,0.333,True,2
ils=low|rep=01|length=1600|model=gtr,1,3,low,1600,gtr,0.333,False,3
ils=low|rep=01|length=1600|model=gtr,1,3,low,1600,gtr,1.0,True,2
ils=low|rep=01|length=1600|model=gtr,1,3,low,1600,gtr,0.333,False,9
ils=low|rep=01|length=1600|model=gtr,1,3,low,1600,gtr,0.995,True,6
ils=low|rep=01|length=1600|model=gtr,1,3,low,1600,gtr,0.333,True,5
ils=low|rep=01|length=1600|model=gtr,1,3,low,1600,gtr,0.996,True,3
ils=low|rep=01|length=1600|model=gtr,1,3,low,1600,gtr,0.986,True,2
ils=low|rep=01|length=1600|model=gtr,1,3,low,1600,gtr,0.333,True,2
ils=low|rep=01|length=1600|model=gtr,1,3,low,1600,gtr,1.0,True,3
ils=low|rep=01|length=1600|model=gtr,1,3,low,1600,gtr,0.988,True,2
ils=low|rep=01|length=1600|model=gtr,1,4,low,1600,gtr,0.333,False,2
ils=low|rep=01|length=1600|model=gtr,1,4,low,1600,gtr,0.333,True,3
ils=low|rep=01|length=1600|model=gtr,1,4,low,1600,gtr,0.998,True,4
ils=low|rep=01|length=1600|model=gtr,1,4,low,1600,gtr,1.0,True,6
ils=low|rep=01|length=1600|model=gtr,1,4,low,1600,gtr,0.333,False,5
ils=low|rep=01|length=1600|model=gtr,1,4,low,1600,gtr,0.333,False,2
ils=low|rep=01|length=1600|model=gtr,1,4,low,1600,gtr,0.333,False,3
ils=low|rep=01|length=1600|model=gtr,1,4,low,1600,gtr,1.0,True,2
ils=low|rep=01|length=1600|model=gtr,1,4,low,1600,gtr,0.333,False,10
ils=low|rep=01|length=1600|model=gtr,1,4,low,1600,gtr,0.993,True,10
ils=low|rep=01|length=1600|model=gtr,1,4,low,1600,gtr,0.333,False,9
ils=low|rep=01|length=1600|model=gtr,1,4,low,1600,gtr,0.333,False,7
ils=low|rep=01|length=1600|model=gtr,1,4,low,1600,gtr,0.333,False,6
ils=low|rep=01|length=1600|model=gtr,1,4,low,1600,gtr,0.333,False,4
ils=low|rep=01|length=1600|model=gtr,1,4,low,1600,gtr,1.0,True,3
ils=low|rep=01|length=1600|model=gtr,1,4,low,1600,gtr,1.0,True,2
ils=low|rep=01|length=1600|model=gtr,1,4,low,1600,gtr,0.333,False,2
ils=low|rep=01|length=1600|model=gtr,1,4,low,1600,gtr,0.333,False,2
ils=low|rep=01|length=1600|model=gtr,1,5,low,1600,gtr,0.333,False,2
ils=low|rep=01|length=1600|model=gtr,1,5,low,1600,gtr,0.333,False,4
ils=low|rep=01|length=1600|model=gtr,1,5,low,1600,gtr,0.333,False,10
ils=low|rep=01|length=1600|model=gtr,1,5,low,1600,gtr,0.333,False,5
ils=low|rep=01|length=1600|model=gtr,1,5,low,1600,gtr,1.0,True,4
ils=low|rep=01|length=1600|model=gtr,1,5,low,1600,gtr,0.333,True,3
ils=low|rep=01|length=1600|model=gtr,1,5,low,1600,gtr,0.333,False,2
ils=low|rep=01|length=1600|model=gtr,1,5,low,1600,gtr,0.333,False,5
ils=low|rep=01|length=1600|model=gtr,1,5,low,1600,gtr,0.933,True,3
ils=low|rep=01|length=1600|model=gtr,1,5,low,1600,gtr,1.0,True,2
ils=low|rep=01|length=1600|model=gtr,1,5,low,1600,gtr,1.0,True,2
ils=low|rep=01|length=1600|model=gtr,1,5,low,1600,gtr,0.333,True,7
ils=low|rep=01|length=1600|model=gtr,1,5,low,1600,gtr,0.997,True,6
ils=low|rep=01|length=1600|model=gtr,1,5,low,1600,gtr,0.333,True,5
ils=low|rep=01|length=1600|model=gtr,1,5,low,1600,gtr,0.999,True,4
ils=low|rep=01|length=1600|model=gtr,1,5,low,1600,gtr,0.333,True,2
ils=low|rep=01|length=1600|model=gtr,1,5,low,1600,gtr,0.333,False,2
ils=low|rep=01|length=1600|model=gtr,1,5,low,1600,gtr,0.333,False,2
ils=low|rep=01|length=1600|model=gtr,1,6,low,1600,gtr,0.996,True,4
ils=low|rep=01|length=1600|model=gtr,1,6,low,1600,gtr,0.333,False,2
ils=low|rep=01|length=1600|model=gtr,1,6,low,1600,gtr,0.333,True,2
ils=low|rep=01|length=1600|model=gtr,1,6,low,1600,gtr,0.333,False,5
ils=low|rep=01|length=1600|model=gtr,1,6,low,1600,gtr,1.0,True,10
ils=low|rep=01|length=1600|model=gtr,1,6,low,1600,gtr,1.0,True,6
ils=low|rep=01|length=1600|model=gtr,1,6,low,1600,gtr,0.333,False,5
ils=low|rep=01|length=1600|model=gtr,1,6,low,1600,gtr,0.333,False,2
ils=low|rep=01|length=1600|model=gtr,1,6,low,1600,gtr,0.995,True,3
ils=low|rep=01|length=1600|model=gtr,1,6,low,1600,gtr,0.997,True,2
ils=low|rep=01|length=1600|model=gtr,1,6,low,1600,gtr,0.333,False,4
ils=low|rep=01|length=1600|model=gtr,1,6,low,1600,gtr,1.0,True,3
ils=low|rep=01|length=1600|model=gtr,1,6,low,1600,gtr,0.99,True,2
ils=low|rep=01|length=1600|model=gtr,1,6,low,1600,gtr,1.0,True,6
ils=low|rep=01|length=1600|model=gtr,1,6,low,1600,gtr,0.333,True,2
ils=low|rep=01|length=1600|model=gtr,1,6,low,1600,gtr,0.99,True,4
ils=low|rep=01|length=1600|model=gtr,1,6,low,1600,gtr,1.0,True,2
ils=low|rep=01|length=1600|model=gtr,1,6,low,1600,gtr,1.0,True,2
ils=low|rep=01|length=1600|model=gtr,1,7,low,1600,gtr,0.964,True,10
ils=low|rep=01|length=1600|model=gtr,1,7,low,1600,gtr,1.0,True,3
ils=low|rep=01|length=1600|model=gtr,1,7,low,1600,gtr,0.333,True,2
ils=low|rep=01|length=1600|model=gtr,1,7,low,1600,gtr,0.333,True,7
ils=low|rep=01|length=1600|model=gtr,1,7,low,1600,gtr,1.0,True,6
ils=low|rep=01|length=1600|model=gtr,1,7,low,1600,gtr,0.333,False,5
ils=low|rep=01|length=1600|model=gtr,1,7,low,1600,gtr,0.333,False,2
ils=low|rep=01|length=1600|model=gtr,1,7,low,1600,gtr,1.0,True,3
ils=low|rep=01|length=1600|model=gtr,1,7,low,1600,gtr,1.0,True,2
ils=low|rep=01|length=1600|model=gtr,1,7,low,1600,gtr,0.961,True,10
ils=low|rep=01|length=1600|model=gtr,1,7,low,1600,gtr,1.0,True,4
ils=low|rep=01|length=1600|model=gtr,1,7,low,1600,gtr,1.0,True,2
ils=low|rep=01|length=1600|model=gtr,1,7,low,1600,gtr,1.0,True,2
ils=low|rep=01|length=1600|model=gtr,1,7,low,1600,gtr,0.99,True,6
ils=low|rep=01|length=1600|model=gtr,1,7,low,1600,gtr,0.992,True,5
ils=low|rep=01|length=1600|model=gtr,1,7,low,1600,gtr,0.333,False,3
ils=low|rep=01|length=1600|model=gtr,1,7,low,1600,gtr,0.333,False,2
ils=low|rep=01|length=1600|model=gtr,1,7,low,1600,gtr,0.997,False,2
ils=low|rep=01|length=1600|model=hky_g4,1,1,low,1600,hky_g4,0.333,True,2
ils=low|rep=01|length=1600|model=hky_g4,1,1,low,1600,hky_g4,0.991,True,2
ils=low|rep=01|length=1600|model=hky_g4,1,1,low,1600,hky_g4,1.0,True,4
ils=low|rep=01|length=1600|model=hky_g4,1,1,low,1600,hky_g4,0.76,True,5
ils=low|rep=01|length=1600|model=hky_g4,1,1,low,1600,hky_g4,0.333,False,8
ils=low|rep=01|length=1600|model=hky_g4,1,1,low,1600,hky_g4,0.921,True,7
ils=low|rep=01|length=1600|model=hky_g4,1,1,low,1600,hky_g4,0.96,True,6
ils=low|rep=01|length=1600|model=hky_g4,1,1,low,1600,hky_g4,0.333,True,4
ils=low|rep=01|length=1600|model=hky_g4,1,1,low,1600,hky_g4,0.333,False,3
ils=low|rep=01|length=1600|model=hky_g4,1,1,low,1600,hky_g4,1.0,True,2
ils=low|rep=01|length=1600|model=hky_g4,1,1,low,1600,hky_g4,0.333,False,2
ils=low|rep=01|length=1600|model=hky_g4,1,1,low,1600,hky_g4,0.999,True,6
ils=low|rep=01|length=1600|model=hky_g4,1,1,low,1600,hky_g4,0.333,False,3
ils=low|rep=01|length=1600|model=hky_g4,1,1,low,1600,hky_g4,1.0,True,2
ils=low|rep=01|length=1600|model=hky_g4,1,1,low,1600,hky_g4,0.333,False,3
ils=low|rep=01|length=1600|model=hky_g4,1,1,low,1600,hky_g4,0.997,True,2
ils=low|rep=01|length=1600|model=hky_g4,1,1,low,1600,hky_g4,0.333,True,3
ils=low|rep=01|length=1600|model=hky_g4,1,1,low,1600,hky_g4,1.0,True,2
ils=low|rep=01|length=1600|model=hky_g4,1,2,low,1600,hky_g4,0.333,False,2
ils=low|rep=01|length=1600|model=hky_g4,1,2,low,1600,hky_g4,0.334,False,5
ils=low|rep=01|length=1600|model=hky_g4,1,2,low,1600,hky_g4,0.998,True,6
ils=low|rep=01|length=1600|model=hky_g4,1,2,low,1600,hky_g4,0.334,False,7
ils=low|rep=01|length=1600|model=hky_g4,1,2,low,1600,hky_g4,0.333,False,3
ils=low|rep=01|length=1600|model=hky_g4,1,2,low,1600,hky_g4,0.984,True,2
ils=low|rep=01|length=1600|model=hky_g4,1,2,low,1600,hky_g4,0.333,False,10
ils=low|rep=01|length=1600|model=hky_g4,1,2,low,1600,hky_g4,0.991,True,10
ils=low|rep=01|length=1600|model=hky_g4,1,2,low,1600,hky_g4,1.0,True,4
ils=low|rep=01|length=1600|model=hky_g4,1,2,low,1600,hky_g4,0.983,True,3
ils=low|rep=01|length=1600|model=hky_g4,1,2,low,1600,hky_g4,1.0,True,2
ils=low|rep=01|length=1600|model=hky_g4,1,2,low,1600,hky_g4,0.995,True,6
ils=low|rep=01|length=1600|model=hky_g4,1,2,low,1600,hky_g4,0.333,True,5
ils=low|rep=01|length=1600|model=hky_g4,1,2,low,1600,hky_g4,0.996,True,4
ils=low|rep=01|length=1600|model=hky_g4,1,2,low,1600,hky_g4,0.984,True,2
ils=low|rep=01|length=1600|model=hky_g4,1,2,low,1600,hky_g4,0.994,True,2
ils=low|rep=01|length=1600|model=hky_g4,1,2,low,1600,hky_g4,0.999,True,3
ils=low|rep=01|length=1600|model=hky_g4,1,2,low,1600,hky_g4,1.0,True,2
ils=low|rep=01|length=1600|model=hky_g4,1,3,low,1600,hky_g4,0.333,False,2
ils=low|rep=01|length=1600|model=hky_g4,1,3,low,1600,hky_g4,0.333,False,3
ils=low|rep=01|length=1600|model=hky_g4,1,3,low,1600,hky_g4,1.0,True,4
ils=low|rep=01|length=1600|model=hky_g4,1,3,low,1600,hky_g4,0.333,False,7
ils=low|rep=01|length=1600|model=hky_g4,1,3,low,1600,hky_g4,0.333,False,8
ils=low|rep=01|length=1600|model=hky_g4,1,3,low,1600,hky_g4,0.959,True,7
ils=low|rep=01|length=1600|model=hky_g4,1,3,low,1600,hky_g4,0.982,True,6
ils=low|rep=01|length=1600|model=hky_g4,1,3,low,1600,hky_g4,0.333,False,5
ils=low|rep=01|length=1600|model=hky_g4,1,3,low,1600,hky_g4,0.333,False,3
ils=low|rep=01|length=1600|model=hky_g4,1,3,low,1600,hky_g4,1.0,True,2
ils=low|rep=01|length=1600|model=hky_g4,1,3,low,1600,hky_g4,0.333,False,2
ils=low|rep=01|length=1600|model=hky_g4,1,3,low,1600,hky_g4,0.994,True,6
ils=low|rep=01|length=1600|model=hky_g4,1,3,low,1600,hky_g4,0.333,True,5
ils=low|rep=01|length=1600|model=hky_g4,1,3,low,1600,hky_g4,0.995,True,3
ils=low|rep=01|length=1600|model=hky_g4,1,3,low,1600,hky_g4,0.983,True,2
ils=low|rep=01|length=1600|model=hky_g4,1,3,low,1600,hky_g4,0.333,True,2
ils=low|rep=01|length=1600|model=hky_g4,1,3,low,1600,hky_g4,1.0,True,3
ils=low|rep=01|length=1600|model=hky_g4,1,3,low,1600,hky_g4,0.984,True,2
ils=low|rep=01|length=1600|model=hky_g4,1,4,low,1600,hky_g4,0.333,True,2
ils=low|rep=01|length=1600|model=hky_g4,1,4,low,1600,hky_g4,0.333,True,3
ils=low|rep=01|length=1600|model=hky_g4,1,4,low,1600,hky_g4,0.992,True,4
ils=low|rep=01|length=1600|model=hky_g4,1,4,low,1600,hky_g4,1.0,True,6
ils=low|rep=01|length=1600|model=hky_g4,1,4,low,1600,hky_g4,0.333,False,4
ils=low|rep=01|length=1600|model=hky_g4,1,4,low,1600,hky_g4,0.333,False,2
ils=low|rep=01|length=1600|model=hky_g4,1,4,low,1600,hky_g4,0.333,False,2
ils=low|rep=01|length=1600|model=hky_g4,1,4,low,1600,hky_g4,1.0,True,2
ils=low|rep=01|length=1600|model=hky_g4,1,4,low,1600,hky_g4,0.333,False,10
ils=low|rep=01|length=1600|model=hky_g4,1,4,low,1600,hky_g4,0.969,True,10
ils=low|rep=01|length=1600|model=hky_g4,1,4,low,1600,hky_g4,0.333,False,9
ils=low|rep=01|length=1600|model=hky_g4,1,4,low,1600,hky_g4,0.333,False,7
ils=low|rep=01|length=1600|model=hky_g4,1,4,low,1600,hky_g4,0.333,False,6
ils=low|rep=01|length=1600|model=hky_g4,1,4,low,1600,hky_g4,0.333,False,4
ils=low|rep=01|length=1600|model=hky_g4,1,4,low,1600,hky_g4,0.999,True,3
ils=low|rep=01|length=1600|model=hky_g4,1,4,low,1600,hky_g4,1.0,True,2
ils=low|rep=01|length=1600|model=hky_g4,1,4,low,1600,hky_g4,0.333,False,2
ils=low|rep=01|length=1600|model=hky_g4,1,4,low,1600,hky_g4,0.333,False,2
ils=low|rep=01|length=1600|model=hky_g4,1,5,low,1600,hky_g4,0.333,False,2
ils=low|rep=01|length=1600|model=hky_g4,1,5,low,1600,hky_g4,0.333,False,10
ils=low|rep=01|length=1600|model=hky_g4,1,5,low,1600,hky_g4,0.333,False,8
ils=low|rep=01|length=1600|model=hky_g4,1,5,low,1600,hky_g4,0.333,False,5
ils=low|rep=01|length=1600|model=hky_g4,1,5,low,1600,hky_g4,1.0,True,4
ils=low|rep=01|length=1600|model=hky_g4,1,5,low,1600,hky_g4,0.333,True,3
ils=low|rep=01|length=1600|model=hky_g4,1,5,low,1600,hky_g4,0.333,False,2
ils=low|rep=01|length=1600|model=hky_g4,1,5,low,1600,hky_g4,0.333,False,3
ils=low|rep=01|length=1600|model=hky_g4,1,5,low,1600,hky_g4,1.0,True,2
ils=low|rep=01|length=1600|model=hky_g4,1,5,low,1600,hky_g4,0.333,True,2
ils=low|rep=01|length=1600|model=hky_g4,1,5,low,1600,hky_g4,0.333,False,9
ils=low|rep=01|length=1600|model=hky_g4,1,5,low,1600,hky_g4,0.999,True,6
ils=low|rep=01|length=1600|model=hky_g4,1,5,low,1600,hky_g4,0.333,False,2
ils=low|rep=01|length=1600|model=hky_g4,1,5,low,1600,hky_g4,0.999,True,4
ils=low|rep=01|length=1600|model=hky_g4,1,5,low,1600,hky_g4,0.333,True,2
ils=low|rep=01|length=1600|model=hky_g4,1,5,low,1600,hky_g4,0.333,False,2
ils=low|rep=01|length=1600|model=hky_g4,1,5,low,1600,hky_g4,0.882,True,3
ils=low|rep=01|length=1600|model=hky_g4,1,5,low,1600,hky_g4,1.0,True,2
ils=low|rep=01|length=1600|model=hky_g4,1,6,low,1600,hky_g4,0.987,True,4
ils=low|rep=01|length=1600|model=hky_g4,1,6,low,1600,hky_g4,0.333,False,2
ils=low|rep=01|length=1600|model=hky_g4,1,6,low,1600,hky_g4,0.333,True,2
ils=low|rep=01|length=1600|model=hky_g4,1,6,low,1600,hky_g4,0.333,False,5
ils=low|rep=01|length=1600|model=hky_g4,1,6,low,1600,hky_g4,0.998,True,10
ils=low|rep=01|length=1600|model=hky_g4,1,6,low,1600,hky_g4,1.0,True,6
ils=low|rep=01|length=1600|model=hky_g4,1,6,low,1600,hky_g4,0.333,False,3
ils=low|rep=01|length=1600|model=hky_g4,1,6,low,1600,hky_g4,0.333,False,2
ils=low|rep=01|length=1600|model=hky_g4,1,6,low,1600,hky_g4,0.983,True,3
ils=low|rep=01|length=1600|model=hky_g4,1,6,low,1600,hky_g4,0.989,True,2
ils=low|rep=01|length=1600|model=hky_g4,1,6,low,1600,hky_g4,0.333,False,4
ils=low|rep=01|length=1600|model=hky_g4,1,6,low,1600,hky_g4,1.0,True,3
ils=low|rep=01|length=1600|model=hky_g4,1,6,low,1600,hky_g4,0.97,True,2
ils=low|rep=01|length=1600|model=hky_g4,1,6,low,1600,hky_g4,1.0,True,6
ils=low|rep=01|length=1600|model=hky_g4,1,6,low,1600,hky_g4,0.333,True,2
ils=low|rep=01|length=1600|model=hky_g4,1,6,low,1600,hky_g4,0.953,True,4
ils=low|rep=01|length=1600|model=hky_g4,1,6,low,1600,hky_g4,1.0,True,2
ils=low|rep=01|length=1600|model=hky_g4,1,6,low,1600,hky_g4,1.0,True,2
ils=low|rep=01|length=1600|model=hky_g4,1,7,low,1600,hky_g4,0.921,True,10
ils=low|rep=01|length=1600|model=hky_g4,1,7,low,1600,hky_g4,0.333,False,9
ils=low|rep=01|length=1600|model=hky_g4,1,7,low,1600,hky_g4,1.0,True,3
ils=low|rep=01|length=1600|model=hky_g4,1,7,low,1600,hky_g4,0.333,True,2
ils=low|rep=01|length=1600|model=hky_g4,1,7,low,1600,hky_g4,1.0,True,6
ils=low|rep=01|length=1600|model=hky_g4,1,7,low,1600,hky_g4,0.333,False,5
ils=low|rep=01|length=1600|model=hky_g4,1,7,low,1600,hky_g4,0.333,False,2
ils=low|rep=01|length=1600|model=hky_g4,1,7,low,1600,hky_g4,0.999,True,3
ils=low|rep=01|length=1600|model=hky_g4,1,7,low,1600,hky_g4,0.997,True,2
ils=low|rep=01|length=1600|model=hky_g4,1,7,low,1600,hky_g4,0.916,True,10
ils=low|rep=01|length=1600|model=hky_g4,1,7,low,1600,hky_g4,1.0,True,4
ils=low|rep=01|length=1600|model=hky_g4,1,7,low,1600,hky_g4,0.999,True,2
ils=low|rep=01|length=1600|model=hky_g4,1,7,low,1600,hky_g4,0.999,True,2
ils=low|rep=01|length=1600|model=hky_g4,1,7,low,1600,hky_g4,0.968,True,6
ils=low|rep=01|length=1600|model=hky_g4,1,7,low,1600,hky_g4,0.97,True,5
ils=low|rep=01|length=1600|model=hky_g4,1,7,low,1600,hky_g4,0.333,False,3
ils=low|rep=01|length=1600|model=hky_g4,1,7,low,1600,hky_g4,0.333,False,2
ils=low|rep=01|length=1600|model=hky_g4,1,7,low,1600,hky_g4,0.981,False,2
ils=low|rep=01|length=1600|model=hky,1,1,low,1600,hky,0.333,True,2
ils=low|rep=01|length=1600|model=hky,1,1,low,1600,hky,0.997,True,2
ils=low|rep=01|length=1600|model=hky,1,1,low,1600,hky,1.0,True,4
ils=low|rep=01|length=1600|model=hky,1,1,low,1600,hky,0.914,True,5
ils=low|rep=01|length=1600|model=hky,1,1,low,1600,hky,0.333,False,6
ils=low|rep=01|length=1600|model=hky,1,1,low,1600,hky,0.333,False,9
ils=low|rep=01|length=1600|model=hky,1,1,low,1600,hky,0.977,True,7
ils=low|rep=01|length=1600|model=hky,1,1,low,1600,hky,0.988,True,6
ils=low|rep=01|length=1600|model=hky,1,1,low,1600,hky,0.333,True,5
ils=low|rep=01|length=1600|model=hky,1,1,low,1600,hky,0.333,False,3
ils=low|rep=01|length=1600|model=hky,1,1,low,1600,hky,0.333,False,2
ils=low|rep=01|length=1600|model=hky,1,1,low,1600,hky,1.0,True,2
ils=low|rep=01|length=1600|model=hky,1,1,low,1600,hky,1.0,True,2
ils=low|rep=01|length=1600|model=hky,1,1,low,1600,hky,1.0,True,6
ils=low|rep=01|length=1600|model=hky,1,1,low,1600,hky,0.333,False,3
ils=low|rep=01|length=1600|model=hky,1,1,low,1600,hky,1.0,True,2
ils=low|rep=01|length=1600|model=hky,1,1,low,1600,hky,0.333,False,3
ils=low|rep=01|length=1600|model=hky,1,1,low,1600,hky,1.0,True,2
ils=low|rep=01|length=1600|model=hky,1,2,low,1600,hky,0.333,False,2
ils=low|rep=01|length=1600|model=hky,1,2,low,1600,hky,0.334,False,5
ils=low|rep=01|length=1600|model=hky,1,2,low,1600,hky,0.998,True,6
ils=low|rep=01|length=1600|model=hky,1,2,low,1600,hky,0.334,False,7
ils=low|rep=01|length=1600|model=hky,1,2,low,1600,hky,0.333,False,10
ils=low|rep=01|length=1600|model=hky,1,2,low,1600,hky,0.993,True,10
ils=low|rep=01|length=1600|model=hky,1,2,low,1600,hky,1.0,True,4
ils=low|rep=01|length=1600|model=hky,1,2,low,1600,hky,0.987,True,3
ils=low|rep=01|length=1600|model=hky,1,2,low,1600,hky,1.0,True,2
ils=low|rep=01|length=1600|model=hky,1,2,low,1600,hky,0.996,True,6
ils=low|rep=01|length=1600|model=hky,1,2,low,1600,hky,0.333,True,5
ils=low|rep=01|length=1600|model=hky,1,2,low,1600,hky,0.997,True,4
ils=low|rep=01|length=1600|model=hky,1,2,low,1600,hky,0.987,True,2
ils=low|rep=01|length=1600|model=hky,1,2,low,1600,hky,0.996,True,2
ils=low|rep=01|length=1600|model=hky,1,2,low,1600,hky,0.333,True,3
ils=low|rep=01|length=1600|model=hky,1,2,low,1600,hky,0.988,True,2
ils=low|rep=01|length=1600|model=hky,1,2,low,1600,hky,1.0,True,3
ils=low|rep=01|length=1600|model=hky,1,2,low,1600,hky,1.0,True,2
ils=low|rep=01|length=1600|model=hky,1,3,low,1600,hky,0.333,True,3
ils=low|rep=01|length=1600|model=hky,1,3,low,1600,hky,0.333,False,2
ils=low|rep=01|length=1600|model=hky,1,3,low,1600,hky,1.0,True,4
ils=low|rep=01|length=1600|model=hky,1,3,low,1600,hky,0.333,False,8
ils=low|rep=01|length=1600|model=hky,1,3,low,1600,hky,0.973,True,7
ils=low|rep=01|length=1600|model=hky,1,3,low,1600,hky,0.988,True,6
ils=low|rep=01|length=1600|model=hky,1,3,low,1600,hky,0.333,False,5
ils=low|rep=01|length=1600|model=hky,1,3,low,1600,hky,0.333,True,2
ils=low|rep=01|length=1600|model=hky,1,3,low,1600,hky,0.333,False,3
ils=low|rep=01|length=1600|model=hky,1,3,low,1600,hky,1.0,True,2
ils=low|rep=01|length=1600|model=hky,1,3,low,1600,hky,0.333,False,9
ils=low|rep=01|length=1600|model=hky,1,3,low,1600,hky,0.999,True,6
ils=low|rep=01|length=1600|model=hky,1,3,low,1600,hky,0.333,False,5
ils=low|rep=01|length=1600|model=hky,1,3,low,1600,hky,0.997,True,3
ils=low|rep=01|length=1600|model=hky,1,3,low,1600,hky,0.989,True,2
ils=low|rep=01|length=1600|model=hky,1,3,low,1600,hky,0.333,False,2
ils=low|rep=01|length=1600|model=hky,1,3,low,1600,hky,1.0,True,3
ils=low|rep=01|length=1600|model=hky,1,3,low,1600,hky,0.989,True,2
ils=low|rep=01|length=1600|model=hky,1,4,low,1600,hky,0.333,False,2
ils=low|rep=01|length=1600|model=hky,1,4,low,1600,hky,0.333,False,3
ils=low|rep=01|length=1600|model=hky,1,4,low,1600,hky,0.999,True,4
ils=low|rep=01|length=1600|model=hky,1,4,low,1600,hky,1.0,True,6
ils=low|rep=01|length=1600|model=hky,1,4,low,1600,hky,0.333,False,5
ils=low|rep=01|length=1600|model=hky,1,4,low,1600,hky,0.333,False,2
ils=low|rep=01|length=1600|model=hky,1,4,low,1600,hky,0.333,False,3
ils=low|rep=01|length=1600|model=hky,1,4,low,1600,hky,1.0,True,2
ils=low|rep=01|length=1600|model=hky,1,4,low,1600,hky,0.333,False,10
ils=low|rep=01|length=1600|model=hky,1,4,low,1600,hky,0.992,True,10
ils=low|rep=01|length=1600|model=hky,1,4,low,1600,hky,0.333,False,9
ils=low|rep=01|length=1600|model=hky,1,4,low,1600,hky,0.333,False,7
ils=low|rep=01|length=1600|model=hky,1,4,low,1600,hky,0.333,False,5
ils=low|rep=01|length=1600|model=hky,1,4,low,1600,hky,0.333,False,4
ils=low|rep=01|length=1600|model=hky,1,4,low,1600,hky,1.0,True,3
ils=low|rep=01|length=1600|model=hky,1,4,low,1600,hky,1.0,True,2
ils=low|rep=01|length=1600|model=hky,1,4,low,1600,hky,0.333,False,2
ils=low|rep=01|length=1600|model=hky,1,4,low,1600,hky,0.333,False,2
ils=low|rep=01|length=1600|model=hky,1,5,low,1600,hky,0.333,False,2
ils=low|rep=01|length=1600|model=hky,1,5,low,1600,hky,0.333,False,5
ils=low|rep=01|length=1600|model=hky,1,5,low,1600,hky,1.0,True,4
ils=low|rep=01|length=1600|model=hky,1,5,low,1600,hky,0.333,True,3
ils=low|rep=01|length=1600|model=hky,1,5,low,1600,hky,0.333,False,2
ils=low|rep=01|length=1600|model=hky,1,5,low,1600,hky,0.333,False,7
ils=low|rep=01|length=1600|model=hky,1,5,low,1600,hky,0.333,False,9
ils=low|rep=01|length=1600|model=hky,1,5,low,1600,hky,0.333,True,7
ils=low|rep=01|length=1600|model=hky,1,5,low,1600,hky,0.999,True,6
ils=low|rep=01|length=1600|model=hky,1,5,low,1600,hky,0.333,False,2
ils=low|rep=01|length=1600|model=hky,1,5,low,1600,hky,0.998,True,4
ils=low|rep=01|length=1600|model=hky,1,5,low,1600,hky,0.333,True,3
ils=low|rep=01|length=1600|model=hky,1,5,low,1600,hky,0.333,True,2
ils=low|rep=01|length=1600|model=hky,1,5,low,1600,hky,0.333,False,5
ils=low|rep=01|length=1600|model=hky,1,5,low,1600,hky,0.925,True,3
ils=low|rep=01|length=1600|model=hky,1,5,low,1600,hky,1.0,True,2
ils=low|rep=01|length=1600|model=hky,1,5,low,1600,hky,1.0,True,2
ils=low|rep=01|length=1600|model=hky,1,5,low,1600,hky,0.333,True,2
ils=low|rep=01|length=1600|model=hky,1,6,low,1600,hky,0.996,True,4
ils=low|rep=01|length=1600|model=hky,1,6,low,1600,hky,0.333,False,2
ils=low|rep=01|length=1600|model=hky,1,6,low,1600,hky,0.333,True,2
ils=low|rep=01|length=1600|model=hky,1,6,low,1600,hky,0.333,False,5
ils=low|rep=01|length=1600|model=hky,1,6,low,1600,hky,0.999,True,10
ils=low|rep=01|length=1600|model=hky,1,6,low,1600,hky,1.0,True,6
ils=low|rep=01|length=1600|model=hky,1,6,low,1600,hky,0.333,False,3
ils=low|rep=01|length=1600|model=hky,1,6,low,1600,hky,0.333,False,2
ils=low|rep=01|length=1600|model=hky,1,6,low,1600,hky,0.996,True,3
ils=low|rep=01|length=1600|model=hky,1,6,low,1600,hky,0.997,True,2
ils=low|rep=01|length=1600|model=hky,1,6,low,1600,hky,0.333,False,4
ils=low|rep=01|length=1600|model=hky,1,6,low,1600,hky,1.0,True,3
ils=low|rep=01|length=1600|model=hky,1,6,low,1600,hky,0.991,True,2
ils=low|rep=01|length=1600|model=hky,1,6,low,1600,hky,1.0,True,6
ils=low|rep=01|length=1600|model=hky,1,6,low,1600,hky,0.333,True,2
ils=low|rep=01|length=1600|model=hky,1,6,low,1600,hky,0.987,True,4
ils=low|rep=01|length=1600|model=hky,1,6,low,1600,hky,1.0,True,2
ils=low|rep=01|length=1600|model=hky,1,6,low,1600,hky,1.0,True,2
ils=low|rep=01|length=1600|model=hky,1,7,low,1600,hky,0.975,True,10
ils=low|rep=01|length=1600|model=hky,1,7,low,1600,hky,1.0,True,3
ils=low|rep=01|length=1600|model=hky,1,7,low,1600,hky,0.333,True,2
ils=low|rep=01|length=1600|model=hky,1,7,low,1600,hky,0.333,True,7
ils=low|rep=01|length=1600|model=hky,1,7,low,1600,hky,1.0,True,6
ils=low|rep=01|length=1600|model=hky,1,7,low,1600,hky,0.333,False,5
ils=low|rep=01|length=1600|model=hky,1,7,low,1600,hky,0.333,False,2
ils=low|rep=01|length=1600|model=hky,1,7,low,1600,hky,1.0,True,3
ils=low|rep=01|length=1600|model=hky,1,7,low,1600,hky,1.0,True,2
ils=low|rep=01|length=1600|model=hky,1,7,low,1600,hky,0.973,True,10
ils=low|rep=01|length=1600|model=hky,1,7,low,1600,hky,1.0,True,4
ils=low|rep=01|length=1600|model=hky,1,7,low,1600,hky,1.0,True,2
ils=low|rep=01|length=1600|model=hky,1,7,low,1600,hky,1.0,True,2
ils=low|rep=01|length=1600|model=hky,1,7,low,1600,hky,0.99,True,6
ils=low|rep=01|length=1600|model=hky,1,7,low,1600,hky,0.992,True,5
ils=low|rep=01|length=1600|model=hky,1,7,low,1600,hky,0.333,False,3
ils=low|rep=01|length=1600|model=hky,1,7,low,1600,hky,0.333,False,2
ils=low|rep=01|length=1600|model=hky,1,7,low,1600,hky,0.995,False,2
ils=low|rep=01|length=1600|model=jc,1,1,low,1600,jc,0.333,True,2
ils=low|rep=01|length=1600|model=jc,1,1,low,1600,jc,0.998,True,2
ils=low|rep=01|length=1600|model=jc,1,1,low,1600,jc,1.0,True,4
ils=low|rep=01|length=1600|model=jc,1,1,low,1600,jc,0.918,True,5
ils=low|rep=01|length=1600|model=jc,1,1,low,1600,jc,0.333,True,10
ils=low|rep=01|length=1600|model=jc,1,1,low,1600,jc,0.988,True,7
ils=low|rep=01|length=1600|model=jc,1,1,low,1600,jc,0.988,True,6
ils=low|rep=01|length=1600|model=jc,1,1,low,1600,jc,0.333,True,5
ils=low|rep=01|length=1600|model=jc,1,1,low,1600,jc,0.333,False,4
ils=low|rep=01|length=1600|model=jc,1,1,low,1600,jc,0.333,False,2
ils=low|rep=01|length=1600|model=jc,1,1,low,1600,jc,1.0,True,2
ils=low|rep=01|length=1600|model=jc,1,1,low,1600,jc,0.333,True,3
ils=low|rep=01|length=1600|model=jc,1,1,low,1600,jc,1.0,True,2
ils=low|rep=01|length=1600|model=jc,1,1,low,1600,jc,0.999,True,6
ils=low|rep=01|length=1600|model=jc,1,1,low,1600,jc,0.333,False,3
ils=low|rep=01|length=1600|model=jc,1,1,low,1600,jc,1.0,True,2
ils=low|rep=01|length=1600|model=jc,1,1,low,1600,jc,0.333,False,3
ils=low|rep=01|length=1600|model=jc,1,1,low,1600,jc,1.0,True,2
ils=low|rep=01|length=1600|model=jc,1,2,low,1600,jc,0.333,False,2
ils=low|rep=01|length=1600|model=jc,1,2,low,1600,jc,0.334,False,5
ils=low|rep=01|length=1600|model=jc,1,2,low,1600,jc,0.999,True,6
ils=low|rep=01|length=1600|model=jc,1,2,low,1600,jc,0.333,False,7
ils=low|rep=01|length=1600|model=jc,1,2,low,1600,jc,0.333,False,3
ils=low|rep=01|length=1600|model=jc,1,2,low,1600,jc,0.993,True,2
ils=low|rep=01|length=1600|model=jc,1,2,low,1600,jc,0.333,False,10
ils=low|rep=01|length=1600|model=jc,1,2,low,1600,jc,0.996,True,10
ils=low|rep=01|length=1600|model=jc,1,2,low,1600,jc,1.0,True,4
ils=low|rep=01|length=1600|model=jc,1,2,low,1600,jc,0.986,True,3
ils=low|rep=01|length=1600|model=jc,1,2,low,1600,jc,1.0,True,2
ils=low|rep=01|length=1600|model=jc,1,2,low,1600,jc,0.996,True,6
ils=low|rep=01|length=1600|model=jc,1,2,low,1600,jc,0.333,False,5
ils=low|rep=01|length=1600|model=jc,1,2,low,1600,jc,0.998,True,4
ils=low|rep=01|length=1600|model=jc,1,2,low,1600,jc,0.987,True,2
ils=low|rep=01|length=1600|model=jc,1,2,low,1600,jc,0.998,True,2
ils=low|rep=01|length=1600|model=jc,1,2,low,1600,jc,0.999,True,3
ils=low|rep=01|length=1600|model=jc,1,2,low,1600,jc,1.0,True,2
ils=low|rep=01|length=1600|model=jc,1,3,low,1600,jc,0.333,False,2
ils=low|rep=01|length=1600|model=jc,1,3,low,1600,jc,0.333,False,3
ils=low|rep=01|length=1600|model=jc,1,3,low,1600,jc,1.0,True,4
ils=low|rep=01|length=1600|model=jc,1,3,low,1600,jc,0.333,True,10
ils=low|rep=01|length=1600|model=jc,1,3,low,1600,jc,0.333,False,4
ils=low|rep=01|length=1600|model=jc,1,3,low,1600,jc,1.0,True,3
ils=low|rep=01|length=1600|model=jc,1,3,low,1600,jc,0.987,True,2
ils=low|rep=01|length=1600|model=jc,1,3,low,1600,jc,1.0,True,6
ils=low|rep=01|length=1600|model=jc,1,3,low,1600,jc,0.333,False,4
ils=low|rep=01|length=1600|model=jc,1,3,low,1600,jc,0.994,True,3
ils=low|rep=01|length=1600|model=jc,1,3,low,1600,jc,0.994,True,2
ils=low|rep=01|length=1600|model=jc,1,3,low,1600,jc,0.333,True,2
ils=low|rep=01|length=1600|model=jc,1,3,low,1600,jc,0.98,True,7
ils=low|rep=01|length=1600|model=jc,1,3,low,1600,jc,0.98,True,6
ils=low|rep=01|length=1600|model=jc,1,3,low,1600,jc,0.333,False,5
ils=low|rep=01|length=1600|model=jc,1,3,low,1600,jc,0.333,False,3
ils=low|rep=01|length=1600|model=jc,1,3,low,1600,jc,1.0,True,2
ils=low|rep=01|length=1600|model=jc,1,3,low,1600,jc,0.333,False,2
ils=low|rep=01|length=1600|model=jc,1,4,low,1600,jc,0.333,False,3
ils=low|rep=01|length=1600|model=jc,1,4,low,1600,jc,0.333,False,2
ils=low|rep=01|length=1600|model=jc,1,4,low,1600,jc,0.999,True,4
ils=low|rep=01|length=1600|model=jc,1,4,low,1600,jc,0.333,False,7
ils=low|rep=01|length=1600|model=jc,1,4,low,1600,jc,1.0,True,6
ils=low|rep=01|length=1600|model=jc,1,4,low,1600,jc,0.333,True,5
ils=low|rep=01|length=1600|model=jc,1,4,low,1600,jc,0.333,False,3
ils=low|rep=01|length=1600|model=jc,1,4,low,1600,jc,1.0,True,2
ils=low|rep=01|length=1600|model=jc,1,4,low,1600,jc,0.333,True,2
ils=low|rep=01|length=1600|model=jc,1,4,low,1600,jc,0.999,True,10
ils=low|rep=01|length=1600|model=jc,1,4,low,1600,jc,0.333,False,9
ils=low|rep=01|length=1600|model=jc,1,4,low,1600,jc,0.333,False,8
ils=low|rep=01|length=1600|model=jc,1,4,low,1600,jc,0.333,False,4
ils=low|rep=01|length=1600|model=jc,1,4,low,1600,jc,1.0,True,3
ils=low|rep=01|length=1600|model=jc,1,4,low,1600,jc,1.0,True,2
ils=low|rep=01|length=1600|model=jc,1,4,low,1600,jc,0.333,False,4
ils=low|rep=01|length=1600|model=jc,1,4,low,1600,jc,0.333,False,2
ils=low|rep=01|length=1600|model=jc,1,4,low,1600,jc,0.333,False,2
ils=low|rep=01|length=1600|model=jc,1,5,low,1600,jc,0.333,False,2
ils=low|rep=01|length=1600|model=jc,1,5,low,1600,jc,0.333,False,5
ils=low|rep=01|length=1600|model=jc,1,5,low,1600,jc,1.0,True,4
ils=low|rep=01|length=1600|model=jc,1,5,low,1600,jc,0.333,True,3
ils=low|rep=01|length=1600|model=jc,1,5,low,1600,jc,0.333,False,2
ils=low|rep=01|length=1600|model=jc,1,5,low,1600,jc,0.333,False,7
ils=low|rep=01|length=1600|model=jc,1,5,low,1600,jc,0.333,False,7
ils=low|rep=01|length=1600|model=jc,1,5,low,1600,jc,0.333,False,2
ils=low|rep=01|length=1600|model=jc,1,5,low,1600,jc,0.333,False,5
ils=low|rep=01|length=1600|model=jc,1,5,low,1600,jc,0.95,True,3
ils=low|rep=01|length=1600|model=jc,1,5,low,1600,jc,1.0,True,2
ils=low|rep=01|length=1600|model=jc,1,5,low,1600,jc,1.0,True,2
ils=low|rep=01|length=1600|model=jc,1,5,low,1600,jc,0.333,False,7
ils=low|rep=01|length=1600|model=jc,1,5,low,1600,jc,0.998,True,6
ils=low|rep=01|length=1600|model=jc,1,5,low,1600,jc,0.333,True,5
ils=low|rep=01|length=1600|model=jc,1,5,low,1600,jc,0.999,True,4
ils=low|rep=01|length=1600|model=jc,1,5,low,1600,jc,0.333,True,2
ils=low|rep=01|length=1600|model=jc,1,5,low,1600,jc,0.333,False,2
ils=low|rep=01|length=1600|model=jc,1,6,low,1600,jc,0.333,True,7
ils=low|rep=01|length=1600|model=jc,1,6,low,1600,jc,0.999,True,4
ils=low|rep=01|length=1600|model=jc,1,6,low,1600,jc,0.333,True,3
ils=low|rep=01|length=1600|model=jc,1,6,low,1600,jc,0.333,False,2
ils=low|rep=01|length=1600|model=jc,1,6,low,1600,jc,0.998,True,10
ils=low|rep=01|length=1600|model=jc,1,6,low,1600,jc,0.333,False,9
ils=low|rep=01|length=1600|model=jc,1,6,low,1600,jc,1.0,True,6
ils=low|rep=01|length=1600|model=jc,1,6,low,1600,jc,0.333,False,5
ils=low|rep=01|length=1600|model=jc,1,6,low,1600,jc,0.333,False,4
ils=low|rep=01|length=1600|model=jc,1,6,low,1600,jc,0.998,True,3
ils=low|rep=01|length=1600|model=jc,1,6,low,1600,jc,0.998,True,2
ils=low|rep=01|length=1600|model=jc,1,6,low,1600,jc,1.0,True,3
ils=low|rep=01|length=1600|model=jc,1,6,low,1600,jc,0.99,True,2
ils=low|rep=01|length=1600|model=jc,1,6,low,1600,jc,1.0,True,6
ils=low|rep=01|length=1600|model=jc,1,6,low,1600,jc,0.333,False,5
ils=low|rep=01|length=1600|model=jc,1,6,low,1600,jc,0.985,True,4
ils=low|rep=01|length=1600|model=jc,1,6,low,1600,jc,1.0,True,2
ils=low|rep=01|length=1600|model=jc,1,6,low,1600,jc,1.0,True,2
ils=low|rep=01|length=1600|model=jc,1,7,low,1600,jc,0.975,True,10
ils=low|rep=01|length=1600|model=jc,1,7,low,1600,jc,1.0,True,3
ils=low|rep=01|length=1600|model=jc,1,7,low,1600,jc,0.333,True,2
ils=low|rep=01|length=1600|model=jc,1,7,low,1600,jc,0.333,True,7
ils=low|rep=01|length=1600|model=jc,1,7,low,1600,jc,1.0,True,6
ils=low|rep=01|length=1600|model=jc,1,7,low,1600,jc,0.333,False,5
ils=low|rep=01|length=1600|model=jc,1,7,low,1600,jc,0.333,False,4
ils=low|rep=01|length=1600|model=jc,1,7,low,1600,jc,0.998,True,3
ils=low|rep=01|length=1600|model=jc,1,7,low,1600,jc,0.999,True,2
ils=low|rep=01|length=1600|model=jc,1,7,low,1600,jc,0.972,True,10
ils=low|rep=01|length=1600|model=jc,1,7,low,1600,jc,1.0,True,4
ils=low|rep=01|length=1600|model=jc,1,7,low,1600,jc,1.0,True,2
ils=low|rep=01|length=1600|model=jc,1,7,low,1600,jc,1.0,True,2
ils=low|rep=01|length=1600|model=jc,1,7,low,1600,jc,0.984,True,6
ils=low|rep=01|length=1600|model=jc,1,7,low,1600,jc,0.988,True,5
ils=low|rep=01|length=1600|model=jc,1,7,low,1600,jc,0.333,False,4
ils=low|rep=01|length=1600|model=jc,1,7,low,1600,jc,0.333,False,3
ils=low|rep=01|length=1600|model=jc,1,7,low,1600,jc,0.991,False,2
ils=low|rep=02|length=1600|model=gtr_g4,2,1,low,1600,gtr_g4,0.457,True,7
ils=low|rep=02|length=1600|model=gtr_g4,2,1,low,1600,gtr_g4,1.0,True,2
ils=low|rep=02|length=1600|model=gtr_g4,2,1,low,1600,gtr_g4,1.0,True,9
ils=low|rep=02|length=1600|model=gtr_g4,2,1,low,1600,gtr_g4,1.0,True,9
ils=low|rep=02|length=1600|model=gtr_g4,2,1,low,1600,gtr_g4,0.543,False,5
ils=low|rep=02|length=1600|model=gtr_g4,2,1,low,1600,gtr_g4,1.0,True,4
ils=low|rep=02|length=1600|model=gtr_g4,2,1,low,1600,gtr_g4,0.333,False,3
ils=low|rep=02|length=1600|model=gtr_g4,2,1,low,1600,gtr_g4,0.567,True,2
ils=low|rep=02|length=1600|model=gtr_g4,2,1,low,1600,gtr_g4,1.0,True,4
ils=low|rep=02|length=1600|model=gtr_g4,2,1,low,1600,gtr_g4,0.945,True,3
ils=low|rep=02|length=1600|model=gtr_g4,2,1,low,1600,gtr_g4,1.0,True,2
ils=low|rep=02|length=1600|model=gtr_g4,2,1,low,1600,gtr_g4,0.991,True,3
ils=low|rep=02|length=1600|model=gtr_g4,2,1,low,1600,gtr_g4,1.0,True,2
ils=low|rep=02|length=1600|model=gtr_g4,2,1,low,1600,gtr_g4,0.726,True,6
ils=low|rep=02|length=1600|model=gtr_g4,2,1,low,1600,gtr_g4,0.528,True,2
ils=low|rep=02|length=1600|model=gtr_g4,2,1,low,1600,gtr_g4,0.997,True,4
ils=low|rep=02|length=1600|model=gtr_g4,2,1,low,1600,gtr_g4,1.0,True,2
ils=low|rep=02|length=1600|model=gtr_g4,2,1,low,1600,gtr_g4,1.0,True,2
ils=low|rep=02|length=1600|model=gtr_g4,2,2,low,1600,gtr_g4,0.333,False,2
ils=low|rep=02|length=1600|model=gtr_g4,2,2,low,1600,gtr_g4,0.432,True,5
ils=low|rep=02|length=1600|model=gtr_g4,2,2,low,1600,gtr_g4,1.0,True,4
ils=low|rep=02|length=1600|model=gtr_g4,2,2,low,1600,gtr_g4,1.0,True,2
ils=low|rep=02|length=1600|model=gtr_g4,2,2,low,1600,gtr_g4,1.0,True,2
ils=low|rep=02|length=1600|model=gtr_g4,2,2,low,1600,gtr_g4,0.644,True,7
ils=low|rep=02|length=1600|model=gtr_g4,2,2,low,1600,gtr_g4,1.0,True,3
ils=low|rep=02|length=1600|model=gtr_g4,2,2,low,1600,gtr_g4,1.0,True,2
ils=low|rep=02|length=1600|model=gtr_g4,2,2,low,1600,gtr_g4,0.574,False,10
ils=low|rep=02|length=1600|model=gtr_g4,2,2,low,1600,gtr_g4,1.0,True,2
ils=low|rep=02|length=1600|model=gtr_g4,2,2,low,1600,gtr_g4,1.0,True,9
ils=low|rep=02|length=1600|model=gtr_g4,2,2,low,1600,gtr_g4,0.944,True,8
ils=low|rep=02|length=1600|model=gtr_g4,2,2,low,1600,gtr_g4,0.986,True,4
ils=low|rep=02|length=1600|model=gtr_g4,2,2,low,1600,gtr_g4,0.999,True,3
ils=low|rep=02|length=1600|model=gtr_g4,2,2,low,1600,gtr_g4,1.0,True,2
ils=low|rep=02|length=1600|model=gtr_g4,2,2,low,1600,gtr_g4,1.0,True,4
ils=low|rep=02|length=1600|model=gtr_g4,2,2,low,1600,gtr_g4,0.962,True,2
ils=low|rep=02|length=1600|model=gtr_g4,2,2,low,1600,gtr_g4,1.0,True,2
ils=low|rep=02|length=1600|model=gtr_g4,2,3,low,1600,gtr_g4,0.333,True,2
ils=low|rep=02|length=1600|model=gtr_g4,2,3,low,1600,gtr_g4,0.814,True,5
ils=low|rep=02|length=1600|model=gtr_g4,2,3,low,1600,gtr_g4,0.99,True,4
ils=low|rep=02|length=1600|model=gtr_g4,2,3,low,1600,gtr_g4,1.0,True,2
ils=low|rep=02|length=1600|model=gtr_g4,2,3,low,1600,gtr_g4,1.0,True,2
ils=low|rep=02|length=1600|model=gtr_g4,2,3,low,1600,gtr_g4,1.0,True,7
ils=low|rep=02|length=1600|model=gtr_g4,2,3,low,1600,gtr_g4,0.333,False,5
ils=low|rep=02|length=1600|model=gtr_g4,2,3,low,1600,gtr_g4,1.0,True,3
ils=low|rep=02|length=1600|model=gtr_g4,2,3,low,1600,gtr_g4,1.0,True,2
ils=low|rep=02|length=1600|model=gtr_g4,2,3,low,1600,gtr_g4,1.0,True,2
ils=low|rep=02|length=1600|model=gtr_g4,2,3,low,1600,gtr_g4,1.0,True,9
ils=low|rep=02|length=1600|model=gtr_g4,2,3,low,1600,gtr_g4,0.482,False,8
ils=low|rep=02|length=1600|model=gtr_g4,2,3,low,1600,gtr_g4,0.658,True,5
ils=low|rep=02|length=1600|model=gtr_g4,2,3,low,1600,gtr_g4,1.0,True,4
ils=low|rep=02|length=1600|model=gtr_g4,2,3,low,1600,gtr_g4,0.491,True,2
ils=low|rep=02|length=1600|model=gtr_g4,2,3,low,1600,gtr_g4,0.532,True,2
ils=low|rep=02|length=1600|model=gtr_g4,2,3,low,1600,gtr_g4,1.0,True,3
ils=low|rep=02|length=1600|model=gtr_g4,2,3,low,1600,gtr_g4,1.0,True,2
ils=low|rep=02|length=1600|model=gtr_g4,2,4,low,1600,gtr_g4,0.48,False,2
ils=low|rep=02|length=1600|model=gtr_g4,2,4,low,1600,gtr_g4,1.0,True,7
ils=low|rep=02|length=1600|model=gtr_g4,2,4,low,1600,gtr_g4,0.888,True,9
ils=low|rep=02|length=1600|model=gtr_g4,2,4,low,1600,gtr_g4,1.0,True,9
ils=low|rep=02|length=1600|model=gtr_g4,2,4,low,1600,gtr_g4,0.367,False,5
ils=low|rep=02|length=1600|model=gtr_g4,2,4,low,1600,gtr_g4,1.0,True,4
ils=low|rep=02|length=1600|model=gtr_g4,2,4,low,1600,gtr_g4,0.551,True,3
ils=low|rep=02|length=1600|model=gtr_g4,2,4,low,1600,gtr_g4,0.992,True,2
ils=low|rep=02|length=1600|model=gtr_g4,2,4,low,1600,gtr_g4,0.94,True,4
ils=low|rep=02|length=1600|model=gtr_g4,2,4,low,1600,gtr_g4,0.485,True,3
ils=low|rep=02|length=1600|model=gtr_g4,2,4,low,1600,gtr_g4,1.0,True,2
ils=low|rep=02|length=1600|model=gtr_g4,2,4,low,1600,gtr_g4,1.0,True,3
ils=low|rep=02|length=1600|model=gtr_g4,2,4,low,1600,gtr_g4,1.0,True,2
ils=low|rep=02|length=1600|model=gtr_g4,2,4,low,1600,gtr_g4,1.0,True,2
ils=low|rep=02|length=1600|model=gtr_g4,2,4,low,1600,gtr_g4,0.338,True,5
ils=low|rep=02|length=1600|model=gtr_g4,2,4,low,1600,gtr_g4,1.0,True,4
ils=low|rep=02|length=1600|model=gtr_g4,2,4,low,1600,gtr_g4,1.0,True,2
ils=low|rep=02|length=1600|model=gtr_g4,2,4,low,1600,gtr_g4,1.0,True,2
ils=low|rep=02|length=1600|model=gtr_g4,2,5,low,1600,gtr_g4,0.863,False,10
ils=low|rep=02|length=1600|model=gtr_g4,2,5,low,1600,gtr_g4,0.916,False,8
ils=low|rep=02|length=1600|model=gtr_g4,2,5,low,1600,gtr_g4,0.572,False,6
ils=low|rep=02|length=1600|model=gtr_g4,2,5,low,1600,gtr_g4,1.0,True,4
ils=low|rep=02|length=1600|model=gtr_g4,2,5,low,1600,gtr_g4,1.0,True,2
ils=low|rep=02|length=1600|model=gtr_g4,2,5,low,1600,gtr_g4,1.0,True,2
ils=low|rep=02|length=1600|model=gtr_g4,2,5,low,1600,gtr_g4,0.971,True,2
ils=low|rep=02|length=1600|model=gtr_g4,2,5,low,1600,gtr_g4,1.0,True,2
ils=low|rep=02|length=1600|model=gtr_g4,2,5,low,1600,gtr_g4,1.0,True,3
ils=low|rep=02|length=1600|model=gtr_g4,2,5,low,1600,gtr_g4,1.0,True,2
ils=low|rep=02|length=1600|model=gtr_g4,2,5,low,1600,gtr_g4,0.958,True,9
ils=low|rep=02|length=1600|model=gtr_g4,2,5,low,1600,gtr_g4,0.943,True,8
ils=low|rep=02|length=1600|model=gtr_g4,2,5,low,1600,gtr_g4,1.0,True,4
ils=low|rep=02|length=1600|model=gtr_g4,2,5,low,1600,gtr_g4,0.333,True,3
ils=low|rep=02|length=1600|model=gtr_g4,2,5,low,1600,gtr_g4,1.0,True,2
ils=low|rep=02|length=1600|model=gtr_g4,2,5,low,1600,gtr_g4,0.376,True,4
ils=low|rep=02|length=1600|model=gtr_g4,2,5,low,1600,gtr_g4,1.0,True,2
ils=low|rep=02|length=1600|model=gtr_g4,2,5,low,1600,gtr_g4,0.71,True,2
ils=low|rep=02|length=1600|model=gtr_g4,2,6,low,1600,gtr_g4,0.416,False,2
ils=low|rep=02|length=1600|model=gtr_g4,2,6,low,1600,gtr_g4,0.843,False,5
ils=low|rep=02|length=1600|model=gtr_g4,2,6,low,1600,gtr_g4,1.0,True,2
ils=low|rep=02|length=1600|model=gtr_g4,2,6,low,1600,gtr_g4,0.356,False,3
ils=low|rep=02|length=1600|model=gtr_g4,2,6,low,1600,gtr_g4,1.0,True,2
ils=low|rep=02|length=1600|model=gtr_g4,2,6,low,1600,gtr_g4,0.92,True,7
ils=low|rep=02|length=1600|model=gtr_g4,2,6,low,1600,gtr_g4,1.0,True,9
ils=low|rep=02|length=1600|model=gtr_g4,2,6,low,1600,gtr_g4,1.0,True,9
ils=low|rep=02|length=1600|model=gtr_g4,2,6,low,1600,gtr_g4,0.98,True,5
ils=low|rep=02|length=1600|model=gtr_g4,2,6,low,1600,gtr_g4,1.0,True,4
ils=low|rep=02|length=1600|model=gtr_g4,2,6,low,1600,gtr_g4,1.0,True,2
ils=low|rep=02|length=1600|model=gtr_g4,2,6,low,1600,gtr_g4,1.0,True,2
ils=low|rep=02|length=1600|model=gtr_g4,2,6,low,1600,gtr_g4,1.0,True,4
ils=low|rep=02|length=1600|model=gtr_g4,2,6,low,1600,gtr_g4,1.0,True,2
ils=low|rep=02|length=1600|model=gtr_g4,2,6,low,1600,gtr_g4,0.347,True,2
ils=low|rep=02|length=1600|model=gtr_g4,2,6,low,1600,gtr_g4,1.0,True,3
ils=low|rep=02|length=1600|model=gtr_g4,2,6,low,1600,gtr_g4,1.0,True,2
ils=low|rep=02|length=1600|model=gtr_g4,2,6,low,1600,gtr_g4,1.0,True,2
ils=low|rep=02|length=1600|model=gtr_g4,2,7,low,1600,gtr_g4,1.0,True,2
ils=low|rep=02|length=1600|model=gtr_g4,2,7,low,1600,gtr_g4,1.0,True,2
ils=low|rep=02|length=1600|model=gtr_g4,2,7,low,1600,gtr_g4,1.0,True,4
ils=low|rep=02|length=1600|model=gtr_g4,2,7,low,1600,gtr_g4,0.374,False,2
ils=low|rep=02|length=1600|model=gtr_g4,2,7,low,1600,gtr_g4,1.0,True,6
ils=low|rep=02|length=1600|model=gtr_g4,2,7,low,1600,gtr_g4,0.36,False,3
ils=low|rep=02|length=1600|model=gtr_g4,2,7,low,1600,gtr_g4,1.0,True,2
ils=low|rep=02|length=1600|model=gtr_g4,2,7,low,1600,gtr_g4,1.0,True,9
ils=low|rep=02|length=1600|model=gtr_g4,2,7,low,1600,gtr_g4,1.0,True,3
ils=low|rep=02|length=1600|model=gtr_g4,2,7,low,1600,gtr_g4,1.0,True,2
ils=low|rep=02|length=1600|model=gtr_g4,2,7,low,1600,gtr_g4,0.816,True,9
ils=low|rep=02|length=1600|model=gtr_g4,2,7,low,1600,gtr_g4,1.0,True,8
ils=low|rep=02|length=1600|model=gtr_g4,2,7,low,1600,gtr_g4,1.0,True,4
ils=low|rep=02|length=1600|model=gtr_g4,2,7,low,1600,gtr_g4,0.99,True,3
ils=low|rep=02|length=1600|model=gtr_g4,2,7,low,1600,gtr_g4,1.0,True,2
ils=low|rep=02|length=1600|model=gtr_g4,2,7,low,1600,gtr_g4,1.0,True,4
ils=low|rep=02|length=1600|model=gtr_g4,2,7,low,1600,gtr_g4,0.802,True,2
ils=low|rep=02|length=1600|model=gtr_g4,2,7,low,1600,gtr_g4,1.0,True,2
ils=low|rep=02|length=1600|model=gtr,2,1,low,1600,gtr,0.949,False,3
ils=low|rep=02|length=1600|model=gtr,2,1,low,1600,gtr,1.0,False,5
ils=low|rep=02|length=1600|model=gtr,2,1,low,1600,gtr,1.0,True,7
ils=low|rep=02|length=1600|model=gtr,2,1,low,1600,gtr,1.0,True,2
ils=low|rep=02|length=1600|model=gtr,2,1,low,1600,gtr,1.0,True,9
ils=low|rep=02|length=1600|model=gtr,2,1,low,1600,gtr,1.0,True,9
ils=low|rep=02|length=1600|model=gtr,2,1,low,1600,gtr,0.99,False,5
ils=low|rep=02|length=1600|model=gtr,2,1,low,1600,gtr,1.0,True,4
ils=low|rep=02|length=1600|model=gtr,2,1,low,1600,gtr,0.981,False,3
ils=low|rep=02|length=1600|model=gtr,2,1,low,1600,gtr,0.987,False,2
ils=low|rep=02|length=1600|model=gtr,2,1,low,1600,gtr,1.0,True,4
ils=low|rep=02|length=1600|model=gtr,2,1,low,1600,gtr,1.0,True,3
ils=low|rep=02|length=1600|model=gtr,2,1,low,1600,gtr,1.0,True,2
ils=low|rep=02|length=1600|model=gtr,2,1,low,1600,gtr,1.0,True,3
ils=low|rep=02|length=1600|model=gtr,2,1,low,1600,gtr,1.0,True,2
ils=low|rep=02|length=1600|model=gtr,2,1,low,1600,gtr,0.999,True,2
ils=low|rep=02|length=1600|model=gtr,2,1,low,1600,gtr,1.0,True,2
ils=low|rep=02|length=1600|model=gtr,2,1,low,1600,gtr,1.0,True,2
ils=low|rep=02|length=1600|model=gtr,2,2,low,1600,gtr,0.994,False,10
ils=low|rep=02|length=1600|model=gtr,2,2,low,1600,gtr,0.87,False,7
ils=low|rep=02|length=1600|model=gtr,2,2,low,1600,gtr,0.854,False,4
ils=low|rep=02|length=1600|model=gtr,2,2,low,1600,gtr,1.0,False,2
ils=low|rep=02|length=1600|model=gtr,2,2,low,1600,gtr,1.0,True,2
ils=low|rep=02|length=1600|model=gtr,2,2,low,1600,gtr,1.0,True,3
ils=low|rep=02|length=1600|model=gtr,2,2,low,1600,gtr,1.0,True,2
ils=low|rep=02|length=1600|model=gtr,2,2,low,1600,gtr,1.0,True,4
ils=low|rep=02|length=1600|model=gtr,2,2,low,1600,gtr,1.0,True,2
ils=low|rep=02|length=1600|model=gtr,2,2,low,1600,gtr,1.0,True,2
ils=low|rep=02|length=1600|model=gtr,2,2,low,1600,gtr,1.0,True,9
ils=low|rep=02|length=1600|model=gtr,2,2,low,1600,gtr,1.0,False,8
ils=low|rep=02|length=1600|model=gtr,2,2,low,1600,gtr,0.998,False,4
ils=low|rep=02|length=1600|model=gtr,2,2,low,1600,gtr,1.0,True,3
ils=low|rep=02|length=1600|model=gtr,2,2,low,1600,gtr,1.0,True,2
ils=low|rep=02|length=1600|model=gtr,2,2,low,1600,gtr,1.0,True,4
ils=low|rep=02|length=1600|model=gtr,2,2,low,1600,gtr,0.92,True,2
ils=low|rep=02|length=1600|model=gtr,2,2,low,1600,gtr,1.0,True,2
ils=low|rep=02|length=1600|model=gtr,2,3,low,1600,gtr,1.0,True,4
ils=low|rep=02|length=1600|model=gtr,2,3,low,1600,gtr,1.0,True,2
ils=low|rep=02|length=1600|model=gtr,2,3,low,1600,gtr,1.0,True,2
ils=low|rep=02|length=1600|model=gtr,2,3,low,1600,gtr,0.982,False,5
ils=low|rep=02|length=1600|model=gtr,2,3,low,1600,gtr,1.0,False,2
ils=low|rep=02|length=1600|model=gtr,2,3,low,1600,gtr,1.0,True,7
ils=low|rep=02|length=1600|model=gtr,2,3,low,1600,gtr,0.467,False,5
ils=low|rep=02|length=1600|model=gtr,2,3,low,1600,gtr,1.0,True,3
ils=low|rep=02|length=1600|model=gtr,2,3,low,1600,gtr,1.0,True,2
ils=low|rep=02|length=1600|model=gtr,2,3,low,1600,gtr,1.0,True,2
ils=low|rep=02|length=1600|model=gtr,2,3,low,1600,gtr,1.0,True,9
ils=low|rep=02|length=1600|model=gtr,2,3,low,1600,gtr,1.0,False,8
ils=low|rep=02|length=1600|model=gtr,2,3,low,1600,gtr,0.998,True,5
ils=low|rep=02|length=1600|model=gtr,2,3,low,1600,gtr,1.0,True,4
ils=low|rep=02|length=1600|model=gtr,2,3,low,1600,gtr,0.671,False,3
ils=low|rep=02|length=1600|model=gtr,2,3,low,1600,gtr,1.0,True,2
ils=low|rep=02|length=1600|model=gtr,2,3,low,1600,gtr,1.0,True,3
ils=low|rep=02|length=1600|model=gtr,2,3,low,1600,gtr,1.0,True,2
ils=low|rep=02|length=1600|model=gtr,2,4,low,1600,gtr,1.0,False,2
ils=low|rep=02|length=1600|model=gtr,2,4,low,1600,gtr,0.977,False,6
ils=low|rep=02|length=1600|model=gtr,2,4,low,1600,gtr,1.0,True,7
ils=low|rep=02|length=1600|model=gtr,2,4,low,1600,gtr,0.998,True,9
ils=low|rep=02|length=1600|model=gtr,2,4,low,1600,gtr,1.0,True,9
ils=low|rep=02|length=1600|model=gtr,2,4,low,1600,gtr,0.999,False,5
ils=low|rep=02|length=1600|model=gtr,2,4,low,1600,gtr,1.0,True,4
ils=low|rep=02|length=1600|model=gtr,2,4,low,1600,gtr,0.997,True,3
ils=low|rep=02|length=1600|model=gtr,2,4,low,1600,gtr,1.0,True,2
ils=low|rep=02|length=1600|model=gtr,2,4,low,1600,gtr,0.97,True,4
ils=low|rep=02|length=1600|model=gtr,2,4,low,1600,gtr,0.7,False,3
ils=low|rep=02|length=1600|model=gtr,2,4,low,1600,gtr,1.0,True,2
ils=low|rep=02|length=1600|model=gtr,2,4,low,1600,gtr,1.0,True,3
ils=low|rep=02|length=1600|model=gtr,2,4,low,1600,gtr,1.0,True,2
ils=low|rep=02|length=1600|model=gtr,2,4,low,1600,gtr,1.0,True,2
ils=low|rep=02|length=1600|model=gtr,2,4,low,1600,gtr,1.0,True,4
ils=low|rep=02|length=1600|model=gtr,2,4,low,1600,gtr,1.0,True,2
ils=low|rep=02|length=1600|model=gtr,2,4,low,1600,gtr,1.0,True,2
ils=low|rep=02|length=1600|model=gtr,2,5,low,1600,gtr,1.0,True,4
ils=low|rep=02|length=1600|model=gtr,2,5,low,1600,gtr,1.0,True,2
ils=low|rep=02|length=1600|model=gtr,2,5,low,1600,gtr,1.0,True,2
ils=low|rep=02|length=1600|model=gtr,2,5,low,1600,gtr,0.992,True,5
ils=low|rep=02|length=1600|model=gtr,2,5,low,1600,gtr,0.844,False,6
ils=low|rep=02|length=1600|model=gtr,2,5,low,1600,gtr,0.975,False,3
ils=low|rep=02|length=1600|model=gtr,2,5,low,1600,gtr,1.0,True,2
ils=low|rep=02|length=1600|model=gtr,2,5,low,1600,gtr,1.0,True,9
ils=low|rep=02|length=1600|model=gtr,2,5,low,1600,gtr,1.0,True,3
ils=low|rep=02|length=1600|model=gtr,2,5,low,1600,gtr,1.0,True,2
ils=low|rep=02|length=1600|model=gtr,2,5,low,1600,gtr,1.0,True,9
ils=low|rep=02|length=1600|model=gtr,2,5,low,1600,gtr,1.0,True,8
ils=low|rep=02|length=1600|model=gtr,2,5,low,1600,gtr,0.652,False,7
ils=low|rep=02|length=1600|model=gtr,2,5,low,1600,gtr,1.0,True,4
ils=low|rep=02|length=1600|model=gtr,2,5,low,1600,gtr,0.829,True,3
ils=low|rep=02|length=1600|model=gtr,2,5,low,1600,gtr,1.0,True,2
ils=low|rep=02|length=1600|model=gtr,2,5,low,1600,gtr,0.987,False,3
ils=low|rep=02|length=1600|model=gtr,2,5,low,1600,gtr,1.0,True,2
ils=low|rep=02|length=1600|model=gtr,2,6,low,1600,gtr,1.0,False,2
ils=low|rep=02|length=1600|model=gtr,2,6,low,1600,gtr,0.599,False,5
ils=low|rep=02|length=1600|model=gtr,2,6,low,1600,gtr,1.0,True,2
ils=low|rep=02|length=1600|model=gtr,2,6,low,1600,gtr,0.993,False,3
ils=low|rep=02|length=1600|model=gtr,2,6,low,1600,gtr,1.0,True,2
ils=low|rep=02|length=1600|model=gtr,2,6,low,1600,gtr,0.998,True,7
ils=low|rep=02|length=1600|model=gtr,2,6,low,1600,gtr,1.0,True,9
ils=low|rep=02|length=1600|model=gtr,2,6,low,1600,gtr,1.0,True,9
ils=low|rep=02|length=1600|model=gtr,2,6,low,1600,gtr,0.966,True,5
ils=low|rep=02|length=1600|model=gtr,2,6,low,1600,gtr,1.0,True,4
ils=low|rep=02|length=1600|model=gtr,2,6,low,1600,gtr,1.0,True,2
ils=low|rep=02|length=1600|model=gtr,2,6,low,1600,gtr,1.0,True,2
ils=low|rep=02|length=1600|model=gtr,2,6,low,1600,gtr,1.0,True,4
ils=low|rep=02|length=1600|model=gtr,2,6,low,1600,gtr,1.0,True,2
ils=low|rep=02|length=1600|model=gtr,2,6,low,1600,gtr,1.0,True,2
ils=low|rep=02|length=1600|model=gtr,2,6,low,1600,gtr,1.0,True,3
ils=low|rep=02|length=1600|model=gtr,2,6,low,1600,gtr,1.0,True,2
ils=low|rep=02|length=1600|model=gtr,2,6,low,1600,gtr,1.0,True,2
ils=low|rep=02|length=1600|model=gtr,2,7,low,1600,gtr,1.0,True,2
ils=low|rep=02|length=1600|model=gtr,2,7,low,1600,gtr,1.0,True,2
ils=low|rep=02|length=1600|model=gtr,2,7,low,1600,gtr,1.0,True,4
ils=low|rep=02|length=1600|model=gtr,2,7,low,1600,gtr,1.0,True,5
ils=low|rep=02|length=1600|model=gtr,2,7,low,1600,gtr,0.91,False,4
ils=low|rep=02|length=1600|model=gtr,2,7,low,1600,gtr,1.0,False,2
ils=low|rep=02|length=1600|model=gtr,2,7,low,1600,gtr,1.0,True,2
ils=low|rep=02|length=1600|model=gtr,2,7,low,1600,gtr,1.0,True,9
ils=low|rep=02|length=1600|model=gtr,2,7,low,1600,gtr,0.61,False,10
ils=low|rep=02|length=1600|model=gtr,2,7,low,1600,gtr,1.0,True,3
ils=low|rep=02|length=1600|model=gtr,2,7,low,1600,gtr,1.0,True,2
ils=low|rep=02|length=1600|model=gtr,2,7,low,1600,gtr,1.0,True,8
ils=low|rep=02|length=1600|model=gtr,2,7,low,1600,gtr,1.0,True,4
ils=low|rep=02|length=1600|model=gtr,2,7,low,1600,gtr,0.939,True,3
ils=low|rep=02|length=1600|model=gtr,2,7,low,1600,gtr,1.0,True,2
ils=low|rep=02|length=1600|model=gtr,2,7,low,1600,gtr,1.0,True,4
ils=low|rep=02|length=1600|model=gtr,2,7,low,1600,gtr,1.0,False,3
ils=low|rep=02|length=1600|model=gtr,2,7,low,1600,gtr,1.0,True,2
ils=low|rep=02|length=1600|model=hky_g4,2,1,low,1600,hky_g4,0.467,True,7
ils=low|rep=02|length=1600|model=hky_g4,2,1,low,1600,hky_g4,1.0,True,2
ils=low|rep=02|length=1600|model=hky_g4,2,1,low,1600,hky_g4,1.0,True,9
ils=low|rep=02|length=1600|model=hky_g4,2,1,low,1600,hky_g4,1.0,True,9
ils=low|rep=02|length=1600|model=hky_g4,2,1,low,1600,hky_g4,0.562,False,5
ils=low|rep=02|length=1600|model=hky_g4,2,1,low,1600,hky_g4,1.0,True,4
ils=low|rep=02|length=1600|model=hky_g4,2,1,low,1600,hky_g4,0.334,False,3
ils=low|rep=02|length=1600|model=hky_g4,2,1,low,1600,hky_g4,0.539,True,2
ils=low|rep=02|length=1600|model=hky_g4,2,1,low,1600,hky_g4,1.0,True,4
ils=low|rep=02|length=1600|model=hky_g4,2,1,low,1600,hky_g4,0.957,True,3
ils=low|rep=02|length=1600|model=hky_g4,2,1,low,1600,hky_g4,1.0,True,2
ils=low|rep=02|length=1600|model=hky_g4,2,1,low,1600,hky_g4,0.992,True,3
ils=low|rep=02|length=1600|model=hky_g4,2,1,low,1600,hky_g4,1.0,True,2
ils=low|rep=02|length=1600|model=hky_g4,2,1,low,1600,hky_g4,0.717,True,6
ils=low|rep=02|length=1600|model=hky_g4,2,1,low,1600,hky_g4,0.518,True,2
ils=low|rep=02|length=1600|model=hky_g4,2,1,low,1600,hky_g4,0.995,True,4
ils=low|rep=02|length=1600|model=hky_g4,2,1,low,1600,hky_g4,1.0,True,2
ils=low|rep=02|length=1600|model=hky_g4,2,1,low,1600,hky_g4,1.0,True,2
ils=low|rep=02|length=1600|model=hky_g4,2,2,low,1600,hky_g4,0.333,False,2
ils=low|rep=02|length=1600|model=hky_g4,2,2,low,1600,hky_g4,0.442,True,5
ils=low|rep=02|length=1600|model=hky_g4,2,2,low,1600,hky_g4,1.0,True,4
ils=low|rep=02|length=1600|model=hky_g4,2,2,low,1600,hky_g4,1.0,True,2
ils=low|rep=02|length=1600|model=hky_g4,2,2,low,1600,hky_g4,1.0,True,2
ils=low|rep=02|length=1600|model=hky_g4,2,2,low,1600,hky_g4,0.648,True,7
ils=low|rep=02|length=1600|model=hky_g4,2,2,low,1600,hky_g4,1.0,True,3
ils=low|rep=02|length=1600|model=hky_g4,2,2,low,1600,hky_g4,1.0,True,2
ils=low|rep=02|length=1600|model=hky_g4,2,2,low,1600,hky_g4,0.582,False,10
ils=low|rep=02|length=1600|model=hky_g4,2,2,low,1600,hky_g4,1.0,True,2
ils=low|rep=02|length=1600|model=hky_g4,2,2,low,1600,hky_g4,1.0,True,9
ils=low|rep=02|length=1600|model=hky_g4,2,2,low,1600,hky_g4,0.944,True,8
ils=low|rep=02|length=1600|model=hky_g4,2,2,low,1600,hky_g4,0.986,True,4
ils=low|rep=02|length=1600|model=hky_g4,2,2,low,1600,hky_g4,0.999,True,3
ils=low|rep=02|length=1600|model=hky_g4,2,2,low,1600,hky_g4,1.0,True,2
ils=low|rep=02|length=1600|model=hky_g4,2,2,low,1600,hky_g4,1.0,True,4
ils=low|rep=02|length=1600|model=hky_g4,2,2,low,1600,hky_g4,0.961,True,2
ils=low|rep=02|length=1600|model=hky_g4,2,2,low,1600,hky_g4,1.0,True,2
ils=low|rep=02|length=1600|model=hky_g4,2,3,low,1600,hky_g4,0.333,True,2
ils=low|rep=02|length=1600|model=hky_g4,2,3,low,1600,hky_g4,0.825,True,5
ils=low|rep=02|length=1600|model=hky_g4,2,3,low,1600,hky_g4,0.989,True,4
ils=low|rep=02|length=1600|model=hky_g4,2,3,low,1600,hky_g4,1.0,True,2
ils=low|rep=02|length=1600|model=hky_g4,2,3,low,1600,hky_g4,1.0,True,2
ils=low|rep=02|length=1600|model=hky_g4,2,3,low,1600,hky_g4,1.0,True,7
ils=low|rep=02|length=1600|model=hky_g4,2,3,low,1600,hky_g4,0.333,False,5
ils=low|rep=02|length=1600|model=hky_g4,2,3,low,1600,hky_g4,1.0,True,3
ils=low|rep=02|length=1600|model=hky_g4,2,3,low,1600,hky_g4,1.0,True,2
ils=low|rep=02|length=1600|model=hky_g4,2,3,low,1600,hky_g4,1.0,True,2
ils=low|rep=02|length=1600|model=hky_g4,2,3,low,1600,hky_g4,1.0,True,9
ils=low|rep=02|length=1600|model=hky_g4,2,3,low,1600,hky_g4,0.487,False,8
ils=low|rep=02|length=1600|model=hky_g4,2,3,low,1600,hky_g4,0.662,True,5
ils=low|rep=02|length=1600|model=hky_g4,2,3,low,1600,hky_g4,1.0,True,4
ils=low|rep=02|length=1600|model=hky_g4,2,3,low,1600,hky_g4,0.491,True,2
ils=low|rep=02|length=1600|model=hky_g4,2,3,low,1600,hky_g4,0.513,True,2
ils=low|rep=02|length=1600|model=hky_g4,2,3,low,1600,hky_g4,1.0,True,3
ils=low|rep=02|length=1600|model=hky_g4,2,3,low,1600,hky_g4,1.0,True,2
ils=low|rep=02|length=1600|model=hky_g4,2,4,low,1600,hky_g4,0.473,False,2
ils=low|rep=02|length=1600|model=hky_g4,2,4,low,1600,hky_g4,1.0,True,7
ils=low|rep=02|length=1600|model=hky_g4,2,4,low,1600,hky_g4,0.884,True,9
ils=low|rep=02|length=1600|model=hky_g4,2,4,low,1600,hky_g4,1.0,True,9
ils=low|rep=02|length=1600|model=hky_g4,2,4,low,1600,hky_g4,0.371,False,5
ils=low|rep=02|length=1600|model=hky_g4,2,4,low,1600,hky_g4,1.0,True,4
ils=low|rep=02|length=1600|model=hky_g4,2,4,low,1600,hky_g4,0.552,True,3
ils=low|rep=02|length=1600|model=hky_g4,2,4,low,1600,hky_g4,0.992,True,2
ils=low|rep=02|length=1600|model=hky_g4,2,4,low,1600,hky_g4,0.941,True,4
ils=low|rep=02|length=1600|model=hky_g4,2,4,low,1600,hky_g4,0.48,True,3
ils=low|rep=02|length=1600|model=hky_g4,2,4,low,1600,hky_g4,1.0,True,2
ils=low|rep=02|length=1600|model=hky_g4,2,4,low,1600,hky_g4,1.0,True,3
ils=low|rep=02|length=1600|model=hky_g4,2,4,low,1600,hky_g4,1.0,True,2
ils=low|rep=02|length=1600|model=hky_g4,2,4,low,1600,hky_g4,1.0,True,2
ils=low|rep=02|length=1600|model=hky_g4,2,4,low,1600,hky_g4,0.337,True,5
ils=low|rep=02|length=1600|model=hky_g4,2,4,low,1600,hky_g4,1.0,True,4
ils=low|rep=02|length=1600|model=hky_g4,2,4,low,1600,hky_g4,1.0,True,2
ils=low|rep=02|length=1600|model=hky_g4,2,4,low,1600,hky_g4,1.0,True,2
ils=low|rep=02|length=1600|model=hky_g4,2,5,low,1600,hky_g4,0.85,False,10
ils=low|rep=02|length=1600|model=hky_g4,2,5,low,1600,hky_g4,0.913,False,8
ils=low|rep=02|length=1600|model=hky_g4,2,5,low,1600,hky_g4,0.576,False,6
ils=low|rep=02|length=1600|model=hky_g4,2,5,low,1600,hky_g4,1.0,True,4
ils=low|rep=02|length=1600|model=hky_g4,2,5,low,1600,hky_g4,1.0,True,2
ils=low|rep=02|length=1600|model=hky_g4,2,5,low,1600,hky_g4,1.0,True,2
ils=low|rep=02|length=1600|model=hky_g4,2,5,low,1600,hky_g4,0.973,True,2
ils=low|rep=02|length=1600|model=hky_g4,2,5,low,1600,hky_g4,1.0,True,2
ils=low|rep=02|length=1600|model=hky_g4,2,5,low,1600,hky_g4,1.0,True,3
ils=low|rep=02|length=1600|model=hky_g4,2,5,low,1600,hky_g4,1.0,True,2
ils=low|rep=02|length=1600|model=hky_g4,2,5,low,1600,hky_g4,0.964,True,9
ils=low|rep=02|length=1600|model=hky_g4,2,5,low,1600,hky_g4,0.959,True,8
ils=low|rep=02|length=1600|model=hky_g4,2,5,low,1600,hky_g4,1.0,True,4
ils=low|rep=02|length=1600|model=hky_g4,2,5,low,1600,hky_g4,0.333,True,3
ils=low|rep=02|length=1600|model=hky_g4,2,5,low,1600,hky_g4,1.0,True,2
ils=low|rep=02|length=1600|model=hky_g4,2,5,low,1600,hky_g4,0.371,True,4
ils=low|rep=02|length=1600|model=hky_g4,2,5,low,1600,hky_g4,1.0,True,2
ils=low|rep=02|length=1600|model=hky_g4,2,5,low,1600,hky_g4,0.706,True,2
ils=low|rep=02|length=1600|model=hky_g4,2,6,low,1600,hky_g4,0.411,False,2
ils=low|rep=02|length=1600|model=hky_g4,2,6,low,1600,hky_g4,0.838,False,5
ils=low|rep=02|length=1600|model=hky_g4,2,6,low,1600,hky_g4,1.0,True,2
ils=low|rep=02|length=1600|model=hky_g4,2,6,low,1600,hky_g4,0.355,False,3
ils=low|rep=02|length=1600|model=hky_g4,2,6,low,1600,hky_g4,1.0,True,2
ils=low|rep=02|length=1600|model=hky_g4,2,6,low,1600,hky_g4,0.913,True,7
ils=low|rep=02|length=1600|model=hky_g4,2,6,low,1600,hky_g4,1.0,True,9
ils=low|rep=02|length=1600|model=hky_g4,2,6,low,1600,hky_g4,1.0,True,9
ils=low|rep=02|length=1600|model=hky_g4,2,6,low,1600,hky_g4,0.98,True,5
ils=low|rep=02|length=1600|model=hky_g4,2,6,low,1600,hky_g4,1.0,True,4
ils=low|rep=02|length=1600|model=hky_g4,2,6,low,1600,hky_g4,1.0,True,2
ils=low|rep=02|length=1600|model=hky_g4,2,6,low,1600,hky_g4,1.0,True,2
ils=low|rep=02|length=1600|model=hky_g4,2,6,low,1600,hky_g4,1.0,True,4
ils=low|rep=02|length=1600|model=hky_g4,2,6,low,1600,hky_g4,1.0,True,2
ils=low|rep=02|length=1600|model=hky_g4,2,6,low,1600,hky_g4,0.344,True,2
ils=low|rep=02|length=1600|model=hky_g4,2,6,low,1600,hky_g4,1.0,True,3
ils=low|rep=02|length=1600|model=hky_g4,2,6,low,1600,hky_g4,1.0,True,2
ils=low|rep=02|length=1600|model=hky_g4,2,6,low,1600,hky_g4,1.0,True,2
ils=low|rep=02|length=1600|model=hky_g4,2,7,low,1600,hky_g4,1.0,True,2
ils=low|rep=02|length=1600|model=hky_g4,2,7,low,1600,hky_g4,1.0,True,2
ils=low|rep=02|length=1600|model=hky_g4,2,7,low,1600,hky_g4,1.0,True,4
ils=low|rep=02|length=1600|model=hky_g4,2,7,low,1600,hky_g4,0.374,False,2
ils=low|rep=02|length=1600|model=hky_g4,2,7,low,1600,hky_g4,1.0,True,6
ils=low|rep=02|length=1600|model=hky_g4,2,7,low,1600,hky_g4,0.364,False,3
ils=low|rep=02|length=1600|model=hky_g4,2,7,low,1600,hky_g4,1.0,True,2
ils=low|rep=02|length=1600|model=hky_g4,2,7,low,1600,hky_g4,1.0,True,9
ils=low|rep=02|length=1600|model=hky_g4,2,7,low,1600,hky_g4,1.0,True,3
ils=low|rep=02|length=1600|model=hky_g4,2,7,low,1600,hky_g4,1.0,True,2
ils=low|rep=02|length=1600|model=hky_g4,2,7,low,1600,hky_g4,0.812,True,9
ils=low|rep=02|length=1600|model=hky_g4,2,7,low,1600,hky_g4,1.0,True,8
ils=low|rep=02|length=1600|model=hky_g4,2,7,low,1600,hky_g4,1.0,True,4
ils=low|rep=02|length=1600|model=hky_g4,2,7,low,1600,hky_g4,0.989,True,3
ils=low|rep=02|length=1600|model=hky_g4,2,7,low,1600,hky_g4,1.0,True,2
ils=low|rep=02|length=1600|model=hky_g4,2,7,low,1600,hky_g4,1.0,True,4
ils=low|rep=02|length=1600|model=hky_g4,2,7,low,1600,hky_g4,0.804,True,2
ils=low|rep=02|length=1600|model=hky_g4,2,7,low,1600,hky_g4,1.0,True,2
ils=low|rep=02|length=1600|model=hky,2,1,low,1600,hky,0.951,False,3
ils=low|rep=02|length=1600|model=hky,2,1,low,1600,hky,1.0,False,5
ils=low|rep=02|length=1600|model=hky,2,1,low,1600,hky,1.0,True,7
ils=low|rep=02|length=1600|model=hky,2,1,low,1600,hky,1.0,True,2
ils=low|rep=02|length=1600|model=hky,2,1,low,1600,hky,1.0,True,9
ils=low|rep=02|length=1600|model=hky,2,1,low,1600,hky,1.0,True,9
ils=low|rep=02|length=1600|model=hky,2,1,low,1600,hky,0.992,False,5
ils=low|rep=02|length=1600|model=hky,2,1,low,1600,hky,1.0,True,4
ils=low|rep=02|length=1600|model=hky,2,1,low,1600,hky,0.994,False,3
ils=low|rep=02|length=1600|model=hky,2,1,low,1600,hky,0.981,False,2
ils=low|rep=02|length=1600|model=hky,2,1,low,1600,hky,1.0,True,4
ils=low|rep=02|length=1600|model=hky,2,1,low,1600,hky,1.0,True,3
ils=low|rep=02|length=1600|model=hky,2,1,low,1600,hky,1.0,True,2
ils=low|rep=02|length=1600|model=hky,2,1,low,1600,hky,1.0,True,3
ils=low|rep=02|length=1600|model=hky,2,1,low,1600,hky,1.0,True,2
ils=low|rep=02|length=1600|model=hky,2,1,low,1600,hky,0.999,True,2
ils=low|rep=02|length=1600|model=hky,2,1,low,1600,hky,1.0,True,2
ils=low|rep=02|length=1600|model=hky,2,1,low,1600,hky,1.0,True,2
ils=low|rep=02|length=1600|model=hky,2,2,low,1600,hky,0.993,False,10
ils=low|rep=02|length=1600|model=hky,2,2,low,1600,hky,0.872,False,7
ils=low|rep=02|length=1600|model=hky,2,2,low,1600,hky,0.849,False,4
ils=low|rep=02|length=1600|model=hky,2,2,low,1600,hky,1.0,False,2
ils=low|rep=02|length=1600|model=hky,2,2,low,1600,hky,1.0,True,2
ils=low|rep=02|length=1600|model=hky,2,2,low,1600,hky,1.0,True,3
ils=low|rep=02|length=1600|model=hky,2,2,low,1600,hky,1.0,True,2
ils=low|rep=02|length=1600|model=hky,2,2,low,1600,hky,1.0,True,4
ils=low|rep=02|length=1600|model=hky,2,2,low,1600,hky,1.0,True,2
ils=low|rep=02|length=1600|model=hky,2,2,low,1600,hky,1.0,True,2
ils=low|rep=02|length=1600|model=hky,2,2,low,1600,hky,1.0,True,9
ils=low|rep=02|length=1600|model=hky,2,2,low,1600,hky,1.0,False,8
ils=low|rep=02|length=1600|model=hky,2,2,low,1600,hky,0.998,False,4
ils=low|rep=02|length=1600|model=hky,2,2,low,1600,hky,1.0,True,3
ils=low|rep=02|length=1600|model=hky,2,2,low,1600,hky,1.0,True,2
ils=low|rep=02|length=1600|model=hky,2,2,low,1600,hky,1.0,True,4
ils=low|rep=02|length=1600|model=hky,2,2,low,1600,hky,0.911,True,2
ils=low|rep=02|length=1600|model=hky,2,2,low,1600,hky,1.0,True,2
ils=low|rep=02|length=1600|model=hky,2,3,low,1600,hky,1.0,True,4
ils=low|rep=02|length=1600|model=hky,2,3,low,1600,hky,1.0,True,2
ils=low|rep=02|length=1600|model=hky,2,3,low,1600,hky,1.0,True,2
ils=low|rep=02|length=1600|model=hky,2,3,low,1600,hky,0.983,False,5
ils=low|rep=02|length=1600|model=hky,2,3,low,1600,hky,1.0,False,2
ils=low|rep=02|length=1600|model=hky,2,3,low,1600,hky,1.0,True,7
ils=low|rep=02|length=1600|model=hky,2,3,low,1600,hky,1.0,True,3
ils=low|rep=02|length=1600|model=hky,2,3,low,1600,hky,1.0,True,2
ils=low|rep=02|length=1600|model=hky,2,3,low,1600,hky,0.476,False,10
ils=low|rep=02|length=1600|model=hky,2,3,low,1600,hky,1.0,True,9
ils=low|rep=02|length=1600|model=hky,2,3,low,1600,hky,1.0,False,8
ils=low|rep=02|length=1600|model=hky,2,3,low,1600,hky,0.996,True,5
ils=low|rep=02|length=1600|model=hky,2,3,low,1600,hky,1.0,True,4
ils=low|rep=02|length=1600|model=hky,2,3,low,1600,hky,0.715,False,3
ils=low|rep=02|length=1600|model=hky,2,3,low,1600,hky,1.0,True,2
ils=low|rep=02|length=1600|model=hky,2,3,low,1600,hky,1.0,True,3
ils=low|rep=02|length=1600|model=hky,2,3,low,1600,hky,1.0,True,2
ils=low|rep=02|length=1600|model=hky,2,3,low,1600,hky,1.0,True,2
ils=low|rep=02|length=1600|model=hky,2,4,low,1600,hky,1.0,False,2
ils=low|rep=02|length=1600|model=hky,2,4,low,1600,hky,0.978,False,6
ils=low|rep=02|length=1600|model=hky,2,4,low,1600,hky,1.0,True,7
ils=low|rep=02|length=1600|model=hky,2,4,low,1600,hky,0.997,True,9
ils=low|rep=02|length=1600|model=hky,2,4,low,1600,hky,1.0,True,9
ils=low|rep=02|length=1600|model=hky,2,4,low,1600,hky,0.999,False,5
ils=low|rep=02|length=1600|model=hky,2,4,low,1600,hky,1.0,True,4
ils=low|rep=02|length=1600|model=hky,2,4,low,1600,hky,0.996,True,3
ils=low|rep=02|length=1600|model=hky,2,4,low,1600,hky,1.0,True,2
ils=low|rep=02|length=1600|model=hky,2,4,low,1600,hky,0.97,True,4
ils=low|rep=02|length=1600|model=hky,2,4,low,1600,hky,0.626,False,3
ils=low|rep=02|length=1600|model=hky,2,4,low,1600,hky,1.0,True,2
ils=low|rep=02|length=1600|model=hky,2,4,low,1600,hky,1.0,True,3
ils=low|rep=02|length=1600|model=hky,2,4,low,1600,hky,1.0,True,2
ils=low|rep=02|length=1600|model=hky,2,4,low,1600,hky,1.0,True,2
ils=low|rep=02|length=1600|model=hky,2,4,low,1600,hky,1.0,True,4
ils=low|rep=02|length=1600|model=hky,2,4,low,1600,hky,1.0,True,2
ils=low|rep=02|length=1600|model=hky,2,4,low,1600,hky,1.0,True,2
ils=low|rep=02|length=1600|model=hky,2,5,low,1600,hky,1.0,True,4
ils=low|rep=02|length=1600|model=hky,2,5,low,1600,hky,1.0,True,2
ils=low|rep=02|length=1600|model=hky,2,5,low,1600,hky,1.0,True,2
ils=low|rep=02|length=1600|model=hky,2,5,low,1600,hky,0.98,True,5
ils=low|rep=02|length=1600|model=hky,2,5,low,1600,hky,0.695,False,6
ils=low|rep=02|length=1600|model=hky,2,5,low,1600,hky,0.981,False,3
ils=low|rep=02|length=1600|model=hky,2,5,low,1600,hky,1.0,True,2
ils=low|rep=02|length=1600|model=hky,2,5,low,1600,hky,1.0,True,9
ils=low|rep=02|length=1600|model=hky,2,5,low,1600,hky,1.0,True,3
ils=low|rep=02|length=1600|model=hky,2,5,low,1600,hky,1.0,True,2
ils=low|rep=02|length=1600|model=hky,2,5,low,1600,hky,1.0,True,9
ils=low|rep=02|length=1600|model=hky,2,5,low,1600,hky,1.0,True,8
ils=low|rep=02|length=1600|model=hky,2,5,low,1600,hky,0.591,False,7
ils=low|rep=02|length=1600|model=hky,2,5,low,1600,hky,1.0,True,4
ils=low|rep=02|length=1600|model=hky,2,5,low,1600,hky,0.769,True,3
ils=low|rep=02|length=1600|model=hky,2,5,low,1600,hky,1.0,True,2
ils=low|rep=02|length=1600|model=hky,2,5,low,1600,hky,0.991,False,3
ils=low|rep=02|length=1600|model=hky,2,5,low,1600,hky,1.0,True,2
ils=low|rep=02|length=1600|model=hky,2,6,low,1600,hky,1.0,False,2
ils=low|rep=02|length=1600|model=hky,2,6,low,1600,hky,0.637,False,5
ils=low|rep=02|length=1600|model=hky,2,6,low,1600,hky,1.0,True,2
ils=low|rep=02|length=1600|model=hky,2,6,low,1600,hky,0.982,False,3
ils=low|rep=02|length=1600|model=hky,2,6,low,1600,hky,1.0,True,2
ils=low|rep=02|length=1600|model=hky,2,6,low,1600,hky,0.999,True,7
ils=low|rep=02|length=1600|model=hky,2,6,low,1600,hky,1.0,True,9
ils=low|rep=02|length=1600|model=hky,2,6,low,1600,hky,1.0,True,9
ils=low|rep=02|length=1600|model=hky,2,6,low,1600,hky,0.967,True,5
ils=low|rep=02|length=1600|model=hky,2,6,low,1600,hky,1.0,True,4
ils=low|rep=02|length=1600|model=hky,2,6,low,1600,hky,1.0,True,2
ils=low|rep=02|length=1600|model=hky,2,6,low,1600,hky,1.0,True,2
ils=low|rep=02|length=1600|model=hky,2,6,low,1600,hky,1.0,True,4
ils=low|rep=02|length=1600|model=hky,2,6,low,1600,hky,1.0,True,2
ils=low|rep=02|length=1600|model=hky,2,6,low,1600,hky,1.0,True,2
ils=low|rep=02|length=1600|model=hky,2,6,low,1600,hky,1.0,True,3
ils=low|rep=02|length=1600|model=hky,2,6,low,1600,hky,1.0,True,2
ils=low|rep=02|length=1600|model=hky,2,6,low,1600,hky,1.0,True,2
ils=low|rep=02|length=1600|model=hky,2,7,low,1600,hky,1.0,True,2
ils=low|rep=02|length=1600|model=hky,2,7,low,1600,hky,1.0,True,2
ils=low|rep=02|length=1600|model=hky,2,7,low,1600,hky,1.0,True,4
ils=low|rep=02|length=1600|model=hky,2,7,low,1600,hky,1.0,True,5
ils=low|rep=02|length=1600|model=hky,2,7,low,1600,hky,0.935,False,4
ils=low|rep=02|length=1600|model=hky,2,7,low,1600,hky,1.0,False,2
ils=low|rep=02|length=1600|model=hky,2,7,low,1600,hky,1.0,True,2
ils=low|rep=02|length=1600|model=hky,2,7,low,1600,hky,1.0,True,9
ils=low|rep=02|length=1600|model=hky,2,7,low,1600,hky,0.651,False,10
ils=low|rep=02|length=1600|model=hky,2,7,low,1600,hky,1.0,True,3
ils=low|rep=02|length=1600|model=hky,2,7,low,1600,hky,1.0,True,2
ils=low|rep=02|length=1600|model=hky,2,7,low,1600,hky,1.0,True,8
ils=low|rep=02|length=1600|model=hky,2,7,low,1600,hky,1.0,True,4
ils=low|rep=02|length=1600|model=hky,2,7,low,1600,hky,0.934,True,3
ils=low|rep=02|length=1600|model=hky,2,7,low,1600,hky,1.0,True,2
ils=low|rep=02|length=1600|model=hky,2,7,low,1600,hky,1.0,True,4
ils=low|rep=02|length=1600|model=hky,2,7,low,1600,hky,1.0,False,3
ils=low|rep=02|length=1600|model=hky,2,7,low,1600,hky,1.0,True,2
ils=low|rep=02|length=1600|model=jc,2,1,low,1600,jc,0.976,False,3
ils=low|rep=02|length=1600|model=jc,2,1,low,1600,jc,1.0,False,5
ils=low|rep=02|length=1600|model=jc,2,1,low,1600,jc,1.0,True,7
ils=low|rep=02|length=1600|model=jc,2,1,low,1600,jc,1.0,True,2
ils=low|rep=02|length=1600|model=jc,2,1,low,1600,jc,1.0,True,9
ils=low|rep=02|length=1600|model=jc,2,1,low,1600,jc,1.0,True,9
ils=low|rep=02|length=1600|model=jc,2,1,low,1600,jc,0.967,False,5
ils=low|rep=02|length=1600|model=jc,2,1,low,1600,jc,1.0,True,4
ils=low|rep=02|length=1600|model=jc,2,1,low,1600,jc,0.937,False,3
ils=low|rep=02|length=1600|model=jc,2,1,low,1600,jc,0.991,False,2
ils=low|rep=02|length=1600|model=jc,2,1,low,1600,jc,1.0,True,4
ils=low|rep=02|length=1600|model=jc,2,1,low,1600,jc,1.0,True,3
ils=low|rep=02|length=1600|model=jc,2,1,low,1600,jc,1.0,True,2
ils=low|rep=02|length=1600|model=jc,2,1,low,1600,jc,1.0,True,3
ils=low|rep=02|length=1600|model=jc,2,1,low,1600,jc,1.0,True,2
ils=low|rep=02|length=1600|model=jc,2,1,low,1600,jc,0.999,True,2
ils=low|rep=02|length=1600|model=jc,2,1,low,1600,jc,1.0,True,2
ils=low|rep=02|length=1600|model=jc,2,1,low,1600,jc,1.0,True,2
ils=low|rep=02|length=1600|model=jc,2,2,low,1600,jc,0.994,False,10
ils=low|rep=02|length=1600|model=jc,2,2,low,1600,jc,0.719,False,7
ils=low|rep=02|length=1600|model=jc,2,2,low,1600,jc,0.849,False,4
ils=low|rep=02|length=1600|model=jc,2,2,low,1600,jc,1.0,False,2
ils=low|rep=02|length=1600|model=jc,2,2,low,1600,jc,1.0,True,2
ils=low|rep=02|length=1600|model=jc,2,2,low,1600,jc,1.0,True,3
ils=low|rep=02|length=1600|model=jc,2,2,low,1600,jc,1.0,True,2
ils=low|rep=02|length=1600|model=jc,2,2,low,1600,jc,1.0,True,4
ils=low|rep=02|length=1600|model=jc,2,2,low,1600,jc,1.0,True,2
ils=low|rep=02|length=1600|model=jc,2,2,low,1600,jc,1.0,True,2
ils=low|rep=02|length=1600|model=jc,2,2,low,1600,jc,1.0,True,9
ils=low|rep=02|length=1600|model=jc,2,2,low,1600,jc,1.0,False,8
ils=low|rep=02|length=1600|model=jc,2,2,low,1600,jc,0.999,False,4
ils=low|rep=02|length=1600|model=jc,2,2,low,1600,jc,1.0,True,3
ils=low|rep=02|length=1600|model=jc,2,2,low,1600,jc,1.0,True,2
ils=low|rep=02|length=1600|model=jc,2,2,low,1600,jc,1.0,True,4
ils=low|rep=02|length=1600|model=jc,2,2,low,1600,jc,0.943,True,2
ils=low|rep=02|length=1600|model=jc,2,2,low,1600,jc,1.0,True,2
ils=low|rep=02|length=1600|model=jc,2,3,low,1600,jc,1.0,True,4
ils=low|rep=02|length=1600|model=jc,2,3,low,1600,jc,1.0,True,2
ils=low|rep=02|length=1600|model=jc,2,3,low,1600,jc,1.0,True,2
ils=low|rep=02|length=1600|model=jc,2,3,low,1600,jc,0.981,False,5
ils=low|rep=02|length=1600|model=jc,2,3,low,1600,jc,1.0,False,2
ils=low|rep=02|length=1600|model=jc,2,3,low,1600,jc,1.0,True,7
ils=low|rep=02|length=1600|model=jc,2,3,low,1600,jc,1.0,True,3
ils=low|rep=02|length=1600|model=jc,2,3,low,1600,jc,1.0,True,2
ils=low|rep=02|length=1600|model=jc,2,3,low,1600,jc,0.532,False,10
ils=low|rep=02|length=1600|model=jc,2,3,low,1600,jc,1.0,True,9
ils=low|rep=02|length=1600|model=jc,2,3,low,1600,jc,0.999,False,8
ils=low|rep=02|length=1600|model=jc,2,3,low,1600,jc,0.988,True,5
ils=low|rep=02|length=1600|model=jc,2,3,low,1600,jc,1.0,True,4
ils=low|rep=02|length=1600|model=jc,2,3,low,1600,jc,0.614,True,2
ils=low|rep=02|length=1600|model=jc,2,3,low,1600,jc,1.0,True,2
ils=low|rep=02|length=1600|model=jc,2,3,low,1600,jc,1.0,True,3
ils=low|rep=02|length=1600|model=jc,2,3,low,1600,jc,1.0,True,2
ils=low|rep=02|length=1600|model=jc,2,3,low,1600,jc,1.0,True,2
ils=low|rep=02|length=1600|model=jc,2,4,low,1600,jc,1.0,False,2
ils=low|rep=02|length=1600|model=jc,2,4,low,1600,jc,0.978,False,6
ils=low|rep=02|length=1600|model=jc,2,4,low,1600,jc,1.0,True,7
ils=low|rep=02|length=1600|model=jc,2,4,low,1600,jc,0.998,True,9
ils=low|rep=02|length=1600|model=jc,2,4,low,1600,jc,1.0,True,9
ils=low|rep=02|length=1600|model=jc,2,4,low,1600,jc,0.999,False,5
ils=low|rep=02|length=1600|model=jc,2,4,low,1600,jc,1.0,True,4
ils=low|rep=02|length=1600|model=jc,2,4,low,1600,jc,0.979,True,3
ils=low|rep=02|length=1600|model=jc,2,4,low,1600,jc,1.0,True,2
ils=low|rep=02|length=1600|model=jc,2,4,low,1600,jc,0.998,True,4
ils=low|rep=02|length=1600|model=jc,2,4,low,1600,jc,0.655,True,3
ils=low|rep=02|length=1600|model=jc,2,4,low,1600,jc,1.0,True,2
ils=low|rep=02|length=1600|model=jc,2,4,low,1600,jc,1.0,True,3
ils=low|rep=02|length=1600|model=jc,2,4,low,1600,jc,1.0,True,2
ils=low|rep=02|length=1600|model=jc,2,4,low,1600,jc,1.0,True,2
ils=low|rep=02|length=1600|model=jc,2,4,low,1600,jc,1.0,True,4
ils=low|rep=02|length=1600|model=jc,2,4,low,1600,jc,1.0,True,2
ils=low|rep=02|length=1600|model=jc,2,4,low,1600,jc,1.0,True,2
ils=low|rep=02|length=1600|model=jc,2,5,low,1600,jc,1.0,True,4
ils=low|rep=02|length=1600|model=jc,2,5,low,1600,jc,1.0,True,2
ils=low|rep=02|length=1600|model=jc,2,5,low,1600,jc,1.0,True,2
ils=low|rep=02|length=1600|model=jc,2,5,low,1600,jc,1.0,True,5
ils=low|rep=02|length=1600|model=jc,2,5,low,1600,jc,0.997,True,7
ils=low|rep=02|length=1600|model=jc,2,5,low,1600,jc,1.0,True,2
ils=low|rep=02|length=1600|model=jc,2,5,low,1600,jc,1.0,True,9
ils=low|rep=02|length=1600|model=jc,2,5,low,1600,jc,1.0,True,3
ils=low|rep=02|length=1600|model=jc,2,5,low,1600,jc,1.0,True,2
ils=low|rep=02|length=1600|model=jc,2,5,low,1600,jc,1.0,True,9
ils=low|rep=02|length=1600|model=jc,2,5,low,1600,jc,1.0,True,8
ils=low|rep=02|length=1600|model=jc,2,5,low,1600,jc,1.0,True,4
ils=low|rep=02|length=1600|model=jc,2,5,low,1600,jc,0.894,True,3
ils=low|rep=02|length=1600|model=jc,2,5,low,1600,jc,1.0,True,2
ils=low|rep=02|length=1600|model=jc,2,5,low,1600,jc,0.899,True,4
ils=low|rep=02|length=1600|model=jc,2,5,low,1600,jc,0.915,False,3
ils=low|rep=02|length=1600|model=jc,2,5,low,1600,jc,1.0,True,2
ils=low|rep=02|length=1600|model=jc,2,5,low,1600,jc,0.993,True,2
ils=low|rep=02|length=1600|model=jc,2,6,low,1600,jc,1.0,False,2
ils=low|rep=02|length=1600|model=jc,2,6,low,1600,jc,1.0,True,2
ils=low|rep=02|length=1600|model=jc,2,6,low,1600,jc,0.699,False,4
ils=low|rep=02|length=1600|model=jc,2,6,low,1600,jc,1.0,False,3
ils=low|rep=02|length=1600|model=jc,2,6,low,1600,jc,1.0,True,2
ils=low|rep=02|length=1600|model=jc,2,6,low,1600,jc,1.0,True,7
ils=low|rep=02|length=1600|model=jc,2,6,low,1600,jc,1.0,True,9
ils=low|rep=02|length=1600|model=jc,2,6,low,1600,jc,1.0,True,9
ils=low|rep=02|length=1600|model=jc,2,6,low,1600,jc,0.892,True,5
ils=low|rep=02|length=1600|model=jc,2,6,low,1600,jc,1.0,True,4
ils=low|rep=02|length=1600|model=jc,2,6,low,1600,jc,1.0,True,2
ils=low|rep=02|length=1600|model=jc,2,6,low,1600,jc,1.0,True,2
ils=low|rep=02|length=1600|model=jc,2,6,low,1600,jc,1.0,True,4
ils=low|rep=02|length=1600|model=jc,2,6,low,1600,jc,1.0,True,2
ils=low|rep=02|length=1600|model=jc,2,6,low,1600,jc,1.0,True,2
ils=low|rep=02|length=1600|model=jc,2,6,low,1600,jc,1.0,True,3
ils=low|rep=02|length=1600|model=jc,2,6,low,1600,jc,1.0,True,2
ils=low|rep=02|length=1600|model=jc,2,6,low,1600,jc,1.0,True,2
ils=low|rep=02|length=1600|model=jc,2,7,low,1600,jc,1.0,True,2
ils=low|rep=02|length=1600|model=jc,2,7,low,1600,jc,1.0,True,2
ils=low|rep=02|length=1600|model=jc,2,7,low,1600,jc,1.0,True,4
ils=low|rep=02|length=1600|model=jc,2,7,low,1600,jc,1.0,True,5
ils=low|rep=02|length=1600|model=jc,2,7,low,1600,jc,0.998,False,4
ils=low|rep=02|length=1600|model=jc,2,7,low,1600,jc,1.0,False,2
ils=low|rep=02|length=1600|model=jc,2,7,low,1600,jc,1.0,True,2
ils=low|rep=02|length=1600|model=jc,2,7,low,1600,jc,1.0,True,9
ils=low|rep=02|length=1600|model=jc,2,7,low,1600,jc,0.702,False,10
ils=low|rep=02|length=1600|model=jc,2,7,low,1600,jc,1.0,True,3
ils=low|rep=02|length=1600|model=jc,2,7,low,1600,jc,1.0,True,2
ils=low|rep=02|length=1600|model=jc,2,7,low,1600,jc,1.0,True,8
ils=low|rep=02|length=1600|model=jc,2,7,low,1600,jc,1.0,True,4
ils=low|rep=02|length=1600|model=jc,2,7,low,1600,jc,0.87,True,3
ils=low|rep=02|length=1600|model=jc,2,7,low,1600,jc,1.0,True,2
ils=low|rep=02|length=1600|model=jc,2,7,low,1600,jc,1.0,True,4
ils=low|rep=02|length=1600|model=jc,2,7,low,1600,jc,1.0,False,3
ils=low|rep=02|length=1600|model=jc,2,7,low,1600,jc,1.0,True,2
ils=high|rep=01|length=1600|model=gtr_g4,1,1,high,1600,gtr_g4,0.333,False,2
ils=high|rep=01|length=1600|model=gtr_g4,1,1,high,1600,gtr_g4,0.333,False,4
ils=high|rep=01|length=1600|model=gtr_g4,1,1,high,1600,gtr_g4,1.0,True,2
ils=high|rep=01|length=1600|model=gtr_g4,1,1,high,1600,gtr_g4,1.0,True,2
ils=high|rep=01|length=1600|model=gtr_g4,1,1,high,1600,gtr_g4,0.333,False,6
ils=high|rep=01|length=1600|model=gtr_g4,1,1,high,1600,gtr_g4,0.992,True,7
ils=high|rep=01|length=1600|model=gtr_g4,1,1,high,1600,gtr_g4,0.333,False,8
ils=high|rep=01|length=1600|model=gtr_g4,1,1,high,1600,gtr_g4,0.333,False,3
ils=high|rep=01|length=1600|model=gtr_g4,1,1,high,1600,gtr_g4,0.895,True,2
ils=high|rep=01|length=1600|model=gtr_g4,1,1,high,1600,gtr_g4,0.333,False,10
ils=high|rep=01|length=1600|model=gtr_g4,1,1,high,1600,gtr_g4,0.333,False,4
ils=high|rep=01|length=1600|model=gtr_g4,1,1,high,1600,gtr_g4,0.996,True,3
ils=high|rep=01|length=1600|model=gtr_g4,1,1,high,1600,gtr_g4,0.333,False,2
ils=high|rep=01|length=1600|model=gtr_g4,1,1,high,1600,gtr_g4,0.333,True,6
ils=high|rep=01|length=1600|model=gtr_g4,1,1,high,1600,gtr_g4,0.998,True,4
ils=high|rep=01|length=1600|model=gtr_g4,1,1,high,1600,gtr_g4,0.333,True,2
ils=high|rep=01|length=1600|model=gtr_g4,1,1,high,1600,gtr_g4,0.99,True,2
ils=high|rep=01|length=1600|model=gtr_g4,1,1,high,1600,gtr_g4,0.933,True,2
ils=high|rep=01|length=1600|model=gtr_g4,1,2,high,1600,gtr_g4,0.739,False,2
ils=high|rep=01|length=1600|model=gtr_g4,1,2,high,1600,gtr_g4,1.0,True,10
ils=high|rep=01|length=1600|model=gtr_g4,1,2,high,1600,gtr_g4,0.944,True,6
ils=high|rep=01|length=1600|model=gtr_g4,1,2,high,1600,gtr_g4,1.0,True,5
ils=high|rep=01|length=1600|model=gtr_g4,1,2,high,1600,gtr_g4,0.384,False,4
ils=high|rep=01|length=1600|model=gtr_g4,1,2,high,1600,gtr_g4,0.333,False,2
ils=high|rep=01|length=1600|model=gtr_g4,1,2,high,1600,gtr_g4,0.993,True,2
ils=high|rep=01|length=1600|model=gtr_g4,1,2,high,1600,gtr_g4,1.0,True,4
ils=high|rep=01|length=1600|model=gtr_g4,1,2,high,1600,gtr_g4,0.999,True,3
ils=high|rep=01|length=1600|model=gtr_g4,1,2,high,1600,gtr_g4,0.333,False,2
ils=high|rep=01|length=1600|model=gtr_g4,1,2,high,1600,gtr_g4,1.0,True,9
ils=high|rep=01|length=1600|model=gtr_g4,1,2,high,1600,gtr_g4,0.333,False,8
ils=high|rep=01|length=1600|model=gtr_g4,1,2,high,1600,gtr_g4,0.333,True,2
ils=high|rep=01|length=1600|model=gtr_g4,1,2,high,1600,gtr_g4,0.333,False,6
ils=high|rep=01|length=1600|model=gtr_g4,1,2,high,1600,gtr_g4,0.981,True,5
ils=high|rep=01|length=1600|model=gtr_g4,1,2,high,1600,gtr_g4,0.333,False,3
ils=high|rep=01|length=1600|model=gtr_g4,1,2,high,1600,gtr_g4,1.0,True,2
ils=high|rep=01|length=1600|model=gtr_g4,1,2,high,1600,gtr_g4,0.333,False,2
ils=high|rep=01|length=1600|model=gtr_g4,1,3,high,1600,gtr_g4,1.0,True,2
ils=high|rep=01|length=1600|model=gtr_g4,1,3,high,1600,gtr_g4,0.333,False,9
ils=high|rep=01|length=1600|model=gtr_g4,1,3,high,1600,gtr_g4,1.0,True,10
ils=high|rep=01|length=1600|model=gtr_g4,1,3,high,1600,gtr_g4,0.928,True,10
ils=high|rep=01|length=1600|model=gtr_g4,1,3,high,1600,gtr_g4,0.333,False,9
ils=high|rep=01|length=1600|model=gtr_g4,1,3,high,1600,gtr_g4,0.333,False,6
ils=high|rep=01|length=1600|model=gtr_g4,1,3,high,1600,gtr_g4,1.0,True,3
ils=high|rep=01|length=1600|model=gtr_g4,1,3,high,1600,gtr_g4,0.802,True,2
ils=high|rep=01|length=1600|model=gtr_g4,1,3,high,1600,gtr_g4,1.0,True,3
ils=high|rep=01|length=1600|model=gtr_g4,1,3,high,1600,gtr_g4,0.96,True,2
ils=high|rep=01|length=1600|model=gtr_g4,1,3,high,1600,gtr_g4,0.909,True,3
ils=high|rep=01|length=1600|model=gtr_g4,1,3,high,1600,gtr_g4,1.0,True,2
ils=high|rep=01|length=1600|model=gtr_g4,1,3,high,1600,gtr_g4,0.333,False,7
ils=high|rep=01|length=1600|model=gtr_g4,1,3,high,1600,gtr_g4,1.0,True,4
ils=high|rep=01|length=1600|model=gtr_g4,1,3,high,1600,gtr_g4,0.333,False,3
ils=high|rep=01|length=1600|model=gtr_g4,1,3,high,1600,gtr_g4,0.333,False,2
ils=high|rep=01|length=1600|model=gtr_g4,1,3,high,1600,gtr_g4,1.0,True,3
ils=high|rep=01|length=1600|model=gtr_g4,1,3,high,1600,gtr_g4,0.914,True,2
ils=high|rep=01|length=1600|model=gtr_g4,1,4,high,1600,gtr_g4,0.333,True,2
ils=high|rep=01|length=1600|model=gtr_g4,1,4,high,1600,gtr_g4,0.998,True,6
ils=high|rep=01|length=1600|model=gtr_g4,1,4,high,1600,gtr_g4,0.333,False,4
ils=high|rep=01|length=1600|model=gtr_g4,1,4,high,1600,gtr_g4,1.0,True,3
ils=high|rep=01|length=1600|model=gtr_g4,1,4,high,1600,gtr_g4,0.333,False,2
ils=high|rep=01|length=1600|model=gtr_g4,1,4,high,1600,gtr_g4,0.333,False,2
ils=high|rep=01|length=1600|model=gtr_g4,1,4,high,1600,gtr_g4,1.0,True,8
ils=high|rep=01|length=1600|model=gtr_g4,1,4,high,1600,gtr_g4,0.333,False,9
ils=high|rep=01|length=1600|model=gtr_g4,1,4,high,1600,gtr_g4,0.333,False,3
ils=high|rep=01|length=1600|model=gtr_g4,1,4,high,1600,gtr_g4,1.0,True,2
ils=high|rep=01|length=1600|model=gtr_g4,1,4,high,1600,gtr_g4,0.333,False,9
ils=high|rep=01|length=1600|model=gtr_g4,1,4,high,1600,gtr_g4,0.991,True,7
ils=high|rep=01|length=1600|model=gtr_g4,1,4,high,1600,gtr_g4,1.0,True,3
ils=high|rep=01|length=1600|model=gtr_g4,1,4,high,1600,gtr_g4,0.333,False,2
ils=high|rep=01|length=1600|model=gtr_g4,1,4,high,1600,gtr_g4,0.333,False,4
ils=high|rep=01|length=1600|model=gtr_g4,1,4,high,1600,gtr_g4,1.0,True,3
ils=high|rep=01|length=1600|model=gtr_g4,1,4,high,1600,gtr_g4,0.333,False,2
ils=high|rep=01|length=1600|model=gtr_g4,1,4,high,1600,gtr_g4,1.0,True,2
ils=high|rep=01|length=1600|model=gtr_g4,1,5,high,1600,gtr_g4,0.333,False,2
ils=high|rep=01|length=1600|model=gtr_g4,1,5,high,1600,gtr_g4,1.0,True,3
ils=high|rep=01|length=1600|model=gtr_g4,1,5,high,1600,gtr_g4,0.931,True,2
ils=high|rep=01|length=1600|model=gtr_g4,1,5,high,1600,gtr_g4,1.0,True,5
ils=high|rep=01|length=1600|model=gtr_g4,1,5,high,1600,gtr_g4,0.959,True,10
ils=high|rep=01|length=1600|model=gtr_g4,1,5,high,1600,gtr_g4,1.0,True,2
ils=high|rep=01|length=1600|model=gtr_g4,1,5,high,1600,gtr_g4,0.97,True,8
ils=high|rep=01|length=1600|model=gtr_g4,1,5,high,1600,gtr_g4,0.333,False,7
ils=high|rep=01|length=1600|model=gtr_g4,1,5,high,1600,gtr_g4,0.333,True,3
ils=high|rep=01|length=1600|model=gtr_g4,1,5,high,1600,gtr_g4,0.965,True,2
ils=high|rep=01|length=1600|model=gtr_g4,1,5,high,1600,gtr_g4,0.988,True,4
ils=high|rep=01|length=1600|model=gtr_g4,1,5,high,1600,gtr_g4,0.333,False,3
ils=high|rep=01|length=1600|model=gtr_g4,1,5,high,1600,gtr_g4,1.0,True,2
ils=high|rep=01|length=1600|model=gtr_g4,1,5,high,1600,gtr_g4,0.989,False,6
ils=high|rep=01|length=1600|model=gtr_g4,1,5,high,1600,gtr_g4,0.333,False,2
ils=high|rep=01|length=1600|model=gtr_g4,1,5,high,1600,gtr_g4,0.333,True,4
ils=high|rep=01|length=1600|model=gtr_g4,1,5,high,1600,gtr_g4,1.0,True,3
ils=high|rep=01|length=1600|model=gtr_g4,1,5,high,1600,gtr_g4,0.333,True,2
ils=high|rep=01|length=1600|model=gtr_g4,1,6,high,1600,gtr_g4,0.987,True,2
ils=high|rep=01|length=1600|model=gtr_g4,1,6,high,1600,gtr_g4,0.991,True,3
ils=high|rep=01|length=1600|model=gtr_g4,1,6,high,1600,gtr_g4,0.333,False,2
ils=high|rep=01|length=1600|model=gtr_g4,1,6,high,1600,gtr_g4,0.951,True,5
ils=high|rep=01|length=1600|model=gtr_g4,1,6,high,1600,gtr_g4,0.978,True,6
ils=high|rep=01|length=1600|model=gtr_g4,1,6,high,1600,gtr_g4,0.333,True,7
ils=high|rep=01|length=1600|model=gtr_g4,1,6,high,1600,gtr_g4,0.333,False,10
ils=high|rep=01|length=1600|model=gtr_g4,1,6,high,1600,gtr_g4,0.941,False,5
ils=high|rep=01|length=1600|model=gtr_g4,1,6,high,1600,gtr_g4,0.925,True,4
ils=high|rep=01|length=1600|model=gtr_g4,1,6,high,1600,gtr_g4,0.333,True,2
ils=high|rep=01|length=1600|model=gtr_g4,1,6,high,1600,gtr_g4,0.966,True,2
ils=high|rep=01|length=1600|model=gtr_g4,1,6,high,1600,gtr_g4,0.338,False,6
ils=high|rep=01|length=1600|model=gtr_g4,1,6,high,1600,gtr_g4,1.0,True,3
ils=high|rep=01|length=1600|model=gtr_g4,1,6,high,1600,gtr_g4,1.0,True,2
ils=high|rep=01|length=1600|model=gtr_g4,1,6,high,1600,gtr_g4,0.95,True,3
ils=high|rep=01|length=1600|model=gtr_g4,1,6,high,1600,gtr_g4,0.869,True,2
ils=high|rep=01|length=1600|model=gtr_g4,1,6,high,1600,gtr_g4,0.333,True,3
ils=high|rep=01|length=1600|model=gtr_g4,1,6,high,1600,gtr_g4,0.918,True,2
ils=high|rep=01|length=1600|model=gtr_g4,1,7,high,1600,gtr_g4,1.0,True,2
ils=high|rep=01|length=1600|model=gtr_g4,1,7,high,1600,gtr_g4,0.988,True,3
ils=high|rep=01|length=1600|model=gtr_g4,1,7,high,1600,gtr_g4,0.953,False,6
ils=high|rep=01|length=1600|model=gtr_g4,1,7,high,1600,gtr_g4,1.0,True,2
ils=high|rep=01|length=1600|model=gtr_g4,1,7,high,1600,gtr_g4,0.333,False,8
ils=high|rep=01|length=1600|model=gtr_g4,1,7,high,1600,gtr_g4,0.333,False,3
ils=high|rep=01|length=1600|model=gtr_g4,1,7,high,1600,gtr_g4,0.999,True,2
ils=high|rep=01|length=1600|model=gtr_g4,1,7,high,1600,gtr_g4,0.333,False,10
ils=high|rep=01|length=1600|model=gtr_g4,1,7,high,1600,gtr_g4,0.333,False,4
ils=high|rep=01|length=1600|model=gtr_g4,1,7,high,1600,gtr_g4,1.0,True,2
ils=high|rep=01|length=1600|model=gtr_g4,1,7,high,1600,gtr_g4,1.0,True,2
ils=high|rep=01|length=1600|model=gtr_g4,1,7,high,1600,gtr_g4,1.0,True,6
ils=high|rep=01|length=1600|model=gtr_g4,1,7,high,1600,gtr_g4,0.333,False,4
ils=high|rep=01|length=1600|model=gtr_g4,1,7,high,1600,gtr_g4,0.333,False,2
ils=high|rep=01|length=1600|model=gtr_g4,1,7,high,1600,gtr_g4,0.982,False,2
ils=high|rep=01|length=1600|model=gtr_g4,1,7,high,1600,gtr_g4,0.982,True,2
ils=high|rep=01|length=1600|model=gtr_g4,1,7,high,1600,gtr_g4,0.999,True,3
ils=high|rep=01|length=1600|model=gtr_g4,1,7,high,1600,gtr_g4,1.0,True,2
ils=high|rep=01|length=1600|model=gtr,1,1,high,1600,gtr,0.333,False,2
ils=high|rep=01|length=1600|model=gtr,1,1,high,1600,gtr,0.333,False,3
ils=high|rep=01|length=1600|model=gtr,1,1,high,1600,gtr,1.0,True,2
ils=high|rep=01|length=1600|model=gtr,1,1,high,1600,gtr,0.333,False,5
ils=high|rep=01|length=1600|model=gtr,1,1,high,1600,gtr,1.0,True,2
ils=high|rep=01|length=1600|model=gtr,1,1,high,1600,gtr,0.997,True,7
ils=high|rep=01|length=1600|model=gtr,1,1,high,1600,gtr,0.333,False,8
ils=high|rep=01|length=1600|model=gtr,1,1,high,1600,gtr,0.333,False,8
ils=high|rep=01|length=1600|model=gtr,1,1,high,1600,gtr,0.333,False,3
ils=high|rep=01|length=1600|model=gtr,1,1,high,1600,gtr,0.978,True,2
ils=high|rep=01|length=1600|model=gtr,1,1,high,1600,gtr,0.333,False,5
ils=high|rep=01|length=1600|model=gtr,1,1,high,1600,gtr,0.999,True,4
ils=high|rep=01|length=1600|model=gtr,1,1,high,1600,gtr,0.333,True,2
ils=high|rep=01|length=1600|model=gtr,1,1,high,1600,gtr,0.996,True,2
ils=high|rep=01|length=1600|model=gtr,1,1,high,1600,gtr,0.333,False,5
ils=high|rep=01|length=1600|model=gtr,1,1,high,1600,gtr,0.998,True,3
ils=high|rep=01|length=1600|model=gtr,1,1,high,1600,gtr,0.333,True,2
ils=high|rep=01|length=1600|model=gtr,1,1,high,1600,gtr,0.965,True,2
ils=high|rep=01|length=1600|model=gtr,1,2,high,1600,gtr,0.885,False,2
ils=high|rep=01|length=1600|model=gtr,1,2,high,1600,gtr,1.0,True,10
ils=high|rep=01|length=1600|model=gtr,1,2,high,1600,gtr,0.982,True,6
ils=high|rep=01|length=1600|model=gtr,1,2,high,1600,gtr,1.0,True,5
ils=high|rep=01|length=1600|model=gtr,1,2,high,1600,gtr,0.38,False,4
ils=high|rep=01|length=1600|model=gtr,1,2,high,1600,gtr,0.333,False,2
ils=high|rep=01|length=1600|model=gtr,1,2,high,1600,gtr,0.998,True,2
ils=high|rep=01|length=1600|model=gtr,1,2,high,1600,gtr,1.0,True,4
ils=high|rep=01|length=1600|model=gtr,1,2,high,1600,gtr,1.0,True,3
ils=high|rep=01|length=1600|model=gtr,1,2,high,1600,gtr,0.333,False,2
ils=high|rep=01|length=1600|model=gtr,1,2,high,1600,gtr,1.0,True,9
ils=high|rep=01|length=1600|model=gtr,1,2,high,1600,gtr,0.333,False,8
ils=high|rep=01|length=1600|model=gtr,1,2,high,1600,gtr,0.333,True,2
ils=high|rep=01|length=1600|model=gtr,1,2,high,1600,gtr,0.333,False,6
ils=high|rep=01|length=1600|model=gtr,1,2,high,1600,gtr,1.0,True,5
ils=high|rep=01|length=1600|model=gtr,1,2,high,1600,gtr,0.333,False,2
ils=high|rep=01|length=1600|model=gtr,1,2,high,1600,gtr,0.333,True,3
ils=high|rep=01|length=1600|model=gtr,1,2,high,1600,gtr,1.0,True,2
ils=high|rep=01|length=1600|model=gtr,1,3,high,1600,gtr,1.0,True,2
ils=high|rep=01|length=1600|model=gtr,1,3,high,1600,gtr,0.333,False,9
ils=high|rep=01|length=1600|model=gtr,1,3,high,1600,gtr,1.0,True,10
ils=high|rep=01|length=1600|model=gtr,1,3,high,1600,gtr,0.979,True,10
ils=high|rep=01|length=1600|model=gtr,1,3,high,1600,gtr,0.333,False,9
ils=high|rep=01|length=1600|model=gtr,1,3,high,1600,gtr,0.333,False,6
ils=high|rep=01|length=1600|model=gtr,1,3,high,1600,gtr,1.0,True,3
ils=high|rep=01|length=1600|model=gtr,1,3,high,1600,gtr,0.938,True,2
ils=high|rep=01|length=1600|model=gtr,1,3,high,1600,gtr,1.0,True,3
ils=high|rep=01|length=1600|model=gtr,1,3,high,1600,gtr,0.989,True,2
ils=high|rep=01|length=1600|model=gtr,1,3,high,1600,gtr,0.972,True,3
ils=high|rep=01|length=1600|model=gtr,1,3,high,1600,gtr,1.0,True,2
ils=high|rep=01|length=1600|model=gtr,1,3,high,1600,gtr,0.333,False,7
ils=high|rep=01|length=1600|model=gtr,1,3,high,1600,gtr,1.0,True,4
ils=high|rep=01|length=1600|model=gtr,1,3,high,1600,gtr,0.333,False,3
ils=high|rep=01|length=1600|model=gtr,1,3,high,1600,gtr,0.333,False,2
ils=high|rep=01|length=1600|model=gtr,1,3,high,1600,gtr,1.0,True,3
ils=high|rep=01|length=1600|model=gtr,1,3,high,1600,gtr,0.975,True,2
ils=high|rep=01|length=1600|model=gtr,1,4,high,1600,gtr,0.333,True,2
ils=high|rep=01|length=1600|model=gtr,1,4,high,1600,gtr,0.999,True,6
ils=high|rep=01|length=1600|model=gtr,1,4,high,1600,gtr,0.333,False,2
ils=high|rep=01|length=1600|model=gtr,1,4,high,1600,gtr,0.333,False,4
ils=high|rep=01|length=1600|model=gtr,1,4,high,1600,gtr,1.0,True,3
ils=high|rep=01|length=1600|model=gtr,1,4,high,1600,gtr,0.333,False,2
ils=high|rep=01|length=1600|model=gtr,1,4,high,1600,gtr,1.0,True,8
ils=high|rep=01|length=1600|model=gtr,1,4,high,1600,gtr,0.333,False,9
ils=high|rep=01|length=1600|model=gtr,1,4,high,1600,gtr,0.333,False,3
ils=high|rep=01|length=1600|model=gtr,1,4,high,1600,gtr,1.0,True,2
ils=high|rep=01|length=1600|model=gtr,1,4,high,1600,gtr,0.333,False,9
ils=high|rep=01|length=1600|model=gtr,1,4,high,1600,gtr,0.997,True,7
ils=high|rep=01|length=1600|model=gtr,1,4,high,1600,gtr,1.0,True,3
ils=high|rep=01|length=1600|model=gtr,1,4,high,1600,gtr,0.333,False,2
ils=high|rep=01|length=1600|model=gtr,1,4,high,1600,gtr,0.333,False,4
ils=high|rep=01|length=1600|model=gtr,1,4,high,1600,gtr,1.0,True,3
ils=high|rep=01|length=1600|model=gtr,1,4,high,1600,gtr,0.333,False,2
ils=high|rep=01|length=1600|model=gtr,1,4,high,1600,gtr,1.0,True,2
ils=high|rep=01|length=1600|model=gtr,1,5,high,1600,gtr,0.333,False,2
ils=high|rep=01|length=1600|model=gtr,1,5,high,1600,gtr,1.0,True,3
ils=high|rep=01|length=1600|model=gtr,1,5,high,1600,gtr,0.977,True,2
ils=high|rep=01|length=1600|model=gtr,1,5,high,1600,gtr,1.0,True,5
ils=high|rep=01|length=1600|model=gtr,1,5,high,1600,gtr,0.986,True,10
ils=high|rep=01|length=1600|model=gtr,1,5,high,1600,gtr,1.0,True,2
ils=high|rep=01|length=1600|model=gtr,1,5,high,1600,gtr,0.991,True,8
ils=high|rep=01|length=1600|model=gtr,1,5,high,1600,gtr,0.333,False,6
ils=high|rep=01|length=1600|model=gtr,1,5,high,1600,gtr,0.333,False,2
ils=high|rep=01|length=1600|model=gtr,1,5,high,1600,gtr,0.996,True,4
ils=high|rep=01|length=1600|model=gtr,1,5,high,1600,gtr,0.333,False,3
ils=high|rep=01|length=1600|model=gtr,1,5,high,1600,gtr,1.0,True,2
ils=high|rep=01|length=1600|model=gtr,1,5,high,1600,gtr,0.989,True,2
ils=high|rep=01|length=1600|model=gtr,1,5,high,1600,gtr,0.996,False,6
ils=high|rep=01|length=1600|model=gtr,1,5,high,1600,gtr,0.333,False,2
ils=high|rep=01|length=1600|model=gtr,1,5,high,1600,gtr,0.333,True,4
ils=high|rep=01|length=1600|model=gtr,1,5,high,1600,gtr,1.0,True,3
ils=high|rep=01|length=1600|model=gtr,1,5,high,1600,gtr,0.333,True,2
ils=high|rep=01|length=1600|model=gtr,1,6,high,1600,gtr,0.996,True,2
ils=high|rep=01|length=1600|model=gtr,1,6,high,1600,gtr,0.998,True,3
ils=high|rep=01|length=1600|model=gtr,1,6,high,1600,gtr,0.333,False,2
ils=high|rep=01|length=1600|model=gtr,1,6,high,1600,gtr,0.987,True,5
ils=high|rep=01|length=1600|model=gtr,1,6,high,1600,gtr,0.994,True,6
ils=high|rep=01|length=1600|model=gtr,1,6,high,1600,gtr,0.333,True,7
ils=high|rep=01|length=1600|model=gtr,1,6,high,1600,gtr,0.333,False,10
ils=high|rep=01|length=1600|model=gtr,1,6,high,1600,gtr,0.984,False,5
ils=high|rep=01|length=1600|model=gtr,1,6,high,1600,gtr,0.981,True,4
ils=high|rep=01|length=1600|model=gtr,1,6,high,1600,gtr,0.333,True,2
ils=high|rep=01|length=1600|model=gtr,1,6,high,1600,gtr,0.991,True,2
ils=high|rep=01|length=1600|model=gtr,1,6,high,1600,gtr,0.339,False,6
ils=high|rep=01|length=1600|model=gtr,1,6,high,1600,gtr,1.0,True,3
ils=high|rep=01|length=1600|model=gtr,1,6,high,1600,gtr,1.0,True,2
ils=high|rep=01|length=1600|model=gtr,1,6,high,1600,gtr,0.986,True,3
ils=high|rep=01|length=1600|model=gtr,1,6,high,1600,gtr,0.962,True,2
ils=high|rep=01|length=1600|model=gtr,1,6,high,1600,gtr,0.333,True,3
ils=high|rep=01|length=1600|model=gtr,1,6,high,1600,gtr,0.977,True,2
ils=high|rep=01|length=1600|model=gtr,1,7,high,1600,gtr,1.0,True,2
ils=high|rep=01|length=1600|model=gtr,1,7,high,1600,gtr,0.999,True,3
ils=high|rep=01|length=1600|model=gtr,1,7,high,1600,gtr,0.985,False,6
ils=high|rep=01|length=1600|model=gtr,1,7,high,1600,gtr,0.333,False,10
ils=high|rep=01|length=1600|model=gtr,1,7,high,1600,gtr,0.333,False,3
ils=high|rep=01|length=1600|model=gtr,1,7,high,1600,gtr,1.0,True,2
ils=high|rep=01|length=1600|model=gtr,1,7,high,1600,gtr,0.333,False,8
ils=high|rep=01|length=1600|model=gtr,1,7,high,1600,gtr,1.0,True,2
ils=high|rep=01|length=1600|model=gtr,1,7,high,1600,gtr,1.0,True,6
ils=high|rep=01|length=1600|model=gtr,1,7,high,1600,gtr,0.333,False,4
ils=high|rep=01|length=1600|model=gtr,1,7,high,1600,gtr,0.333,False,2
ils=high|rep=01|length=1600|model=gtr,1,7,high,1600,gtr,0.995,False,2
ils=high|rep=01|length=1600|model=gtr,1,7,high,1600,gtr,0.994,True,2
ils=high|rep=01|length=1600|model=gtr,1,7,high,1600,gtr,0.333,False,4
ils=high|rep=01|length=1600|model=gtr,1,7,high,1600,gtr,1.0,True,2
ils=high|rep=01|length=1600|model=gtr,1,7,high,1600,gtr,1.0,True,2
ils=high|rep=01|length=1600|model=gtr,1,7,high,1600,gtr,1.0,True,3
ils=high|rep=01|length=1600|model=gtr,1,7,high,1600,gtr,1.0,True,2
ils=high|rep=01|length=1600|model=hky_g4,1,1,high,1600,hky_g4,0.333,False,3
ils=high|rep=01|length=1600|model=hky_g4,1,1,high,1600,hky_g4,0.333,False,5
ils=high|rep=01|length=1600|model=hky_g4,1,1,high,1600,hky_g4,1.0,True,2
ils=high|rep=01|length=1600|model=hky_g4,1,1,high,1600,hky_g4,0.995,True,7
ils=high|rep=01|length=1600|model=hky_g4,1,1,high,1600,hky_g4,0.333,False,8
ils=high|rep=01|length=1600|model=hky_g4,1,1,high,1600,hky_g4,0.333,False,10
ils=high|rep=01|length=1600|model=hky_g4,1,1,high,1600,hky_g4,0.333,False,4
ils=high|rep=01|length=1600|model=hky_g4,1,1,high,1600,hky_g4,0.994,True,3
ils=high|rep=01|length=1600|model=hky_g4,1,1,high,1600,hky_g4,0.333,True,2
ils=high|rep=01|length=1600|model=hky_g4,1,1,high,1600,hky_g4,0.333,True,6
ils=high|rep=01|length=1600|model=hky_g4,1,1,high,1600,hky_g4,0.999,True,4
ils=high|rep=01|length=1600|model=hky_g4,1,1,high,1600,hky_g4,0.333,True,2
ils=high|rep=01|length=1600|model=hky_g4,1,1,high,1600,hky_g4,0.988,True,2
ils=high|rep=01|length=1600|model=hky_g4,1,1,high,1600,hky_g4,0.943,True,2
ils=high|rep=01|length=1600|model=hky_g4,1,1,high,1600,hky_g4,0.333,False,3
ils=high|rep=01|length=1600|model=hky_g4,1,1,high,1600,hky_g4,0.907,True,2
ils=high|rep=01|length=1600|model=hky_g4,1,1,high,1600,hky_g4,0.333,True,2
ils=high|rep=01|length=1600|model=hky_g4,1,1,high,1600,hky_g4,1.0,True,2
ils=high|rep=01|length=1600|model=hky_g4,1,2,high,1600,hky_g4,0.765,False,2
ils=high|rep=01|length=1600|model=hky_g4,1,2,high,1600,hky_g4,1.0,True,10
ils=high|rep=01|length=1600|model=hky_g4,1,2,high,1600,hky_g4,0.946,True,6
ils=high|rep=01|length=1600|model=hky_g4,1,2,high,1600,hky_g4,1.0,True,5
ils=high|rep=01|length=1600|model=hky_g4,1,2,high,1600,hky_g4,0.389,False,4
ils=high|rep=01|length=1600|model=hky_g4,1,2,high,1600,hky_g4,0.333,False,2
ils=high|rep=01|length=1600|model=hky_g4,1,2,high,1600,hky_g4,0.99,True,2
ils=high|rep=01|length=1600|model=hky_g4,1,2,high,1600,hky_g4,1.0,True,4
ils=high|rep=01|length=1600|model=hky_g4,1,2,high,1600,hky_g4,0.999,True,3
ils=high|rep=01|length=1600|model=hky_g4,1,2,high,1600,hky_g4,0.333,False,2
ils=high|rep=01|length=1600|model=hky_g4,1,2,high,1600,hky_g4,1.0,True,9
ils=high|rep=01|length=1600|model=hky_g4,1,2,high,1600,hky_g4,0.333,False,8
ils=high|rep=01|length=1600|model=hky_g4,1,2,high,1600,hky_g4,0.333,True,2
ils=high|rep=01|length=1600|model=hky_g4,1,2,high,1600,hky_g4,0.333,False,6
ils=high|rep=01|length=1600|model=hky_g4,1,2,high,1600,hky_g4,0.985,True,5
ils=high|rep=01|length=1600|model=hky_g4,1,2,high,1600,hky_g4,0.333,False,2
ils=high|rep=01|length=1600|model=hky_g4,1,2,high,1600,hky_g4,0.333,True,3
ils=high|rep=01|length=1600|model=hky_g4,1,2,high,1600,hky_g4,1.0,True,2
ils=high|rep=01|length=1600|model=hky_g4,1,3,high,1600,hky_g4,1.0,True,2
ils=high|rep=01|length=1600|model=hky_g4,1,3,high,1600,hky_g4,0.333,False,9
ils=high|rep=01|length=1600|model=hky_g4,1,3,high,1600,hky_g4,1.0,True,10
ils=high|rep=01|length=1600|model=hky_g4,1,3,high,1600,hky_g4,0.931,True,10
ils=high|rep=01|length=1600|model=hky_g4,1,3,high,1600,hky_g4,0.333,False,9
ils=high|rep=01|length=1600|model=hky_g4,1,3,high,1600,hky_g4,0.333,False,6
ils=high|rep=01|length=1600|model=hky_g4,1,3,high,1600,hky_g4,1.0,True,3
ils=high|rep=01|length=1600|model=hky_g4,1,3,high,1600,hky_g4,0.796,True,2
ils=high|rep=01|length=1600|model=hky_g4,1,3,high,1600,hky_g4,1.0,True,3
ils=high|rep=01|length=1600|model=hky_g4,1,3,high,1600,hky_g4,0.958,True,2
ils=high|rep=01|length=1600|model=hky_g4,1,3,high,1600,hky_g4,0.913,True,3
ils=high|rep=01|length=1600|model=hky_g4,1,3,high,1600,hky_g4,1.0,True,2
ils=high|rep=01|length=1600|model=hky_g4,1,3,high,1600,hky_g4,0.333,False,7
ils=high|rep=01|length=1600|model=hky_g4,1,3,high,1600,hky_g4,1.0,True,4
ils=high|rep=01|length=1600|model=hky_g4,1,3,high,1600,hky_g4,0.333,False,3
ils=high|rep=01|length=1600|model=hky_g4,1,3,high,1600,hky_g4,0.333,False,2
ils=high|rep=01|length=1600|model=hky_g4,1,3,high,1600,hky_g4,1.0,True,3
ils=high|rep=01|length=1600|model=hky_g4,1,3,high,1600,hky_g4,0.911,True,2
ils=high|rep=01|length=1600|model=hky_g4,1,4,high,1600,hky_g4,0.333,False,7
ils=high|rep=01|length=1600|model=hky_g4,1,4,high,1600,hky_g4,0.995,True,6
ils=high|rep=01|length=1600|model=hky_g4,1,4,high,1600,hky_g4,0.333,False,2
ils=high|rep=01|length=1600|model=hky_g4,1,4,high,1600,hky_g4,0.333,False,4
ils=high|rep=01|length=1600|model=hky_g4,1,4,high,1600,hky_g4,1.0,True,3
ils=high|rep=01|length=1600|model=hky_g4,1,4,high,1600,hky_g4,0.333,False,2
ils=high|rep=01|length=1600|model=hky_g4,1,4,high,1600,hky_g4,1.0,True,8
ils=high|rep=01|length=1600|model=hky_g4,1,4,high,1600,hky_g4,0.333,False,9
ils=high|rep=01|length=1600|model=hky_g4,1,4,high,1600,hky_g4,0.333,False,3
ils=high|rep=01|length=1600|model=hky_g4,1,4,high,1600,hky_g4,1.0,True,2
ils=high|rep=01|length=1600|model=hky_g4,1,4,high,1600,hky_g4,0.333,False,9
ils=high|rep=01|length=1600|model=hky_g4,1,4,high,1600,hky_g4,0.983,True,7
ils=high|rep=01|length=1600|model=hky_g4,1,4,high,1600,hky_g4,0.333,True,6
ils=high|rep=01|length=1600|model=hky_g4,1,4,high,1600,hky_g4,1.0,True,3
ils=high|rep=01|length=1600|model=hky_g4,1,4,high,1600,hky_g4,0.333,False,2
ils=high|rep=01|length=1600|model=hky_g4,1,4,high,1600,hky_g4,1.0,True,3
ils=high|rep=01|length=1600|model=hky_g4,1,4,high,1600,hky_g4,0.333,False,2
ils=high|rep=01|length=1600|model=hky_g4,1,4,high,1600,hky_g4,1.0,True,2
ils=high|rep=01|length=1600|model=hky_g4,1,5,high,1600,hky_g4,0.333,False,2
ils=high|rep=01|length=1600|model=hky_g4,1,5,high,1600,hky_g4,1.0,True,3
ils=high|rep=01|length=1600|model=hky_g4,1,5,high,1600,hky_g4,0.923,True,2
ils=high|rep=01|length=1600|model=hky_g4,1,5,high,1600,hky_g4,1.0,True,5
ils=high|rep=01|length=1600|model=hky_g4,1,5,high,1600,hky_g4,0.961,True,10
ils=high|rep=01|length=1600|model=hky_g4,1,5,high,1600,hky_g4,1.0,True,2
ils=high|rep=01|length=1600|model=hky_g4,1,5,high,1600,hky_g4,0.983,True,8
ils=high|rep=01|length=1600|model=hky_g4,1,5,high,1600,hky_g4,0.333,False,2
ils=high|rep=01|length=1600|model=hky_g4,1,5,high,1600,hky_g4,0.333,False,6
ils=high|rep=01|length=1600|model=hky_g4,1,5,high,1600,hky_g4,0.98,True,2
ils=high|rep=01|length=1600|model=hky_g4,1,5,high,1600,hky_g4,0.987,True,4
ils=high|rep=01|length=1600|model=hky_g4,1,5,high,1600,hky_g4,0.333,False,3
ils=high|rep=01|length=1600|model=hky_g4,1,5,high,1600,hky_g4,1.0,True,2
ils=high|rep=01|length=1600|model=hky_g4,1,5,high,1600,hky_g4,0.987,False,6
ils=high|rep=01|length=1600|model=hky_g4,1,5,high,1600,hky_g4,0.333,False,4
ils=high|rep=01|length=1600|model=hky_g4,1,5,high,1600,hky_g4,1.0,True,3
ils=high|rep=01|length=1600|model=hky_g4,1,5,high,1600,hky_g4,0.333,True,2
ils=high|rep=01|length=1600|model=hky_g4,1,5,high,1600,hky_g4,0.333,False,2
ils=high|rep=01|length=1600|model=hky_g4,1,6,high,1600,hky_g4,0.989,True,2
ils=high|rep=01|length=1600|model=hky_g4,1,6,high,1600,hky_g4,0.992,True,3
ils=high|rep=01|length=1600|model=hky_g4,1,6,high,1600,hky_g4,0.333,False,2
ils=high|rep=01|length=1600|model=hky_g4,1,6,high,1600,hky_g4,0.953,True,5
ils=high|rep=01|length=1600|model=hky_g4,1,6,high,1600,hky_g4,0.981,True,6
ils=high|rep=01|length=1600|model=hky_g4,1,6,high,1600,hky_g4,0.333,False,9
ils=high|rep=01|length=1600|model=hky_g4,1,6,high,1600,hky_g4,0.333,False,3
ils=high|rep=01|length=1600|model=hky_g4,1,6,high,1600,hky_g4,0.928,True,2
ils=high|rep=01|length=1600|model=hky_g4,1,6,high,1600,hky_g4,0.333,False,6
ils=high|rep=01|length=1600|model=hky_g4,1,6,high,1600,hky_g4,0.898,False,5
ils=high|rep=01|length=1600|model=hky_g4,1,6,high,1600,hky_g4,0.891,True,4
ils=high|rep=01|length=1600|model=hky_g4,1,6,high,1600,hky_g4,0.333,True,2
ils=high|rep=01|length=1600|model=hky_g4,1,6,high,1600,hky_g4,0.939,True,2
ils=high|rep=01|length=1600|model=hky_g4,1,6,high,1600,hky_g4,0.334,False,6
ils=high|rep=01|length=1600|model=hky_g4,1,6,high,1600,hky_g4,1.0,True,3
ils=high|rep=01|length=1600|model=hky_g4,1,6,high,1600,hky_g4,0.999,True,2
ils=high|rep=01|length=1600|model=hky_g4,1,6,high,1600,hky_g4,0.979,True,3
ils=high|rep=01|length=1600|model=hky_g4,1,6,high,1600,hky_g4,0.868,True,2
ils=high|rep=01|length=1600|model=hky_g4,1,7,high,1600,hky_g4,1.0,True,2
ils=high|rep=01|length=1600|model=hky_g4,1,7,high,1600,hky_g4,0.991,True,3
ils=high|rep=01|length=1600|model=hky_g4,1,7,high,1600,hky_g4,0.954,False,6
ils=high|rep=01|length=1600|model=hky_g4,1,7,high,1600,hky_g4,0.333,False,7
ils=high|rep=01|length=1600|model=hky_g4,1,7,high,1600,hky_g4,0.333,False,4
ils=high|rep=01|length=1600|model=hky_g4,1,7,high,1600,hky_g4,1.0,True,2
ils=high|rep=01|length=1600|model=hky_g4,1,7,high,1600,hky_g4,1.0,True,2
ils=high|rep=01|length=1600|model=hky_g4,1,7,high,1600,hky_g4,0.333,True,3
ils=high|rep=01|length=1600|model=hky_g4,1,7,high,1600,hky_g4,1.0,True,2
ils=high|rep=01|length=1600|model=hky_g4,1,7,high,1600,hky_g4,0.333,False,8
ils=high|rep=01|length=1600|model=hky_g4,1,7,high,1600,hky_g4,0.999,True,2
ils=high|rep=01|length=1600|model=hky_g4,1,7,high,1600,hky_g4,1.0,True,6
ils=high|rep=01|length=1600|model=hky_g4,1,7,high,1600,hky_g4,0.333,False,4
ils=high|rep=01|length=1600|model=hky_g4,1,7,high,1600,hky_g4,0.333,False,2
ils=high|rep=01|length=1600|model=hky_g4,1,7,high,1600,hky_g4,0.986,True,2
ils=high|rep=01|length=1600|model=hky_g4,1,7,high,1600,hky_g4,0.976,False,2
ils=high|rep=01|length=1600|model=hky_g4,1,7,high,1600,hky_g4,0.999,True,3
ils=high|rep=01|length=1600|model=hky_g4,1,7,high,1600,hky_g4,1.0,True,2
ils=high|rep=01|length=1600|model=hky,1,1,high,1600,hky,0.333,False,3
ils=high|rep=01|length=1600|model=hky,1,1,high,1600,hky,0.333,False,5
ils=high|rep=01|length=1600|model=hky,1,1,high,1600,hky,1.0,True,2
ils=high|rep=01|length=1600|model=hky,1,1,high,1600,hky,0.998,True,7
ils=high|rep=01|length=1600|model=hky,1,1,high,1600,hky,0.333,False,8
ils=high|rep=01|length=1600|model=hky,1,1,high,1600,hky,0.333,False,5
ils=high|rep=01|length=1600|model=hky,1,1,high,1600,hky,1.0,True,4
ils=high|rep=01|length=1600|model=hky,1,1,high,1600,hky,0.333,True,2
ils=high|rep=01|length=1600|model=hky,1,1,high,1600,hky,0.996,True,2
ils=high|rep=01|length=1600|model=hky,1,1,high,1600,hky,0.333,False,8
ils=high|rep=01|length=1600|model=hky,1,1,high,1600,hky,0.333,False,4
ils=high|rep=01|length=1600|model=hky,1,1,high,1600,hky,0.998,True,3
ils=high|rep=01|length=1600|model=hky,1,1,high,1600,hky,0.333,True,2
ils=high|rep=01|length=1600|model=hky,1,1,high,1600,hky,0.333,False,4
ils=high|rep=01|length=1600|model=hky,1,1,high,1600,hky,0.982,True,2
ils=high|rep=01|length=1600|model=hky,1,1,high,1600,hky,0.97,True,2
ils=high|rep=01|length=1600|model=hky,1,1,high,1600,hky,0.333,True,2
ils=high|rep=01|length=1600|model=hky,1,1,high,1600,hky,1.0,True,2
ils=high|rep=01|length=1600|model=hky,1,2,high,1600,hky,0.903,False,2
ils=high|rep=01|length=1600|model=hky,1,2,high,1600,hky,1.0,True,10
ils=high|rep=01|length=1600|model=hky,1,2,high,1600,hky,0.983,True,6
ils=high|rep=01|length=1600|model=hky,1,2,high,1600,hky,1.0,True,5
ils=high|rep=01|length=1600|model=hky,1,2,high,1600,hky,0.389,False,4
ils=high|rep=01|length=1600|model=hky,1,2,high,1600,hky,0.333,False,2
ils=high|rep=01|length=1600|model=hky,1,2,high,1600,hky,0.996,True,2
ils=high|rep=01|length=1600|model=hky,1,2,high,1600,hky,1.0,True,4
ils=high|rep=01|length=1600|model=hky,1,2,high,1600,hky,1.0,True,3
ils=high|rep=01|length=1600|model=hky,1,2,high,1600,hky,0.333,False,2
ils=high|rep=01|length=1600|model=hky,1,2,high,1600,hky,1.0,True,9
ils=high|rep=01|length=1600|model=hky,1,2,high,1600,hky,0.333,False,8
ils=high|rep=01|length=1600|model=hky,1,2,high,1600,hky,0.333,True,2
ils=high|rep=01|length=1600|model=hky,1,2,high,1600,hky,0.333,False,6
ils=high|rep=01|length=1600|model=hky,1,2,high,1600,hky,0.993,True,5
ils=high|rep=01|length=1600|model=hky,1,2,high,1600,hky,0.333,False,2
ils=high|rep=01|length=1600|model=hky,1,2,high,1600,hky,0.333,True,3
ils=high|rep=01|length=1600|model=hky,1,2,high,1600,hky,1.0,True,2
ils=high|rep=01|length=1600|model=hky,1,3,high,1600,hky,1.0,True,2
ils=high|rep=01|length=1600|model=hky,1,3,high,1600,hky,0.333,False,9
ils=high|rep=01|length=1600|model=hky,1,3,high,1600,hky,1.0,True,10
ils=high|rep=01|length=1600|model=hky,1,3,high,1600,hky,0.98,True,10
ils=high|rep=01|length=1600|model=hky,1,3,high,1600,hky,0.333,False,9
ils=high|rep=01|length=1600|model=hky,1,3,high,1600,hky,0.333,False,6
ils=high|rep=01|length=1600|model=hky,1,3,high,1600,hky,1.0,True,3
ils=high|rep=01|length=1600|model=hky,1,3,high,1600,hky,0.935,True,2
ils=high|rep=01|length=1600|model=hky,1,3,high,1600,hky,1.0,True,3
ils=high|rep=01|length=1600|model=hky,1,3,high,1600,hky,0.989,True,2
ils=high|rep=01|length=1600|model=hky,1,3,high,1600,hky,0.974,True,3
ils=high|rep=01|length=1600|model=hky,1,3,high,1600,hky,1.0,True,2
ils=high|rep=01|length=1600|model=hky,1,3,high,1600,hky,0.333,False,7
ils=high|rep=01|length=1600|model=hky,1,3,high,1600,hky,1.0,True,4
ils=high|rep=01|length=1600|model=hky,1,3,high,1600,hky,0.333,False,3
ils=high|rep=01|length=1600|model=hky,1,3,high,1600,hky,0.333,False,2
ils=high|rep=01|length=1600|model=hky,1,3,high,1600,hky,1.0,True,3
ils=high|rep=01|length=1600|model=hky,1,3,high,1600,hky,0.973,True,2
ils=high|rep=01|length=1600|model=hky,1,4,high,1600,hky,0.333,False,7
ils=high|rep=01|length=1600|model=hky,1,4,high,1600,hky,0.998,True,6
ils=high|rep=01|length=1600|model=hky,1,4,high,1600,hky,0.333,False,4
ils=high|rep=01|length=1600|model=hky,1,4,high,1600,hky,1.0,True,3
ils=high|rep=01|length=1600|model=hky,1,4,high,1600,hky,0.333,False,2
ils=high|rep=01|length=1600|model=hky,1,4,high,1600,hky,0.333,False,2
ils=high|rep=01|length=1600|model=hky,1,4,high,1600,hky,1.0,True,8
ils=high|rep=01|length=1600|model=hky,1,4,high,1600,hky,0.333,False,10
ils=high|rep=01|length=1600|model=hky,1,4,high,1600,hky,0.333,False,9
ils=high|rep=01|length=1600|model=hky,1,4,high,1600,hky,1.0,True,2
ils=high|rep=01|length=1600|model=hky,1,4,high,1600,hky,0.994,True,7
ils=high|rep=01|length=1600|model=hky,1,4,high,1600,hky,0.333,True,6
ils=high|rep=01|length=1600|model=hky,1,4,high,1600,hky,1.0,True,3
ils=high|rep=01|length=1600|model=hky,1,4,high,1600,hky,0.333,False,2
ils=high|rep=01|length=1600|model=hky,1,4,high,1600,hky,1.0,True,3
ils=high|rep=01|length=1600|model=hky,1,4,high,1600,hky,0.333,False,2
ils=high|rep=01|length=1600|model=hky,1,4,high,1600,hky,0.333,False,2
ils=high|rep=01|length=1600|model=hky,1,4,high,1600,hky,1.0,True,2
ils=high|rep=01|length=1600|model=hky,1,5,high,1600,hky,0.333,False,2
ils=high|rep=01|length=1600|model=hky,1,5,high,1600,hky,1.0,True,3
ils=high|rep=01|length=1600|model=hky,1,5,high,1600,hky,0.974,True,2
ils=high|rep=01|length=1600|model=hky,1,5,high,1600,hky,1.0,True,5
ils=high|rep=01|length=1600|model=hky,1,5,high,1600,hky,0.987,True,10
ils=high|rep=01|length=1600|model=hky,1,5,high,1600,hky,1.0,True,2
ils=high|rep=01|length=1600|model=hky,1,5,high,1600,hky,0.995,True,8
ils=high|rep=01|length=1600|model=hky,1,5,high,1600,hky,0.333,False,4
ils=high|rep=01|length=1600|model=hky,1,5,high,1600,hky,0.333,False,2
ils=high|rep=01|length=1600|model=hky,1,5,high,1600,hky,0.994,True,2
ils=high|rep=01|length=1600|model=hky,1,5,high,1600,hky,0.997,True,4
ils=high|rep=01|length=1600|model=hky,1,5,high,1600,hky,0.333,False,3
ils=high|rep=01|length=1600|model=hky,1,5,high,1600,hky,1.0,True,2
ils=high|rep=01|length=1600|model=hky,1,5,high,1600,hky,0.996,False,6
ils=high|rep=01|length=1600|model=hky,1,5,high,1600,hky,0.333,False,4
ils=high|rep=01|length=1600|model=hky,1,5,high,1600,hky,1.0,True,3
ils=high|rep=01|length=1600|model=hky,1,5,high,1600,hky,0.333,True,2
ils=high|rep=01|length=1600|model=hky,1,5,high,1600,hky,0.333,False,2
ils=high|rep=01|length=1600|model=hky,1,6,high,1600,hky,0.997,True,2
ils=high|rep=01|length=1600|model=hky,1,6,high,1600,hky,0.998,True,3
ils=high|rep=01|length=1600|model=hky,1,6,high,1600,hky,0.333,False,2
ils=high|rep=01|length=1600|model=hky,1,6,high,1600,hky,0.988,True,5
ils=high|rep=01|length=1600|model=hky,1,6,high,1600,hky,0.995,True,6
ils=high|rep=01|length=1600|model=hky,1,6,high,1600,hky,0.333,False,8
ils=high|rep=01|length=1600|model=hky,1,6,high,1600,hky,0.333,False,2
ils=high|rep=01|length=1600|model=hky,1,6,high,1600,hky,0.333,False,10
ils=high|rep=01|length=1600|model=hky,1,6,high,1600,hky,0.971,False,5
ils=high|rep=01|length=1600|model=hky,1,6,high,1600,hky,0.97,True,4
ils=high|rep=01|length=1600|model=hky,1,6,high,1600,hky,0.333,True,2
ils=high|rep=01|length=1600|model=hky,1,6,high,1600,hky,0.983,True,2
ils=high|rep=01|length=1600|model=hky,1,6,high,1600,hky,0.334,False,6
ils=high|rep=01|length=1600|model=hky,1,6,high,1600,hky,1.0,True,3
ils=high|rep=01|length=1600|model=hky,1,6,high,1600,hky,1.0,True,2
ils=high|rep=01|length=1600|model=hky,1,6,high,1600,hky,0.994,True,3
ils=high|rep=01|length=1600|model=hky,1,6,high,1600,hky,0.961,True,2
ils=high|rep=01|length=1600|model=hky,1,6,high,1600,hky,0.98,True,2
ils=high|rep=01|length=1600|model=hky,1,7,high,1600,hky,1.0,True,2
ils=high|rep=01|length=1600|model=hky,1,7,high,1600,hky,0.999,True,3
ils=high|rep=01|length=1600|model=hky,1,7,high,1600,hky,0.986,False,6
ils=high|rep=01|length=1600|model=hky,1,7,high,1600,hky,1.0,True,2
ils=high|rep=01|length=1600|model=hky,1,7,high,1600,hky,0.333,False,8
ils=high|rep=01|length=1600|model=hky,1,7,high,1600,hky,0.333,False,3
ils=high|rep=01|length=1600|model=hky,1,7,high,1600,hky,1.0,True,2
ils=high|rep=01|length=1600|model=hky,1,7,high,1600,hky,0.333,False,10
ils=high|rep=01|length=1600|model=hky,1,7,high,1600,hky,0.333,False,4
ils=high|rep=01|length=1600|model=hky,1,7,high,1600,hky,1.0,True,2
ils=high|rep=01|length=1600|model=hky,1,7,high,1600,hky,1.0,True,2
ils=high|rep=01|length=1600|model=hky,1,7,high,1600,hky,1.0,True,6
ils=high|rep=01|length=1600|model=hky,1,7,high,1600,hky,0.333,False,4
ils=high|rep=01|length=1600|model=hky,1,7,high,1600,hky,0.333,False,2
ils=high|rep=01|length=1600|model=hky,1,7,high,1600,hky,0.996,True,2
ils=high|rep=01|length=1600|model=hky,1,7,high,1600,hky,0.993,False,2
ils=high|rep=01|length=1600|model=hky,1,7,high,1600,hky,1.0,True,3
ils=high|rep=01|length=1600|model=hky,1,7,high,1600,hky,1.0,True,2
ils=high|rep=01|length=1600|model=jc,1,1,high,1600,jc,0.333,True,6
ils=high|rep=01|length=1600|model=jc,1,1,high,1600,jc,0.333,False,3
ils=high|rep=01|length=1600|model=jc,1,1,high,1600,jc,1.0,True,2
ils=high|rep=01|length=1600|model=jc,1,1,high,1600,jc,0.333,False,3
ils=high|rep=01|length=1600|model=jc,1,1,high,1600,jc,1.0,True,2
ils=high|rep=01|length=1600|model=jc,1,1,high,1600,jc,0.996,True,7
ils=high|rep=01|length=1600|model=jc,1,1,high,1600,jc,0.333,False,9
ils=high|rep=01|length=1600|model=jc,1,1,high,1600,jc,0.333,False,4
ils=high|rep=01|length=1600|model=jc,1,1,high,1600,jc,0.999,True,3
ils=high|rep=01|length=1600|model=jc,1,1,high,1600,jc,0.333,False,2
ils=high|rep=01|length=1600|model=jc,1,1,high,1600,jc,0.333,False,8
ils=high|rep=01|length=1600|model=jc,1,1,high,1600,jc,0.333,True,2
ils=high|rep=01|length=1600|model=jc,1,1,high,1600,jc,0.333,False,6
ils=high|rep=01|length=1600|model=jc,1,1,high,1600,jc,0.998,True,4
ils=high|rep=01|length=1600|model=jc,1,1,high,1600,jc,0.333,False,3
ils=high|rep=01|length=1600|model=jc,1,1,high,1600,jc,0.996,True,2
ils=high|rep=01|length=1600|model=jc,1,1,high,1600,jc,0.983,True,2
ils=high|rep=01|length=1600|model=jc,1,1,high,1600,jc,0.983,True,2
ils=high|rep=01|length=1600|model=jc,1,2,high,1600,jc,0.85,False,2
ils=high|rep=01|length=1600|model=jc,1,2,high,1600,jc,1.0,True,10
ils=high|rep=01|length=1600|model=jc,1,2,high,1600,jc,0.979,True,6
ils=high|rep=01|length=1600|model=jc,1,2,high,1600,jc,1.0,True,5
ils=high|rep=01|length=1600|model=jc,1,2,high,1600,jc,0.334,False,4
ils=high|rep=01|length=1600|model=jc,1,2,high,1600,jc,0.333,False,2
ils=high|rep=01|length=1600|model=jc,1,2,high,1600,jc,0.993,True,2
ils=high|rep=01|length=1600|model=jc,1,2,high,1600,jc,1.0,True,4
ils=high|rep=01|length=1600|model=jc,1,2,high,1600,jc,1.0,True,3
ils=high|rep=01|length=1600|model=jc,1,2,high,1600,jc,0.333,False,2
ils=high|rep=01|length=1600|model=jc,1,2,high,1600,jc,1.0,True,9
ils=high|rep=01|length=1600|model=jc,1,2,high,1600,jc,0.333,True,4
ils=high|rep=01|length=1600|model=jc,1,2,high,1600,jc,0.333,False,2
ils=high|rep=01|length=1600|model=jc,1,2,high,1600,jc,0.333,True,2
ils=high|rep=01|length=1600|model=jc,1,2,high,1600,jc,0.998,True,5
ils=high|rep=01|length=1600|model=jc,1,2,high,1600,jc,0.333,False,2
ils=high|rep=01|length=1600|model=jc,1,2,high,1600,jc,0.333,True,3
ils=high|rep=01|length=1600|model=jc,1,2,high,1600,jc,1.0,True,2
ils=high|rep=01|length=1600|model=jc,1,3,high,1600,jc,1.0,True,2
ils=high|rep=01|length=1600|model=jc,1,3,high,1600,jc,0.333,True,3
ils=high|rep=01|length=1600|model=jc,1,3,high,1600,jc,1.0,True,4
ils=high|rep=01|length=1600|model=jc,1,3,high,1600,jc,0.333,False,3
ils=high|rep=01|length=1600|model=jc,1,3,high,1600,jc,0.333,False,2
ils=high|rep=01|length=1600|model=jc,1,3,high,1600,jc,0.333,True,7
ils=high|rep=01|length=1600|model=jc,1,3,high,1600,jc,1.0,True,3
ils=high|rep=01|length=1600|model=jc,1,3,high,1600,jc,0.98,True,2
ils=high|rep=01|length=1600|model=jc,1,3,high,1600,jc,1.0,True,10
ils=high|rep=01|length=1600|model=jc,1,3,high,1600,jc,0.982,True,10
ils=high|rep=01|length=1600|model=jc,1,3,high,1600,jc,0.333,False,9
ils=high|rep=01|length=1600|model=jc,1,3,high,1600,jc,0.333,False,6
ils=high|rep=01|length=1600|model=jc,1,3,high,1600,jc,1.0,True,3
ils=high|rep=01|length=1600|model=jc,1,3,high,1600,jc,0.956,True,2
ils=high|rep=01|length=1600|model=jc,1,3,high,1600,jc,1.0,True,3
ils=high|rep=01|length=1600|model=jc,1,3,high,1600,jc,0.99,True,2
ils=high|rep=01|length=1600|model=jc,1,3,high,1600,jc,0.985,True,3
ils=high|rep=01|length=1600|model=jc,1,3,high,1600,jc,1.0,True,2
ils=high|rep=01|length=1600|model=jc,1,4,high,1600,jc,0.333,False,7
ils=high|rep=01|length=1600|model=jc,1,4,high,1600,jc,0.998,True,6
ils=high|rep=01|length=1600|model=jc,1,4,high,1600,jc,0.333,False,4
ils=high|rep=01|length=1600|model=jc,1,4,high,1600,jc,1.0,True,3
ils=high|rep=01|length=1600|model=jc,1,4,high,1600,jc,0.333,True,2
ils=high|rep=01|length=1600|model=jc,1,4,high,1600,jc,0.333,False,2
ils=high|rep=01|length=1600|model=jc,1,4,high,1600,jc,1.0,True,8
ils=high|rep=01|length=1600|model=jc,1,4,high,1600,jc,0.333,False,9
ils=high|rep=01|length=1600|model=jc,1,4,high,1600,jc,0.333,False,9
ils=high|rep=01|length=1600|model=jc,1,4,high,1600,jc,1.0,True,2
ils=high|rep=01|length=1600|model=jc,1,4,high,1600,jc,0.998,True,7
ils=high|rep=01|length=1600|model=jc,1,4,high,1600,jc,1.0,True,3
ils=high|rep=01|length=1600|model=jc,1,4,high,1600,jc,0.333,False,2
ils=high|rep=01|length=1600|model=jc,1,4,high,1600,jc,0.333,False,4
ils=high|rep=01|length=1600|model=jc,1,4,high,1600,jc,1.0,True,3
ils=high|rep=01|length=1600|model=jc,1,4,high,1600,jc,0.333,False,2
ils=high|rep=01|length=1600|model=jc,1,4,high,1600,jc,0.333,False,3
ils=high|rep=01|length=1600|model=jc,1,4,high,1600,jc,1.0,True,2
ils=high|rep=01|length=1600|model=jc,1,5,high,1600,jc,0.333,True,2
ils=high|rep=01|length=1600|model=jc,1,5,high,1600,jc,1.0,True,3
ils=high|rep=01|length=1600|model=jc,1,5,high,1600,jc,0.973,True,2
ils=high|rep=01|length=1600|model=jc,1,5,high,1600,jc,1.0,True,5
ils=high|rep=01|length=1600|model=jc,1,5,high,1600,jc,0.991,True,10
ils=high|rep=01|length=1600|model=jc,1,5,high,1600,jc,1.0,True,2
ils=high|rep=01|length=1600|model=jc,1,5,high,1600,jc,0.993,True,8
ils=high|rep=01|length=1600|model=jc,1,5,high,1600,jc,0.333,False,6
ils=high|rep=01|length=1600|model=jc,1,5,high,1600,jc,0.333,False,2
ils=high|rep=01|length=1600|model=jc,1,5,high,1600,jc,0.998,True,4
ils=high|rep=01|length=1600|model=jc,1,5,high,1600,jc,0.333,False,3
ils=high|rep=01|length=1600|model=jc,1,5,high,1600,jc,1.0,True,2
ils=high|rep=01|length=1600|model=jc,1,5,high,1600,jc,0.99,True,2
ils=high|rep=01|length=1600|model=jc,1,5,high,1600,jc,0.996,False,6
ils=high|rep=01|length=1600|model=jc,1,5,high,1600,jc,0.333,False,2
ils=high|rep=01|length=1600|model=jc,1,5,high,1600,jc,0.333,False,4
ils=high|rep=01|length=1600|model=jc,1,5,high,1600,jc,1.0,True,3
ils=high|rep=01|length=1600|model=jc,1,5,high,1600,jc,0.333,True,2
ils=high|rep=01|length=1600|model=jc,1,6,high,1600,jc,0.997,True,2
ils=high|rep=01|length=1600|model=jc,1,6,high,1600,jc,0.998,True,3
ils=high|rep=01|length=1600|model=jc,1,6,high,1600,jc,0.333,False,2
ils=high|rep=01|length=1600|model=jc,1,6,high,1600,jc,0.993,True,5
ils=high|rep=01|length=1600|model=jc,1,6,high,1600,jc,0.994,True,6
ils=high|rep=01|length=1600|model=jc,1,6,high,1600,jc,0.333,False,9
ils=high|rep=01|length=1600|model=jc,1,6,high,1600,jc,0.333,False,3
ils=high|rep=01|length=1600|model=jc,1,6,high,1600,jc,0.978,True,2
ils=high|rep=01|length=1600|model=jc,1,6,high,1600,jc,0.333,False,6
ils=high|rep=01|length=1600|model=jc,1,6,high,1600,jc,0.967,False,5
ils=high|rep=01|length=1600|model=jc,1,6,high,1600,jc,0.967,True,4
ils=high|rep=01|length=1600|model=jc,1,6,high,1600,jc,0.333,True,2
ils=high|rep=01|length=1600|model=jc,1,6,high,1600,jc,0.971,True,2
ils=high|rep=01|length=1600|model=jc,1,6,high,1600,jc,0.334,False,6
ils=high|rep=01|length=1600|model=jc,1,6,high,1600,jc,1.0,True,3
ils=high|rep=01|length=1600|model=jc,1,6,high,1600,jc,1.0,True,2
ils=high|rep=01|length=1600|model=jc,1,6,high,1600,jc,0.996,True,3
ils=high|rep=01|length=1600|model=jc,1,6,high,1600,jc,0.978,True,2
ils=high|rep=01|length=1600|model=jc,1,7,high,1600,jc,1.0,True,2
ils=high|rep=01|length=1600|model=jc,1,7,high,1600,jc,0.998,True,3
ils=high|rep=01|length=1600|model=jc,1,7,high,1600,jc,0.992,False,6
ils=high|rep=01|length=1600|model=jc,1,7,high,1600,jc,0.333,False,7
ils=high|rep=01|length=1600|model=jc,1,7,high,1600,jc,0.333,False,3
ils=high|rep=01|length=1600|model=jc,1,7,high,1600,jc,1.0,True,2
ils=high|rep=01|length=1600|model=jc,1,7,high,1600,jc,0.333,False,4
ils=high|rep=01|length=1600|model=jc,1,7,high,1600,jc,1.0,True,2
ils=high|rep=01|length=1600|model=jc,1,7,high,1600,jc,1.0,True,2
ils=high|rep=01|length=1600|model=jc,1,7,high,1600,jc,0.333,False,8
ils=high|rep=01|length=1600|model=jc,1,7,high,1600,jc,1.0,True,2
ils=high|rep=01|length=1600|model=jc,1,7,high,1600,jc,1.0,True,6
ils=high|rep=01|length=1600|model=jc,1,7,high,1600,jc,0.333,False,4
ils=high|rep=01|length=1600|model=jc,1,7,high,1600,jc,0.333,False,3
ils=high|rep=01|length=1600|model=jc,1,7,high,1600,jc,0.993,True,2
ils=high|rep=01|length=1600|model=jc,1,7,high,1600,jc,0.993,False,2
ils=high|rep=01|length=1600|model=jc,1,7,high,1600,jc,1.0,True,3
ils=high|rep=01|length=1600|model=jc,1,7,high,1600,jc,1.0,True,2
ils=high|rep=02|length=1600|model=gtr_g4,2,1,high,1600,gtr_g4,0.333,False,8
ils=high|rep=02|length=1600|model=gtr_g4,2,1,high,1600,gtr_g4,0.816,True,6
ils=high|rep=02|length=1600|model=gtr_g4,2,1,high,1600,gtr_g4,0.984,True,3
ils=high|rep=02|length=1600|model=gtr_g4,2,1,high,1600,gtr_g4,1.0,True,2
ils=high|rep=02|length=1600|model=gtr_g4,2,1,high,1600,gtr_g4,1.0,True,3
ils=high|rep=02|length=1600|model=gtr_g4,2,1,high,1600,gtr_g4,0.333,False,2
ils=high|rep=02|length=1600|model=gtr_g4,2,1,high,1600,gtr_g4,1.0,True,2
ils=high|rep=02|length=1600|model=gtr_g4,2,1,high,1600,gtr_g4,1.0,True,9
ils=high|rep=02|length=1600|model=gtr_g4,2,1,high,1600,gtr_g4,0.997,True,9
ils=high|rep=02|length=1600|model=gtr_g4,2,1,high,1600,gtr_g4,1.0,True,8
ils=high|rep=02|length=1600|model=gtr_g4,2,1,high,1600,gtr_g4,1.0,True,7
ils=high|rep=02|length=1600|model=gtr_g4,2,1,high,1600,gtr_g4,0.862,True,5
ils=high|rep=02|length=1600|model=gtr_g4,2,1,high,1600,gtr_g4,1.0,True,2
ils=high|rep=02|length=1600|model=gtr_g4,2,1,high,1600,gtr_g4,0.863,True,3
ils=high|rep=02|length=1600|model=gtr_g4,2,1,high,1600,gtr_g4,0.766,True,2
ils=high|rep=02|length=1600|model=gtr_g4,2,1,high,1600,gtr_g4,1.0,True,2
ils=high|rep=02|length=1600|model=gtr_g4,2,1,high,1600,gtr_g4,1.0,True,3
ils=high|rep=02|length=1600|model=gtr_g4,2,1,high,1600,gtr_g4,0.418,True,2
ils=high|rep=02|length=1600|model=gtr_g4,2,2,high,1600,gtr_g4,0.996,True,2
ils=high|rep=02|length=1600|model=gtr_g4,2,2,high,1600,gtr_g4,0.626,False,3
ils=high|rep=02|length=1600|model=gtr_g4,2,2,high,1600,gtr_g4,0.333,False,4
ils=high|rep=02|length=1600|model=gtr_g4,2,2,high,1600,gtr_g4,0.897,False,7
ils=high|rep=02|length=1600|model=gtr_g4,2,2,high,1600,gtr_g4,1.0,True,9
ils=high|rep=02|length=1600|model=gtr_g4,2,2,high,1600,gtr_g4,0.663,True,10
ils=high|rep=02|length=1600|model=gtr_g4,2,2,high,1600,gtr_g4,0.999,True,3
ils=high|rep=02|length=1600|model=gtr_g4,2,2,high,1600,gtr_g4,1.0,True,2
ils=high|rep=02|length=1600|model=gtr_g4,2,2,high,1600,gtr_g4,1.0,True,8
ils=high|rep=02|length=1600|model=gtr_g4,2,2,high,1600,gtr_g4,1.0,True,3
ils=high|rep=02|length=1600|model=gtr_g4,2,2,high,1600,gtr_g4,0.761,True,2
ils=high|rep=02|length=1600|model=gtr_g4,2,2,high,1600,gtr_g4,1.0,True,5
ils=high|rep=02|length=1600|model=gtr_g4,2,2,high,1600,gtr_g4,1.0,True,4
ils=high|rep=02|length=1600|model=gtr_g4,2,2,high,1600,gtr_g4,0.531,True,3
ils=high|rep=02|length=1600|model=gtr_g4,2,2,high,1600,gtr_g4,0.399,False,2
ils=high|rep=02|length=1600|model=gtr_g4,2,2,high,1600,gtr_g4,0.999,True,2
ils=high|rep=02|length=1600|model=gtr_g4,2,2,high,1600,gtr_g4,1.0,True,3
ils=high|rep=02|length=1600|model=gtr_g4,2,2,high,1600,gtr_g4,1.0,True,2
ils=high|rep=02|length=1600|model=gtr_g4,2,3,high,1600,gtr_g4,1.0,True,2
ils=high|rep=02|length=1600|model=gtr_g4,2,3,high,1600,gtr_g4,1.0,True,4
ils=high|rep=02|length=1600|model=gtr_g4,2,3,high,1600,gtr_g4,1.0,True,2
ils=high|rep=02|length=1600|model=gtr_g4,2,3,high,1600,gtr_g4,1.0,True,2
ils=high|rep=02|length=1600|model=gtr_g4,2,3,high,1600,gtr_g4,0.816,True,6
ils=high|rep=02|length=1600|model=gtr_g4,2,3,high,1600,gtr_g4,0.34,True,7
ils=high|rep=02|length=1600|model=gtr_g4,2,3,high,1600,gtr_g4,1.0,True,3
ils=high|rep=02|length=1600|model=gtr_g4,2,3,high,1600,gtr_g4,0.954,True,2
ils=high|rep=02|length=1600|model=gtr_g4,2,3,high,1600,gtr_g4,1.0,True,10
ils=high|rep=02|length=1600|model=gtr_g4,2,3,high,1600,gtr_g4,1.0,True,9
ils=high|rep=02|length=1600|model=gtr_g4,2,3,high,1600,gtr_g4,0.999,True,3
ils=high|rep=02|length=1600|model=gtr_g4,2,3,high,1600,gtr_g4,1.0,True,2
ils=high|rep=02|length=1600|model=gtr_g4,2,3,high,1600,gtr_g4,1.0,True,6
ils=high|rep=02|length=1600|model=gtr_g4,2,3,high,1600,gtr_g4,1.0,True,3
ils=high|rep=02|length=1600|model=gtr_g4,2,3,high,1600,gtr_g4,1.0,True,2
ils=high|rep=02|length=1600|model=gtr_g4,2,3,high,1600,gtr_g4,0.655,False,3
ils=high|rep=02|length=1600|model=gtr_g4,2,3,high,1600,gtr_g4,1.0,True,2
ils=high|rep=02|length=1600|model=gtr_g4,2,3,high,1600,gtr_g4,1.0,True,2
ils=high|rep=02|length=1600|model=gtr_g4,2,4,high,1600,gtr_g4,1.0,True,10
ils=high|rep=02|length=1600|model=gtr_g4,2,4,high,1600,gtr_g4,0.501,False,9
ils=high|rep=02|length=1600|model=gtr_g4,2,4,high,1600,gtr_g4,0.333,False,8
ils=high|rep=02|length=1600|model=gtr_g4,2,4,high,1600,gtr_g4,1.0,True,3
ils=high|rep=02|length=1600|model=gtr_g4,2,4,high,1600,gtr_g4,1.0,True,2
ils=high|rep=02|length=1600|model=gtr_g4,2,4,high,1600,gtr_g4,0.979,True,5
ils=high|rep=02|length=1600|model=gtr_g4,2,4,high,1600,gtr_g4,0.851,True,4
ils=high|rep=02|length=1600|model=gtr_g4,2,4,high,1600,gtr_g4,0.987,True,2
ils=high|rep=02|length=1600|model=gtr_g4,2,4,high,1600,gtr_g4,1.0,True,2
ils=high|rep=02|length=1600|model=gtr_g4,2,4,high,1600,gtr_g4,1.0,True,10
ils=high|rep=02|length=1600|model=gtr_g4,2,4,high,1600,gtr_g4,0.716,True,9
ils=high|rep=02|length=1600|model=gtr_g4,2,4,high,1600,gtr_g4,1.0,True,6
ils=high|rep=02|length=1600|model=gtr_g4,2,4,high,1600,gtr_g4,0.995,True,5
ils=high|rep=02|length=1600|model=gtr_g4,2,4,high,1600,gtr_g4,0.998,True,4
ils=high|rep=02|length=1600|model=gtr_g4,2,4,high,1600,gtr_g4,0.494,False,3
ils=high|rep=02|length=1600|model=gtr_g4,2,4,high,1600,gtr_g4,1.0,True,2
ils=high|rep=02|length=1600|model=gtr_g4,2,4,high,1600,gtr_g4,1.0,True,3
ils=high|rep=02|length=1600|model=gtr_g4,2,4,high,1600,gtr_g4,0.766,True,2
ils=high|rep=02|length=1600|model=gtr_g4,2,5,high,1600,gtr_g4,0.986,True,2
ils=high|rep=02|length=1600|model=gtr_g4,2,5,high,1600,gtr_g4,0.422,True,3
ils=high|rep=02|length=1600|model=gtr_g4,2,5,high,1600,gtr_g4,0.944,True,4
ils=high|rep=02|length=1600|model=gtr_g4,2,5,high,1600,gtr_g4,1.0,True,5
ils=high|rep=02|length=1600|model=gtr_g4,2,5,high,1600,gtr_g4,0.881,True,8
ils=high|rep=02|length=1600|model=gtr_g4,2,5,high,1600,gtr_g4,0.794,False,10
ils=high|rep=02|length=1600|model=gtr_g4,2,5,high,1600,gtr_g4,0.401,False,5
ils=high|rep=02|length=1600|model=gtr_g4,2,5,high,1600,gtr_g4,0.984,True,4
ils=high|rep=02|length=1600|model=gtr_g4,2,5,high,1600,gtr_g4,1.0,True,2
ils=high|rep=02|length=1600|model=gtr_g4,2,5,high,1600,gtr_g4,1.0,True,2
ils=high|rep=02|length=1600|model=gtr_g4,2,5,high,1600,gtr_g4,1.0,True,6
ils=high|rep=02|length=1600|model=gtr_g4,2,5,high,1600,gtr_g4,0.999,True,5
ils=high|rep=02|length=1600|model=gtr_g4,2,5,high,1600,gtr_g4,0.367,True,4
ils=high|rep=02|length=1600|model=gtr_g4,2,5,high,1600,gtr_g4,0.997,True,3
ils=high|rep=02|length=1600|model=gtr_g4,2,5,high,1600,gtr_g4,1.0,True,2
ils=high|rep=02|length=1600|model=gtr_g4,2,5,high,1600,gtr_g4,0.991,True,2
ils=high|rep=02|length=1600|model=gtr_g4,2,5,high,1600,gtr_g4,1.0,True,3
ils=high|rep=02|length=1600|model=gtr_g4,2,5,high,1600,gtr_g4,1.0,True,2
ils=high|rep=02|length=1600|model=gtr_g4,2,6,high,1600,gtr_g4,0.431,False,3
ils=high|rep=02|length=1600|model=gtr_g4,2,6,high,1600,gtr_g4,0.564,False,5
ils=high|rep=02|length=1600|model=gtr_g4,2,6,high,1600,gtr_g4,0.368,False,6
ils=high|rep=02|length=1600|model=gtr_g4,2,6,high,1600,gtr_g4,0.997,True,7
ils=high|rep=02|length=1600|model=gtr_g4,2,6,high,1600,gtr_g4,0.345,True,6
ils=high|rep=02|length=1600|model=gtr_g4,2,6,high,1600,gtr_g4,0.955,False,5
ils=high|rep=02|length=1600|model=gtr_g4,2,6,high,1600,gtr_g4,1.0,True,2
ils=high|rep=02|length=1600|model=gtr_g4,2,6,high,1600,gtr_g4,0.333,False,3
ils=high|rep=02|length=1600|model=gtr_g4,2,6,high,1600,gtr_g4,0.996,True,2
ils=high|rep=02|length=1600|model=gtr_g4,2,6,high,1600,gtr_g4,0.993,True,8
ils=high|rep=02|length=1600|model=gtr_g4,2,6,high,1600,gtr_g4,0.979,True,7
ils=high|rep=02|length=1600|model=gtr_g4,2,6,high,1600,gtr_g4,1.0,True,2
ils=high|rep=02|length=1600|model=gtr_g4,2,6,high,1600,gtr_g4,1.0,True,5
ils=high|rep=02|length=1600|model=gtr_g4,2,6,high,1600,gtr_g4,0.959,True,4
ils=high|rep=02|length=1600|model=gtr_g4,2,6,high,1600,gtr_g4,1.0,True,3
ils=high|rep=02|length=1600|model=gtr_g4,2,6,high,1600,gtr_g4,0.512,False,2
ils=high|rep=02|length=1600|model=gtr_g4,2,6,high,1600,gtr_g4,0.333,False,2
ils=high|rep=02|length=1600|model=gtr_g4,2,6,high,1600,gtr_g4,1.0,True,2
ils=high|rep=02|length=1600|model=gtr_g4,2,7,high,1600,gtr_g4,0.99,True,6
ils=high|rep=02|length=1600|model=gtr_g4,2,7,high,1600,gtr_g4,0.999,True,5
ils=high|rep=02|length=1600|model=gtr_g4,2,7,high,1600,gtr_g4,0.887,False,3
ils=high|rep=02|length=1600|model=gtr_g4,2,7,high,1600,gtr_g4,1.0,True,2
ils=high|rep=02|length=1600|model=gtr_g4,2,7,high,1600,gtr_g4,1.0,True,2
ils=high|rep=02|length=1600|model=gtr_g4,2,7,high,1600,gtr_g4,0.993,True,7
ils=high|rep=02|length=1600|model=gtr_g4,2,7,high,1600,gtr_g4,0.505,True,5
ils=high|rep=02|length=1600|model=gtr_g4,2,7,high,1600,gtr_g4,1.0,True,3
ils=high|rep=02|length=1600|model=gtr_g4,2,7,high,1600,gtr_g4,0.818,True,2
ils=high|rep=02|length=1600|model=gtr_g4,2,7,high,1600,gtr_g4,1.0,True,2
ils=high|rep=02|length=1600|model=gtr_g4,2,7,high,1600,gtr_g4,0.778,True,9
ils=high|rep=02|length=1600|model=gtr_g4,2,7,high,1600,gtr_g4,0.396,False,3
ils=high|rep=02|length=1600|model=gtr_g4,2,7,high,1600,gtr_g4,1.0,True,2
ils=high|rep=02|length=1600|model=gtr_g4,2,7,high,1600,gtr_g4,0.878,True,6
ils=high|rep=02|length=1600|model=gtr_g4,2,7,high,1600,gtr_g4,1.0,True,4
ils=high|rep=02|length=1600|model=gtr_g4,2,7,high,1600,gtr_g4,0.937,True,2
ils=high|rep=02|length=1600|model=gtr_g4,2,7,high,1600,gtr_g4,0.534,True,2
ils=high|rep=02|length=1600|model=gtr_g4,2,7,high,1600,gtr_g4,0.885,True,2
ils=high|rep=02|length=1600|model=gtr,2,1,high,1600,gtr,0.699,False,2
ils=high|rep=02|length=1600|model=gtr,2,1,high,1600,gtr,0.989,False,5
ils=high|rep=02|length=1600|model=gtr,2,1,high,1600,gtr,0.834,False,7
ils=high|rep=02|length=1600|model=gtr,2,1,high,1600,gtr,1.0,True,2
ils=high|rep=02|length=1600|model=gtr,2,1,high,1600,gtr,1.0,True,9
ils=high|rep=02|length=1600|model=gtr,2,1,high,1600,gtr,0.999,False,10
ils=high|rep=02|length=1600|model=gtr,2,1,high,1600,gtr,1.0,True,9
ils=high|rep=02|length=1600|model=gtr,2,1,high,1600,gtr,1.0,True,8
ils=high|rep=02|length=1600|model=gtr,2,1,high,1600,gtr,1.0,True,7
ils=high|rep=02|length=1600|model=gtr,2,1,high,1600,gtr,1.0,True,2
ils=high|rep=02|length=1600|model=gtr,2,1,high,1600,gtr,0.994,False,5
ils=high|rep=02|length=1600|model=gtr,2,1,high,1600,gtr,1.0,True,3
ils=high|rep=02|length=1600|model=gtr,2,1,high,1600,gtr,0.929,False,2
ils=high|rep=02|length=1600|model=gtr,2,1,high,1600,gtr,1.0,True,2
ils=high|rep=02|length=1600|model=gtr,2,1,high,1600,gtr,1.0,False,2
ils=high|rep=02|length=1600|model=gtr,2,1,high,1600,gtr,1.0,True,2
ils=high|rep=02|length=1600|model=gtr,2,1,high,1600,gtr,1.0,True,3
ils=high|rep=02|length=1600|model=gtr,2,1,high,1600,gtr,0.98,True,2
ils=high|rep=02|length=1600|model=gtr,2,2,high,1600,gtr,0.647,True,2
ils=high|rep=02|length=1600|model=gtr,2,2,high,1600,gtr,1.0,False,3
ils=high|rep=02|length=1600|model=gtr,2,2,high,1600,gtr,0.673,False,4
ils=high|rep=02|length=1600|model=gtr,2,2,high,1600,gtr,0.959,False,7
ils=high|rep=02|length=1600|model=gtr,2,2,high,1600,gtr,1.0,True,9
ils=high|rep=02|length=1600|model=gtr,2,2,high,1600,gtr,1.0,False,4
ils=high|rep=02|length=1600|model=gtr,2,2,high,1600,gtr,1.0,True,3
ils=high|rep=02|length=1600|model=gtr,2,2,high,1600,gtr,1.0,True,2
ils=high|rep=02|length=1600|model=gtr,2,2,high,1600,gtr,1.0,True,8
ils=high|rep=02|length=1600|model=gtr,2,2,high,1600,gtr,1.0,True,3
ils=high|rep=02|length=1600|model=gtr,2,2,high,1600,gtr,0.754,True,2
ils=high|rep=02|length=1600|model=gtr,2,2,high,1600,gtr,1.0,True,5
ils=high|rep=02|length=1600|model=gtr,2,2,high,1600,gtr,1.0,True,4
ils=high|rep=02|length=1600|model=gtr,2,2,high,1600,gtr,0.827,False,2
ils=high|rep=02|length=1600|model=gtr,2,2,high,1600,gtr,0.995,True,2
ils=high|rep=02|length=1600|model=gtr,2,2,high,1600,gtr,1.0,True,2
ils=high|rep=02|length=1600|model=gtr,2,2,high,1600,gtr,1.0,True,3
ils=high|rep=02|length=1600|model=gtr,2,2,high,1600,gtr,1.0,True,2
ils=high|rep=02|length=1600|model=gtr,2,3,high,1600,gtr,1.0,True,2
ils=high|rep=02|length=1600|model=gtr,2,3,high,1600,gtr,0.979,False,3
ils=high|rep=02|length=1600|model=gtr,2,3,high,1600,gtr,1.0,True,4
ils=high|rep=02|length=1600|model=gtr,2,3,high,1600,gtr,1.0,True,2
ils=high|rep=02|length=1600|model=gtr,2,3,high,1600,gtr,1.0,True,2
ils=high|rep=02|length=1600|model=gtr,2,3,high,1600,gtr,1.0,True,7
ils=high|rep=02|length=1600|model=gtr,2,3,high,1600,gtr,1.0,True,3
ils=high|rep=02|length=1600|model=gtr,2,3,high,1600,gtr,1.0,True,2
ils=high|rep=02|length=1600|model=gtr,2,3,high,1600,gtr,1.0,True,10
ils=high|rep=02|length=1600|model=gtr,2,3,high,1600,gtr,1.0,True,9
ils=high|rep=02|length=1600|model=gtr,2,3,high,1600,gtr,1.0,True,3
ils=high|rep=02|length=1600|model=gtr,2,3,high,1600,gtr,1.0,True,2
ils=high|rep=02|length=1600|model=gtr,2,3,high,1600,gtr,1.0,True,6
ils=high|rep=02|length=1600|model=gtr,2,3,high,1600,gtr,1.0,True,3
ils=high|rep=02|length=1600|model=gtr,2,3,high,1600,gtr,1.0,True,2
ils=high|rep=02|length=1600|model=gtr,2,3,high,1600,gtr,0.976,False,3
ils=high|rep=02|length=1600|model=gtr,2,3,high,1600,gtr,1.0,True,2
ils=high|rep=02|length=1600|model=gtr,2,3,high,1600,gtr,1.0,True,2
ils=high|rep=02|length=1600|model=gtr,2,4,high,1600,gtr,1.0,True,10
ils=high|rep=02|length=1600|model=gtr,2,4,high,1600,gtr,0.942,False,9
ils=high|rep=02|length=1600|model=gtr,2,4,high,1600,gtr,1.0,True,3
ils=high|rep=02|length=1600|model=gtr,2,4,high,1600,gtr,1.0,True,2
ils=high|rep=02|length=1600|model=gtr,2,4,high,1600,gtr,1.0,False,6
ils=high|rep=02|length=1600|model=gtr,2,4,high,1600,gtr,0.844,False,2
ils=high|rep=02|length=1600|model=gtr,2,4,high,1600,gtr,1.0,True,4
ils=high|rep=02|length=1600|model=gtr,2,4,high,1600,gtr,1.0,True,2
ils=high|rep=02|length=1600|model=gtr,2,4,high,1600,gtr,1.0,True,2
ils=high|rep=02|length=1600|model=gtr,2,4,high,1600,gtr,1.0,True,10
ils=high|rep=02|length=1600|model=gtr,2,4,high,1600,gtr,0.999,True,9
ils=high|rep=02|length=1600|model=gtr,2,4,high,1600,gtr,1.0,True,6
ils=high|rep=02|length=1600|model=gtr,2,4,high,1600,gtr,0.915,True,5
ils=high|rep=02|length=1600|model=gtr,2,4,high,1600,gtr,1.0,True,4
ils=high|rep=02|length=1600|model=gtr,2,4,high,1600,gtr,0.995,False,3
ils=high|rep=02|length=1600|model=gtr,2,4,high,1600,gtr,1.0,True,2
ils=high|rep=02|length=1600|model=gtr,2,4,high,1600,gtr,1.0,True,3
ils=high|rep=02|length=1600|model=gtr,2,4,high,1600,gtr,0.843,True,2
ils=high|rep=02|length=1600|model=gtr,2,5,high,1600,gtr,1.0,True,2
ils=high|rep=02|length=1600|model=gtr,2,5,high,1600,gtr,0.995,True,3
ils=high|rep=02|length=1600|model=gtr,2,5,high,1600,gtr,1.0,True,4
ils=high|rep=02|length=1600|model=gtr,2,5,high,1600,gtr,0.911,False,7
ils=high|rep=02|length=1600|model=gtr,2,5,high,1600,gtr,0.996,False,8
ils=high|rep=02|length=1600|model=gtr,2,5,high,1600,gtr,1.0,False,9
ils=high|rep=02|length=1600|model=gtr,2,5,high,1600,gtr,1.0,False,6
ils=high|rep=02|length=1600|model=gtr,2,5,high,1600,gtr,1.0,False,3
ils=high|rep=02|length=1600|model=gtr,2,5,high,1600,gtr,1.0,True,2
ils=high|rep=02|length=1600|model=gtr,2,5,high,1600,gtr,0.991,False,3
ils=high|rep=02|length=1600|model=gtr,2,5,high,1600,gtr,1.0,True,2
ils=high|rep=02|length=1600|model=gtr,2,5,high,1600,gtr,1.0,True,6
ils=high|rep=02|length=1600|model=gtr,2,5,high,1600,gtr,1.0,True,5
ils=high|rep=02|length=1600|model=gtr,2,5,high,1600,gtr,0.783,False,2
ils=high|rep=02|length=1600|model=gtr,2,5,high,1600,gtr,0.999,True,3
ils=high|rep=02|length=1600|model=gtr,2,5,high,1600,gtr,1.0,True,2
ils=high|rep=02|length=1600|model=gtr,2,5,high,1600,gtr,1.0,True,3
ils=high|rep=02|length=1600|model=gtr,2,5,high,1600,gtr,1.0,True,2
ils=high|rep=02|length=1600|model=gtr,2,6,high,1600,gtr,0.94,False,2
ils=high|rep=02|length=1600|model=gtr,2,6,high,1600,gtr,0.98,False,3
ils=high|rep=02|length=1600|model=gtr,2,6,high,1600,gtr,1.0,False,4
ils=high|rep=02|length=1600|model=gtr,2,6,high,1600,gtr,1.0,True,2
ils=high|rep=02|length=1600|model=gtr,2,6,high,1600,gtr,1.0,False,2
ils=high|rep=02|length=1600|model=gtr,2,6,high,1600,gtr,0.987,False,7
ils=high|rep=02|length=1600|model=gtr,2,6,high,1600,gtr,1.0,True,7
ils=high|rep=02|length=1600|model=gtr,2,6,high,1600,gtr,1.0,False,2
ils=high|rep=02|length=1600|model=gtr,2,6,high,1600,gtr,1.0,False,5
ils=high|rep=02|length=1600|model=gtr,2,6,high,1600,gtr,1.0,True,2
ils=high|rep=02|length=1600|model=gtr,2,6,high,1600,gtr,0.751,False,3
ils=high|rep=02|length=1600|model=gtr,2,6,high,1600,gtr,1.0,True,2
ils=high|rep=02|length=1600|model=gtr,2,6,high,1600,gtr,1.0,True,7
ils=high|rep=02|length=1600|model=gtr,2,6,high,1600,gtr,1.0,True,2
ils=high|rep=02|length=1600|model=gtr,2,6,high,1600,gtr,1.0,True,5
ils=high|rep=02|length=1600|model=gtr,2,6,high,1600,gtr,0.999,True,4
ils=high|rep=02|length=1600|model=gtr,2,6,high,1600,gtr,1.0,True,3
ils=high|rep=02|length=1600|model=gtr,2,6,high,1600,gtr,0.998,False,2
ils=high|rep=02|length=1600|model=gtr,2,7,high,1600,gtr,0.977,False,2
ils=high|rep=02|length=1600|model=gtr,2,7,high,1600,gtr,0.943,False,3
ils=high|rep=02|length=1600|model=gtr,2,7,high,1600,gtr,1.0,True,6
ils=high|rep=02|length=1600|model=gtr,2,7,high,1600,gtr,1.0,True,5
ils=high|rep=02|length=1600|model=gtr,2,7,high,1600,gtr,0.98,False,3
ils=high|rep=02|length=1600|model=gtr,2,7,high,1600,gtr,1.0,True,2
ils=high|rep=02|length=1600|model=gtr,2,7,high,1600,gtr,1.0,True,2
ils=high|rep=02|length=1600|model=gtr,2,7,high,1600,gtr,0.495,False,9
ils=high|rep=02|length=1600|model=gtr,2,7,high,1600,gtr,1.0,True,3
ils=high|rep=02|length=1600|model=gtr,2,7,high,1600,gtr,0.908,False,2
ils=high|rep=02|length=1600|model=gtr,2,7,high,1600,gtr,0.986,True,9
ils=high|rep=02|length=1600|model=gtr,2,7,high,1600,gtr,1.0,False,2
ils=high|rep=02|length=1600|model=gtr,2,7,high,1600,gtr,0.998,False,7
ils=high|rep=02|length=1600|model=gtr,2,7,high,1600,gtr,1.0,False,2
ils=high|rep=02|length=1600|model=gtr,2,7,high,1600,gtr,0.863,False,5
ils=high|rep=02|length=1600|model=gtr,2,7,high,1600,gtr,1.0,True,4
ils=high|rep=02|length=1600|model=gtr,2,7,high,1600,gtr,1.0,False,3
ils=high|rep=02|length=1600|model=gtr,2,7,high,1600,gtr,0.772,True,2
ils=high|rep=02|length=1600|model=hky_g4,2,1,high,1600,hky_g4,0.333,False,8
ils=high|rep=02|length=1600|model=hky_g4,2,1,high,1600,hky_g4,0.832,True,6
ils=high|rep=02|length=1600|model=hky_g4,2,1,high,1600,hky_g4,0.987,True,3
ils=high|rep=02|length=1600|model=hky_g4,2,1,high,1600,hky_g4,1.0,True,2
ils=high|rep=02|length=1600|model=hky_g4,2,1,high,1600,hky_g4,1.0,True,3
ils=high|rep=02|length=1600|model=hky_g4,2,1,high,1600,hky_g4,0.333,False,2
ils=high|rep=02|length=1600|model=hky_g4,2,1,high,1600,hky_g4,1.0,True,2
ils=high|rep=02|length=1600|model=hky_g4,2,1,high,1600,hky_g4,1.0,True,9
ils=high|rep=02|length=1600|model=hky_g4,2,1,high,1600,hky_g4,0.997,True,9
ils=high|rep=02|length=1600|model=hky_g4,2,1,high,1600,hky_g4,1.0,True,8
ils=high|rep=02|length=1600|model=hky_g4,2,1,high,1600,hky_g4,1.0,True,7
ils=high|rep=02|length=1600|model=hky_g4,2,1,high,1600,hky_g4,0.845,True,5
ils=high|rep=02|length=1600|model=hky_g4,2,1,high,1600,hky_g4,1.0,True,2
ils=high|rep=02|length=1600|model=hky_g4,2,1,high,1600,hky_g4,0.866,True,3
ils=high|rep=02|length=1600|model=hky_g4,2,1,high,1600,hky_g4,0.77,True,2
ils=high|rep=02|length=1600|model=hky_g4,2,1,high,1600,hky_g4,1.0,True,2
ils=high|rep=02|length=1600|model=hky_g4,2,1,high,1600,hky_g4,1.0,True,3
ils=high|rep=02|length=1600|model=hky_g4,2,1,high,1600,hky_g4,0.403,True,2
ils=high|rep=02|length=1600|model=hky_g4,2,2,high,1600,hky_g4,0.997,True,2
ils=high|rep=02|length=1600|model=hky_g4,2,2,high,1600,hky_g4,0.655,False,3
ils=high|rep=02|length=1600|model=hky_g4,2,2,high,1600,hky_g4,0.333,False,4
ils=high|rep=02|length=1600|model=hky_g4,2,2,high,1600,hky_g4,0.864,False,7
ils=high|rep=02|length=1600|model=hky_g4,2,2,high,1600,hky_g4,1.0,True,9
ils=high|rep=02|length=1600|model=hky_g4,2,2,high,1600,hky_g4,0.674,True,10
ils=high|rep=02|length=1600|model=hky_g4,2,2,high,1600,hky_g4,0.999,True,3
ils=high|rep=02|length=1600|model=hky_g4,2,2,high,1600,hky_g4,1.0,True,2
ils=high|rep=02|length=1600|model=hky_g4,2,2,high,1600,hky_g4,1.0,True,8
ils=high|rep=02|length=1600|model=hky_g4,2,2,high,1600,hky_g4,1.0,True,3
ils=high|rep=02|length=1600|model=hky_g4,2,2,high,1600,hky_g4,0.787,True,2
ils=high|rep=02|length=1600|model=hky_g4,2,2,high,1600,hky_g4,1.0,True,5
ils=high|rep=02|length=1600|model=hky_g4,2,2,high,1600,hky_g4,1.0,True,4
ils=high|rep=02|length=1600|model=hky_g4,2,2,high,1600,hky_g4,0.528,True,3
ils=high|rep=02|length=1600|model=hky_g4,2,2,high,1600,hky_g4,0.433,False,2
ils=high|rep=02|length=1600|model=hky_g4,2,2,high,1600,hky_g4,0.999,True,2
ils=high|rep=02|length=1600|model=hky_g4,2,2,high,1600,hky_g4,1.0,True,3
ils=high|rep=02|length=1600|model=hky_g4,2,2,high,1600,hky_g4,1.0,True,2
ils=high|rep=02|length=1600|model=hky_g4,2,3,high,1600,hky_g4,1.0,True,2
ils=high|rep=02|length=1600|model=hky_g4,2,3,high,1600,hky_g4,1.0,True,4
ils=high|rep=02|length=1600|model=hky_g4,2,3,high,1600,hky_g4,1.0,True,2
ils=high|rep=02|length=1600|model=hky_g4,2,3,high,1600,hky_g4,1.0,True,2
ils=high|rep=02|length=1600|model=hky_g4,2,3,high,1600,hky_g4,0.805,True,6
ils=high|rep=02|length=1600|model=hky_g4,2,3,high,1600,hky_g4,0.34,True,7
ils=high|rep=02|length=1600|model=hky_g4,2,3,high,1600,hky_g4,1.0,True,3
ils=high|rep=02|length=1600|model=hky_g4,2,3,high,1600,hky_g4,0.95,True,2
ils=high|rep=02|length=1600|model=hky_g4,2,3,high,1600,hky_g4,1.0,True,10
ils=high|rep=02|length=1600|model=hky_g4,2,3,high,1600,hky_g4,1.0,True,9
ils=high|rep=02|length=1600|model=hky_g4,2,3,high,1600,hky_g4,0.999,True,3
ils=high|rep=02|length=1600|model=hky_g4,2,3,high,1600,hky_g4,1.0,True,2
ils=high|rep=02|length=1600|model=hky_g4,2,3,high,1600,hky_g4,1.0,True,6
ils=high|rep=02|length=1600|model=hky_g4,2,3,high,1600,hky_g4,1.0,True,3
ils=high|rep=02|length=1600|model=hky_g4,2,3,high,1600,hky_g4,1.0,True,2
ils=high|rep=02|length=1600|model=hky_g4,2,3,high,1600,hky_g4,0.657,False,3
ils=high|rep=02|length=1600|model=hky_g4,2,3,high,1600,hky_g4,1.0,True,2
ils=high|rep=02|length=1600|model=hky_g4,2,3,high,1600,hky_g4,1.0,True,2
ils=high|rep=02|length=1600|model=hky_g4,2,4,high,1600,hky_g4,1.0,True,10
ils=high|rep=02|length=1600|model=hky_g4,2,4,high,1600,hky_g4,1.0,True,3
ils=high|rep=02|length=1600|model=hky_g4,2,4,high,1600,hky_g4,1.0,True,2
ils=high|rep=02|length=1600|model=hky_g4,2,4,high,1600,hky_g4,0.38,True,7
ils=high|rep=02|length=1600|model=hky_g4,2,4,high,1600,hky_g4,0.602,True,2
ils=high|rep=02|length=1600|model=hky_g4,2,4,high,1600,hky_g4,0.966,True,5
ils=high|rep=02|length=1600|model=hky_g4,2,4,high,1600,hky_g4,0.874,True,4
ils=high|rep=02|length=1600|model=hky_g4,2,4,high,1600,hky_g4,0.988,True,2
ils=high|rep=02|length=1600|model=hky_g4,2,4,high,1600,hky_g4,1.0,True,2
ils=high|rep=02|length=1600|model=hky_g4,2,4,high,1600,hky_g4,1.0,True,10
ils=high|rep=02|length=1600|model=hky_g4,2,4,high,1600,hky_g4,0.714,True,9
ils=high|rep=02|length=1600|model=hky_g4,2,4,high,1600,hky_g4,1.0,True,6
ils=high|rep=02|length=1600|model=hky_g4,2,4,high,1600,hky_g4,0.995,True,5
ils=high|rep=02|length=1600|model=hky_g4,2,4,high,1600,hky_g4,0.999,True,4
ils=high|rep=02|length=1600|model=hky_g4,2,4,high,1600,hky_g4,0.465,False,3
ils=high|rep=02|length=1600|model=hky_g4,2,4,high,1600,hky_g4,1.0,True,2
ils=high|rep=02|length=1600|model=hky_g4,2,4,high,1600,hky_g4,1.0,True,3
ils=high|rep=02|length=1600|model=hky_g4,2,4,high,1600,hky_g4,0.791,True,2
ils=high|rep=02|length=1600|model=hky_g4,2,5,high,1600,hky_g4,0.99,True,2
ils=high|rep=02|length=1600|model=hky_g4,2,5,high,1600,hky_g4,0.399,True,3
ils=high|rep=02|length=1600|model=hky_g4,2,5,high,1600,hky_g4,0.943,True,4
ils=high|rep=02|length=1600|model=hky_g4,2,5,high,1600,hky_g4,1.0,True,5
ils=high|rep=02|length=1600|model=hky_g4,2,5,high,1600,hky_g4,0.883,True,8
ils=high|rep=02|length=1600|model=hky_g4,2,5,high,1600,hky_g4,0.763,False,10
ils=high|rep=02|length=1600|model=hky_g4,2,5,high,1600,hky_g4,1.0,True,4
ils=high|rep=02|length=1600|model=hky_g4,2,5,high,1600,hky_g4,1.0,True,2
ils=high|rep=02|length=1600|model=hky_g4,2,5,high,1600,hky_g4,1.0,True,2
ils=high|rep=02|length=1600|model=hky_g4,2,5,high,1600,hky_g4,0.393,False,7
ils=high|rep=02|length=1600|model=hky_g4,2,5,high,1600,hky_g4,1.0,True,6
ils=high|rep=02|length=1600|model=hky_g4,2,5,high,1600,hky_g4,0.999,True,5
ils=high|rep=02|length=1600|model=hky_g4,2,5,high,1600,hky_g4,0.367,True,4
ils=high|rep=02|length=1600|model=hky_g4,2,5,high,1600,hky_g4,0.997,True,3
ils=high|rep=02|length=1600|model=hky_g4,2,5,high,1600,hky_g4,1.0,True,2
ils=high|rep=02|length=1600|model=hky_g4,2,5,high,1600,hky_g4,0.993,True,2
ils=high|rep=02|length=1600|model=hky_g4,2,5,high,1600,hky_g4,1.0,True,3
ils=high|rep=02|length=1600|model=hky_g4,2,5,high,1600,hky_g4,1.0,True,2
ils=high|rep=02|length=1600|model=hky_g4,2,6,high,1600,hky_g4,0.436,False,3
ils=high|rep=02|length=1600|model=hky_g4,2,6,high,1600,hky_g4,0.57,False,5
ils=high|rep=02|length=1600|model=hky_g4,2,6,high,1600,hky_g4,0.366,False,6
ils=high|rep=02|length=1600|model=hky_g4,2,6,high,1600,hky_g4,0.997,True,7
ils=high|rep=02|length=1600|model=hky_g4,2,6,high,1600,hky_g4,0.339,True,6
ils=high|rep=02|length=1600|model=hky_g4,2,6,high,1600,hky_g4,0.958,False,5
ils=high|rep=02|length=1600|model=hky_g4,2,6,high,1600,hky_g4,1.0,True,2
ils=high|rep=02|length=1600|model=hky_g4,2,6,high,1600,hky_g4,0.333,False,3
ils=high|rep=02|length=1600|model=hky_g4,2,6,high,1600,hky_g4,0.996,True,2
ils=high|rep=02|length=1600|model=hky_g4,2,6,high,1600,hky_g4,0.993,True,8
ils=high|rep=02|length=1600|model=hky_g4,2,6,high,1600,hky_g4,0.978,True,7
ils=high|rep=02|length=1600|model=hky_g4,2,6,high,1600,hky_g4,1.0,True,2
ils=high|rep=02|length=1600|model=hky_g4,2,6,high,1600,hky_g4,1.0,True,5
ils=high|rep=02|length=1600|model=hky_g4,2,6,high,1600,hky_g4,0.96,True,4
ils=high|rep=02|length=1600|model=hky_g4,2,6,high,1600,hky_g4,1.0,True,3
ils=high|rep=02|length=1600|model=hky_g4,2,6,high,1600,hky_g4,0.525,False,2
ils=high|rep=02|length=1600|model=hky_g4,2,6,high,1600,hky_g4,0.333,False,2
ils=high|rep=02|length=1600|model=hky_g4,2,6,high,1600,hky_g4,1.0,True,2
ils=high|rep=02|length=1600|model=hky_g4,2,7,high,1600,hky_g4,0.987,True,6
ils=high|rep=02|length=1600|model=hky_g4,2,7,high,1600,hky_g4,0.998,True,5
ils=high|rep=02|length=1600|model=hky_g4,2,7,high,1600,hky_g4,0.883,False,3
ils=high|rep=02|length=1600|model=hky_g4,2,7,high,1600,hky_g4,1.0,True,2
ils=high|rep=02|length=1600|model=hky_g4,2,7,high,1600,hky_g4,1.0,True,2
ils=high|rep=02|length=1600|model=hky_g4,2,7,high,1600,hky_g4,0.994,True,7
ils=high|rep=02|length=1600|model=hky_g4,2,7,high,1600,hky_g4,0.494,True,5
ils=high|rep=02|length=1600|model=hky_g4,2,7,high,1600,hky_g4,1.0,True,3
ils=high|rep=02|length=1600|model=hky_g4,2,7,high,1600,hky_g4,0.853,True,2
ils=high|rep=02|length=1600|model=hky_g4,2,7,high,1600,hky_g4,1.0,True,2
ils=high|rep=02|length=1600|model=hky_g4,2,7,high,1600,hky_g4,0.792,True,9
ils=high|rep=02|length=1600|model=hky_g4,2,7,high,1600,hky_g4,0.395,False,3
ils=high|rep=02|length=1600|model=hky_g4,2,7,high,1600,hky_g4,1.0,True,2
ils=high|rep=02|length=1600|model=hky_g4,2,7,high,1600,hky_g4,0.886,True,6
ils=high|rep=02|length=1600|model=hky_g4,2,7,high,1600,hky_g4,1.0,True,4
ils=high|rep=02|length=1600|model=hky_g4,2,7,high,1600,hky_g4,0.938,True,2
ils=high|rep=02|length=1600|model=hky_g4,2,7,high,1600,hky_g4,0.592,True,2
ils=high|rep=02|length=1600|model=hky_g4,2,7,high,1600,hky_g4,0.908,True,2
ils=high|rep=02|length=1600|model=hky,2,1,high,1600,hky,0.942,True,3
ils=high|rep=02|length=1600|model=hky,2,1,high,1600,hky,0.776,True,6
ils=high|rep=02|length=1600|model=hky,2,1,high,1600,hky,0.955,False,4
ils=high|rep=02|length=1600|model=hky,2,1,high,1600,hky,1.0,True,3
ils=high|rep=02|length=1600|model=hky,2,1,high,1600,hky,0.999,True,2
ils=high|rep=02|length=1600|model=hky,2,1,high,1600,hky,1.0,True,2
ils=high|rep=02|length=1600|model=hky,2,1,high,1600,hky,1.0,True,9
ils=high|rep=02|length=1600|model=hky,2,1,high,1600,hky,0.986,False,10
ils=high|rep=02|length=1600|model=hky,2,1,high,1600,hky,1.0,True,9
ils=high|rep=02|length=1600|model=hky,2,1,high,1600,hky,1.0,True,8
ils=high|rep=02|length=1600|model=hky,2,1,high,1600,hky,1.0,True,7
ils=high|rep=02|length=1600|model=hky,2,1,high,1600,hky,1.0,True,2
ils=high|rep=02|length=1600|model=hky,2,1,high,1600,hky,0.994,False,5
ils=high|rep=02|length=1600|model=hky,2,1,high,1600,hky,0.999,True,3
ils=high|rep=02|length=1600|model=hky,2,1,high,1600,hky,0.928,False,2
ils=high|rep=02|length=1600|model=hky,2,1,high,1600,hky,1.0,True,2
ils=high|rep=02|length=1600|model=hky,2,1,high,1600,hky,1.0,False,2
ils=high|rep=02|length=1600|model=hky,2,1,high,1600,hky,1.0,True,2
ils=high|rep=02|length=1600|model=hky,2,2,high,1600,hky,0.603,True,2
ils=high|rep=02|length=1600|model=hky,2,2,high,1600,hky,1.0,False,3
ils=high|rep=02|length=1600|model=hky,2,2,high,1600,hky,0.703,False,4
ils=high|rep=02|length=1600|model=hky,2,2,high,1600,hky,0.959,False,7
ils=high|rep=02|length=1600|model=hky,2,2,high,1600,hky,1.0,True,9
ils=high|rep=02|length=1600|model=hky,2,2,high,1600,hky,1.0,False,4
ils=high|rep=02|length=1600|model=hky,2,2,high,1600,hky,1.0,True,3
ils=high|rep=02|length=1600|model=hky,2,2,high,1600,hky,1.0,True,2
ils=high|rep=02|length=1600|model=hky,2,2,high,1600,hky,1.0,True,8
ils=high|rep=02|length=1600|model=hky,2,2,high,1600,hky,1.0,True,3
ils=high|rep=02|length=1600|model=hky,2,2,high,1600,hky,0.683,True,2
ils=high|rep=02|length=1600|model=hky,2,2,high,1600,hky,1.0,True,5
ils=high|rep=02|length=1600|model=hky,2,2,high,1600,hky,1.0,True,4
ils=high|rep=02|length=1600|model=hky,2,2,high,1600,hky,0.874,False,2
ils=high|rep=02|length=1600|model=hky,2,2,high,1600,hky,0.99,True,2
ils=high|rep=02|length=1600|model=hky,2,2,high,1600,hky,1.0,True,2
ils=high|rep=02|length=1600|model=hky,2,2,high,1600,hky,1.0,True,3
ils=high|rep=02|length=1600|model=hky,2,2,high,1600,hky,1.0,True,2
ils=high|rep=02|length=1600|model=hky,2,3,high,1600,hky,1.0,True,2
ils=high|rep=02|length=1600|model=hky,2,3,high,1600,hky,0.976,False,3
ils=high|rep=02|length=1600|model=hky,2,3,high,1600,hky,1.0,True,4
ils=high|rep=02|length=1600|model=hky,2,3,high,1600,hky,1.0,True,2
ils=high|rep=02|length=1600|model=hky,2,3,high,1600,hky,1.0,True,2
ils=high|rep=02|length=1600|model=hky,2,3,high,1600,hky,1.0,True,7
ils=high|rep=02|length=1600|model=hky,2,3,high,1600,hky,1.0,True,3
ils=high|rep=02|length=1600|model=hky,2,3,high,1600,hky,1.0,True,2
ils=high|rep=02|length=1600|model=hky,2,3,high,1600,hky,1.0,True,10
ils=high|rep=02|length=1600|model=hky,2,3,high,1600,hky,1.0,True,9
ils=high|rep=02|length=1600|model=hky,2,3,high,1600,hky,1.0,True,3
ils=high|rep=02|length=1600|model=hky,2,3,high,1600,hky,1.0,True,2
ils=high|rep=02|length=1600|model=hky,2,3,high,1600,hky,1.0,True,6
ils=high|rep=02|length=1600|model=hky,2,3,high,1600,hky,1.0,True,3
ils=high|rep=02|length=1600|model=hky,2,3,high,1600,hky,1.0,True,2
ils=high|rep=02|length=1600|model=hky,2,3,high,1600,hky,0.975,False,3
ils=high|rep=02|length=1600|model=hky,2,3,high,1600,hky,1.0,True,2
ils=high|rep=02|length=1600|model=hky,2,3,high,1600,hky,1.0,True,2
ils=high|rep=02|length=1600|model=hky,2,4,high,1600,hky,1.0,True,10
ils=high|rep=02|length=1600|model=hky,2,4,high,1600,hky,0.927,False,9
ils=high|rep=02|length=1600|model=hky,2,4,high,1600,hky,0.878,False,8
ils=high|rep=02|length=1600|model=hky,2,4,high,1600,hky,1.0,True,3
ils=high|rep=02|length=1600|model=hky,2,4,high,1600,hky,1.0,True,2
ils=high|rep=02|length=1600|model=hky,2,4,high,1600,hky,0.998,True,5
ils=high|rep=02|length=1600|model=hky,2,4,high,1600,hky,0.997,True,4
ils=high|rep=02|length=1600|model=hky,2,4,high,1600,hky,1.0,True,2
ils=high|rep=02|length=1600|model=hky,2,4,high,1600,hky,1.0,True,2
ils=high|rep=02|length=1600|model=hky,2,4,high,1600,hky,1.0,True,10
ils=high|rep=02|length=1600|model=hky,2,4,high,1600,hky,0.999,True,9
ils=high|rep=02|length=1600|model=hky,2,4,high,1600,hky,1.0,True,6
ils=high|rep=02|length=1600|model=hky,2,4,high,1600,hky,0.889,True,5
ils=high|rep=02|length=1600|model=hky,2,4,high,1600,hky,1.0,True,4
ils=high|rep=02|length=1600|model=hky,2,4,high,1600,hky,0.996,False,3
ils=high|rep=02|length=1600|model=hky,2,4,high,1600,hky,1.0,True,2
ils=high|rep=02|length=1600|model=hky,2,4,high,1600,hky,1.0,True,3
ils=high|rep=02|length=1600|model=hky,2,4,high,1600,hky,0.88,True,2
ils=high|rep=02|length=1600|model=hky,2,5,high,1600,hky,1.0,True,2
ils=high|rep=02|length=1600|model=hky,2,5,high,1600,hky,0.993,True,3
ils=high|rep=02|length=1600|model=hky,2,5,high,1600,hky,1.0,True,4
ils=high|rep=02|length=1600|model=hky,2,5,high,1600,hky,0.912,False,7
ils=high|rep=02|length=1600|model=hky,2,5,high,1600,hky,0.997,False,8
ils=high|rep=02|length=1600|model=hky,2,5,high,1600,hky,0.999,False,9
ils=high|rep=02|length=1600|model=hky,2,5,high,1600,hky,1.0,False,6
ils=high|rep=02|length=1600|model=hky,2,5,high,1600,hky,1.0,False,3
ils=high|rep=02|length=1600|model=hky,2,5,high,1600,hky,1.0,True,2
ils=high|rep=02|length=1600|model=hky,2,5,high,1600,hky,0.991,False,3
ils=high|rep=02|length=1600|model=hky,2,5,high,1600,hky,1.0,True,2
ils=high|rep=02|length=1600|model=hky,2,5,high,1600,hky,1.0,True,6
ils=high|rep=02|length=1600|model=hky,2,5,high,1600,hky,1.0,True,5
ils=high|rep=02|length=1600|model=hky,2,5,high,1600,hky,0.85,False,2
ils=high|rep=02|length=1600|model=hky,2,5,high,1600,hky,0.999,True,3
ils=high|rep=02|length=1600|model=hky,2,5,high,1600,hky,1.0,True,2
ils=high|rep=02|length=1600|model=hky,2,5,high,1600,hky,1.0,True,3
ils=high|rep=02|length=1600|model=hky,2,5,high,1600,hky,1.0,True,2
ils=high|rep=02|length=1600|model=hky,2,6,high,1600,hky,0.919,False,2
ils=high|rep=02|length=1600|model=hky,2,6,high,1600,hky,0.984,False,3
ils=high|rep=02|length=1600|model=hky,2,6,high,1600,hky,1.0,False,4
ils=high|rep=02|length=1600|model=hky,2,6,high,1600,hky,1.0,True,2
ils=high|rep=02|length=1600|model=hky,2,6,high,1600,hky,1.0,False,2
ils=high|rep=02|length=1600|model=hky,2,6,high,1600,hky,0.985,False,7
ils=high|rep=02|length=1600|model=hky,2,6,high,1600,hky,1.0,True,7
ils=high|rep=02|length=1600|model=hky,2,6,high,1600,hky,1.0,False,2
ils=high|rep=02|length=1600|model=hky,2,6,high,1600,hky,1.0,False,5
ils=high|rep=02|length=1600|model=hky,2,6,high,1600,hky,1.0,True,2
ils=high|rep=02|length=1600|model=hky,2,6,high,1600,hky,0.748,False,3
ils=high|rep=02|length=1600|model=hky,2,6,high,1600,hky,1.0,True,2
ils=high|rep=02|length=1600|model=hky,2,6,high,1600,hky,1.0,True,7
ils=high|rep=02|length=1600|model=hky,2,6,high,1600,hky,1.0,True,2
ils=high|rep=02|length=1600|model=hky,2,6,high,1600,hky,1.0,True,5
ils=high|rep=02|length=1600|model=hky,2,6,high,1600,hky,0.999,True,4
ils=high|rep=02|length=1600|model=hky,2,6,high,1600,hky,1.0,True,3
ils=high|rep=02|length=1600|model=hky,2,6,high,1600,hky,0.998,False,2
ils=high|rep=02|length=1600|model=hky,2,7,high,1600,hky,0.949,False,2
ils=high|rep=02|length=1600|model=hky,2,7,high,1600,hky,0.944,False,3
ils=high|rep=02|length=1600|model=hky,2,7,high,1600,hky,1.0,True,6
ils=high|rep=02|length=1600|model=hky,2,7,high,1600,hky,1.0,True,5
ils=high|rep=02|length=1600|model=hky,2,7,high,1600,hky,0.974,False,3
ils=high|rep=02|length=1600|model=hky,2,7,high,1600,hky,1.0,True,2
ils=high|rep=02|length=1600|model=hky,2,7,high,1600,hky,1.0,True,2
ils=high|rep=02|length=1600|model=hky,2,7,high,1600,hky,0.536,False,9
ils=high|rep=02|length=1600|model=hky,2,7,high,1600,hky,1.0,True,3
ils=high|rep=02|length=1600|model=hky,2,7,high,1600,hky,0.928,False,2
ils=high|rep=02|length=1600|model=hky,2,7,high,1600,hky,0.99,True,9
ils=high|rep=02|length=1600|model=hky,2,7,high,1600,hky,1.0,False,2
ils=high|rep=02|length=1600|model=hky,2,7,high,1600,hky,0.998,False,7
ils=high|rep=02|length=1600|model=hky,2,7,high,1600,hky,1.0,False,2
ils=high|rep=02|length=1600|model=hky,2,7,high,1600,hky,0.88,False,5
ils=high|rep=02|length=1600|model=hky,2,7,high,1600,hky,1.0,True,4
ils=high|rep=02|length=1600|model=hky,2,7,high,1600,hky,1.0,False,3
ils=high|rep=02|length=1600|model=hky,2,7,high,1600,hky,0.86,True,2
ils=high|rep=02|length=1600|model=jc,2,1,high,1600,jc,0.963,True,3
ils=high|rep=02|length=1600|model=jc,2,1,high,1600,jc,0.979,True,6
ils=high|rep=02|length=1600|model=jc,2,1,high,1600,jc,0.716,False,4
ils=high|rep=02|length=1600|model=jc,2,1,high,1600,jc,1.0,True,3
ils=high|rep=02|length=1600|model=jc,2,1,high,1600,jc,1.0,True,2
ils=high|rep=02|length=1600|model=jc,2,1,high,1600,jc,1.0,True,2
ils=high|rep=02|length=1600|model=jc,2,1,high,1600,jc,1.0,True,9
ils=high|rep=02|length=1600|model=jc,2,1,high,1600,jc,1.0,True,9
ils=high|rep=02|length=1600|model=jc,2,1,high,1600,jc,1.0,True,8
ils=high|rep=02|length=1600|model=jc,2,1,high,1600,jc,0.998,True,7
ils=high|rep=02|length=1600|model=jc,2,1,high,1600,jc,1.0,True,2
ils=high|rep=02|length=1600|model=jc,2,1,high,1600,jc,0.978,False,5
ils=high|rep=02|length=1600|model=jc,2,1,high,1600,jc,1.0,True,3
ils=high|rep=02|length=1600|model=jc,2,1,high,1600,jc,0.712,False,2
ils=high|rep=02|length=1600|model=jc,2,1,high,1600,jc,1.0,True,2
ils=high|rep=02|length=1600|model=jc,2,1,high,1600,jc,0.934,True,3
ils=high|rep=02|length=1600|model=jc,2,1,high,1600,jc,0.997,False,2
ils=high|rep=02|length=1600|model=jc,2,1,high,1600,jc,1.0,True,2
ils=high|rep=02|length=1600|model=jc,2,2,high,1600,jc,0.643,True,2
ils=high|rep=02|length=1600|model=jc,2,2,high,1600,jc,1.0,False,3
ils=high|rep=02|length=1600|model=jc,2,2,high,1600,jc,0.733,False,4
ils=high|rep=02|length=1600|model=jc,2,2,high,1600,jc,0.798,False,7
ils=high|rep=02|length=1600|model=jc,2,2,high,1600,jc,1.0,True,9
ils=high|rep=02|length=1600|model=jc,2,2,high,1600,jc,1.0,False,4
ils=high|rep=02|length=1600|model=jc,2,2,high,1600,jc,1.0,True,3
ils=high|rep=02|length=1600|model=jc,2,2,high,1600,jc,1.0,True,2
ils=high|rep=02|length=1600|model=jc,2,2,high,1600,jc,1.0,True,8
ils=high|rep=02|length=1600|model=jc,2,2,high,1600,jc,1.0,True,3
ils=high|rep=02|length=1600|model=jc,2,2,high,1600,jc,0.831,True,2
ils=high|rep=02|length=1600|model=jc,2,2,high,1600,jc,1.0,True,5
ils=high|rep=02|length=1600|model=jc,2,2,high,1600,jc,1.0,True,4
ils=high|rep=02|length=1600|model=jc,2,2,high,1600,jc,0.948,False,2
ils=high|rep=02|length=1600|model=jc,2,2,high,1600,jc,0.994,True,2
ils=high|rep=02|length=1600|model=jc,2,2,high,1600,jc,1.0,True,2
ils=high|rep=02|length=1600|model=jc,2,2,high,1600,jc,1.0,True,3
ils=high|rep=02|length=1600|model=jc,2,2,high,1600,jc,1.0,True,2
ils=high|rep=02|length=1600|model=jc,2,3,high,1600,jc,1.0,True,2
ils=high|rep=02|length=1600|model=jc,2,3,high,1600,jc,1.0,True,4
ils=high|rep=02|length=1600|model=jc,2,3,high,1600,jc,1.0,True,2
ils=high|rep=02|length=1600|model=jc,2,3,high,1600,jc,1.0,True,2
ils=high|rep=02|length=1600|model=jc,2,3,high,1600,jc,0.836,True,6
ils=high|rep=02|length=1600|model=jc,2,3,high,1600,jc,0.988,True,7
ils=high|rep=02|length=1600|model=jc,2,3,high,1600,jc,1.0,True,3
ils=high|rep=02|length=1600|model=jc,2,3,high,1600,jc,1.0,True,2
ils=high|rep=02|length=1600|model=jc,2,3,high,1600,jc,1.0,True,10
ils=high|rep=02|length=1600|model=jc,2,3,high,1600,jc,1.0,True,9
ils=high|rep=02|length=1600|model=jc,2,3,high,1600,jc,1.0,True,3
ils=high|rep=02|length=1600|model=jc,2,3,high,1600,jc,1.0,True,2
ils=high|rep=02|length=1600|model=jc,2,3,high,1600,jc,1.0,True,6
ils=high|rep=02|length=1600|model=jc,2,3,high,1600,jc,1.0,True,3
ils=high|rep=02|length=1600|model=jc,2,3,high,1600,jc,1.0,True,2
ils=high|rep=02|length=1600|model=jc,2,3,high,1600,jc,0.991,False,3
ils=high|rep=02|length=1600|model=jc,2,3,high,1600,jc,1.0,True,2
ils=high|rep=02|length=1600|model=jc,2,3,high,1600,jc,1.0,True,2
ils=high|rep=02|length=1600|model=jc,2,4,high,1600,jc,1.0,True,10
ils=high|rep=02|length=1600|model=jc,2,4,high,1600,jc,0.582,False,9
ils=high|rep=02|length=1600|model=jc,2,4,high,1600,jc,0.956,False,8
ils=high|rep=02|length=1600|model=jc,2,4,high,1600,jc,1.0,True,3
ils=high|rep=02|length=1600|model=jc,2,4,high,1600,jc,1.0,True,2
ils=high|rep=02|length=1600|model=jc,2,4,high,1600,jc,0.994,True,5
ils=high|rep=02|length=1600|model=jc,2,4,high,1600,jc,0.999,True,4
ils=high|rep=02|length=1600|model=jc,2,4,high,1600,jc,1.0,True,2
ils=high|rep=02|length=1600|model=jc,2,4,high,1600,jc,1.0,True,2
ils=high|rep=02|length=1600|model=jc,2,4,high,1600,jc,1.0,True,10
ils=high|rep=02|length=1600|model=jc,2,4,high,1600,jc,0.999,True,9
ils=high|rep=02|length=1600|model=jc,2,4,high,1600,jc,1.0,True,6
ils=high|rep=02|length=1600|model=jc,2,4,high,1600,jc,0.979,True,5
ils=high|rep=02|length=1600|model=jc,2,4,high,1600,jc,1.0,True,4
ils=high|rep=02|length=1600|model=jc,2,4,high,1600,jc,0.993,False,3
ils=high|rep=02|length=1600|model=jc,2,4,high,1600,jc,1.0,True,2
ils=high|rep=02|length=1600|model=jc,2,4,high,1600,jc,1.0,True,3
ils=high|rep=02|length=1600|model=jc,2,4,high,1600,jc,0.966,True,2
ils=high|rep=02|length=1600|model=jc,2,5,high,1600,jc,1.0,True,2
ils=high|rep=02|length=1600|model=jc,2,5,high,1600,jc,1.0,True,3
ils=high|rep=02|length=1600|model=jc,2,5,high,1600,jc,1.0,True,4
ils=high|rep=02|length=1600|model=jc,2,5,high,1600,jc,0.982,False,5
ils=high|rep=02|length=1600|model=jc,2,5,high,1600,jc,1.0,False,8
ils=high|rep=02|length=1600|model=jc,2,5,high,1600,jc,1.0,False,5
ils=high|rep=02|length=1600|model=jc,2,5,high,1600,jc,1.0,True,2
ils=high|rep=02|length=1600|model=jc,2,5,high,1600,jc,0.993,False,3
ils=high|rep=02|length=1600|model=jc,2,5,high,1600,jc,1.0,True,2
ils=high|rep=02|length=1600|model=jc,2,5,high,1600,jc,0.82,False,8
ils=high|rep=02|length=1600|model=jc,2,5,high,1600,jc,1.0,False,2
ils=high|rep=02|length=1600|model=jc,2,5,high,1600,jc,1.0,True,6
ils=high|rep=02|length=1600|model=jc,2,5,high,1600,jc,1.0,True,5
ils=high|rep=02|length=1600|model=jc,2,5,high,1600,jc,0.724,True,4
ils=high|rep=02|length=1600|model=jc,2,5,high,1600,jc,0.902,True,3
ils=high|rep=02|length=1600|model=jc,2,5,high,1600,jc,1.0,True,2
ils=high|rep=02|length=1600|model=jc,2,5,high,1600,jc,1.0,True,3
ils=high|rep=02|length=1600|model=jc,2,5,high,1600,jc,1.0,True,2
ils=high|rep=02|length=1600|model=jc,2,6,high,1600,jc,0.94,False,2
ils=high|rep=02|length=1600|model=jc,2,6,high,1600,jc,0.998,False,3
ils=high|rep=02|length=1600|model=jc,2,6,high,1600,jc,1.0,False,4
ils=high|rep=02|length=1600|model=jc,2,6,high,1600,jc,1.0,True,2
ils=high|rep=02|length=1600|model=jc,2,6,high,1600,jc,1.0,False,2
ils=high|rep=02|length=1600|model=jc,2,6,high,1600,jc,0.979,False,7
ils=high|rep=02|length=1600|model=jc,2,6,high,1600,jc,1.0,True,7
ils=high|rep=02|length=1600|model=jc,2,6,high,1600,jc,1.0,False,2
ils=high|rep=02|length=1600|model=jc,2,6,high,1600,jc,1.0,False,5
ils=high|rep=02|length=1600|model=jc,2,6,high,1600,jc,1.0,True,2
ils=high|rep=02|length=1600|model=jc,2,6,high,1600,jc,0.857,False,3
ils=high|rep=02|length=1600|model=jc,2,6,high,1600,jc,1.0,True,2
ils=high|rep=02|length=1600|model=jc,2,6,high,1600,jc,1.0,True,7
ils=high|rep=02|length=1600|model=jc,2,6,high,1600,jc,1.0,True,2
ils=high|rep=02|length=1600|model=jc,2,6,high,1600,jc,1.0,True,5
ils=high|rep=02|length=1600|model=jc,2,6,high,1600,jc,0.996,True,4
ils=high|rep=02|length=1600|model=jc,2,6,high,1600,jc,1.0,True,3
ils=high|rep=02|length=1600|model=jc,2,6,high,1600,jc,0.999,False,2
ils=high|rep=02|length=1600|model=jc,2,7,high,1600,jc,0.903,False,2
ils=high|rep=02|length=1600|model=jc,2,7,high,1600,jc,0.964,False,3
ils=high|rep=02|length=1600|model=jc,2,7,high,1600,jc,1.0,True,6
ils=high|rep=02|length=1600|model=jc,2,7,high,1600,jc,1.0,True,5
ils=high|rep=02|length=1600|model=jc,2,7,high,1600,jc,0.961,False,3
ils=high|rep=02|length=1600|model=jc,2,7,high,1600,jc,1.0,True,2
ils=high|rep=02|length=1600|model=jc,2,7,high,1600,jc,1.0,True,2
ils=high|rep=02|length=1600|model=jc,2,7,high,1600,jc,0.703,False,9
ils=high|rep=02|length=1600|model=jc,2,7,high,1600,jc,1.0,True,3
ils=high|rep=02|length=1600|model=jc,2,7,high,1600,jc,0.986,False,2
ils=high|rep=02|length=1600|model=jc,2,7,high,1600,jc,0.999,True,9
ils=high|rep=02|length=1600|model=jc,2,7,high,1600,jc,1.0,False,2
ils=high|rep=02|length=1600|model=jc,2,7,high,1600,jc,0.999,False,7
ils=high|rep=02|length=1600|model=jc,2,7,high,1600,jc,1.0,False,2
ils=high|rep=02|length=1600|model=jc,2,7,high,1600,jc,0.965,False,5
ils=high|rep=02|length=1600|model=jc,2,7,high,1600,jc,1.0,True,4
ils=high|rep=02|length=1600|model=jc,2,7,high,1600,jc,1.0,False,3
ils=high|rep=02|length=1600|model=jc,2,7,high,1600,jc,0.825,True,2
